1.778609007596969604e-01
1.468891799449920654e-01
1.228597760200500488e-01
1.121999770402908325e-01
1.014352887868881226e-01
9.051609039306640625e-02
8.551597595214843750e-02
8.037722110748291016e-02
6.492765247821807861e-02
6.828590482473373413e-02
5.743588134646415710e-02
5.675960332155227661e-02
4.965018481016159058e-02
4.500135406851768494e-02
4.197578877210617065e-02
4.916321858763694763e-02
3.856667131185531616e-02
3.539760038256645203e-02
4.149680584669113159e-02
4.576311632990837097e-02
4.431425034999847412e-02
2.741716802120208740e-02
2.781052142381668091e-02
4.085944220423698425e-02
3.949719667434692383e-02
3.679263964295387268e-02
3.468033671379089355e-02
4.346815869212150574e-02
3.784336522221565247e-02
3.228186815977096558e-02
3.997590392827987671e-02
2.867415361106395721e-02
3.961724787950515747e-02
3.209417313337326050e-02
2.509954571723937988e-02
3.691349551081657410e-02
2.755789458751678467e-02
2.922320179641246796e-02
2.908340655267238617e-02
3.421196714043617249e-02
3.313247859477996826e-02
2.961993776261806488e-02
2.773843333125114441e-02
3.350637108087539673e-02
3.011835180222988129e-02
2.897811494767665863e-02
3.319628536701202393e-02
2.874827757477760315e-02
2.355521544814109802e-02
3.115503489971160889e-02
3.201168030500411987e-02
2.920917235314846039e-02
2.788193896412849426e-02
3.407795354723930359e-02
3.325189650058746338e-02
3.194041550159454346e-02
3.434194624423980713e-02
2.299979887902736664e-02
3.027767315506935120e-02
3.245835006237030029e-02
3.001893684267997742e-02
2.217448875308036804e-02
2.712049894034862518e-02
2.792398259043693542e-02
2.574155293405056000e-02
2.268704399466514587e-02
2.860704809427261353e-02
2.871471270918846130e-02
3.311091661453247070e-02
2.502898871898651123e-02
3.019856661558151245e-02
3.051853924989700317e-02
2.960390225052833557e-02
2.701886557042598724e-02
2.273084037005901337e-02
2.771634981036186218e-02
2.670839428901672363e-02
2.616003155708312988e-02
3.092883341014385223e-02
2.779919654130935669e-02
2.871508151292800903e-02
2.770951390266418457e-02
2.935542166233062744e-02
2.053663693368434906e-02
2.504148706793785095e-02
2.861978113651275635e-02
1.802305132150650024e-02
2.607749961316585541e-02
2.393492683768272400e-02
2.408837340772151947e-02
2.166905999183654785e-02
2.488486468791961670e-02
2.289250120520591736e-02
2.399210259318351746e-02
2.449527382850646973e-02
2.420484274625778198e-02
2.067430876195430756e-02
2.315112575888633728e-02
2.018502727150917053e-02
2.752900682389736176e-02
2.453642152249813080e-02
2.579978667199611664e-02
3.538096696138381958e-02
2.663784846663475037e-02
2.735471725463867188e-02
2.732498012483119965e-02
2.485376596450805664e-02
2.799997851252555847e-02
2.758471667766571045e-02
2.186463773250579834e-02
2.483117952942848206e-02
2.679110318422317505e-02
2.797340601682662964e-02
3.020343743264675140e-02
2.230017445981502533e-02
1.887288689613342285e-02
2.548798918724060059e-02
2.505233883857727051e-02
2.352798730134963989e-02
2.039186842739582062e-02
2.437357231974601746e-02
2.584536373615264893e-02
2.948107197880744934e-02
2.094807289540767670e-02
2.549239620566368103e-02
2.491127513349056244e-02
2.450986951589584351e-02
2.070339769124984741e-02
2.614177577197551727e-02
2.544160746037960052e-02
2.530558407306671143e-02
2.357222512364387512e-02
2.920223399996757507e-02
2.165964059531688690e-02
2.086271345615386963e-02
2.054256200790405273e-02
2.543921768665313721e-02
2.314579486846923828e-02
2.411326393485069275e-02
1.912989094853401184e-02
1.870753243565559387e-02
2.133021317422389984e-02
2.600692957639694214e-02
2.334344014525413513e-02
2.363505586981773376e-02
2.408393472433090210e-02
2.252561599016189575e-02
2.688617072999477386e-02
2.594934403896331787e-02
2.329242974519729614e-02
1.992202363908290863e-02
2.274682000279426575e-02
2.591013163328170776e-02
1.994805783033370972e-02
1.814314350485801697e-02
2.281637489795684814e-02
2.529162541031837463e-02
1.985655725002288818e-02
2.759957872331142426e-02
2.865026518702507019e-02
3.008372709155082703e-02
2.724329195916652679e-02
2.785296738147735596e-02
3.106047026813030243e-02
2.782227471470832825e-02
1.985378377139568329e-02
2.089904062449932098e-02
2.780430763959884644e-02
2.210873737931251526e-02
2.463968656957149506e-02
2.472542226314544678e-02
1.832694374024868011e-02
2.343543618917465210e-02
2.107795327901840210e-02
2.567658573389053345e-02
2.208670601248741150e-02
2.818508073687553406e-02
2.171350084245204926e-02
2.079210057854652405e-02
2.158413827419281006e-02
2.355905435979366302e-02
2.082988619804382324e-02
2.085172198712825775e-02
1.939228735864162445e-02
2.529925666749477386e-02
2.611085027456283569e-02
2.845467999577522278e-02
2.725702151656150818e-02
2.200653217732906342e-02
2.057514898478984833e-02
2.468222938477993011e-02
2.053006552159786224e-02
2.701823227107524872e-02
2.398387715220451355e-02
2.334368228912353516e-02
2.506590448319911957e-02
2.183005213737487793e-02
2.259935997426509857e-02
2.425439655780792236e-02
1.929526217281818390e-02
2.421103231608867645e-02
1.878381893038749695e-02
2.661263197660446167e-02
2.697729319334030151e-02
2.059336379170417786e-02
2.751055918633937836e-02
2.206407487392425537e-02
2.122466266155242920e-02
2.079585380852222443e-02
2.451445162296295166e-02
2.685838937759399414e-02
2.363399416208267212e-02
2.222662977874279022e-02
2.410715818405151367e-02
2.656075917184352875e-02
2.523283660411834717e-02
2.376399189233779907e-02
2.347368746995925903e-02
2.357442304491996765e-02
2.385823056101799011e-02
2.650861069560050964e-02
2.076157927513122559e-02
2.455611340701580048e-02
1.947782561182975769e-02
2.268758229911327362e-02
2.215907536447048187e-02
2.146727964282035828e-02
2.417119406163692474e-02
2.245324477553367615e-02
2.267717570066452026e-02
2.242752909660339355e-02
2.611715719103813171e-02
2.162170782685279846e-02
2.611811086535453796e-02
2.336672507226467133e-02
2.421760931611061096e-02
2.204079553484916687e-02
2.566729113459587097e-02
2.425329014658927917e-02
2.114327251911163330e-02
1.929040811955928802e-02
2.275313436985015869e-02
2.588998153805732727e-02
2.726798318326473236e-02
2.612495049834251404e-02
2.414170466363430023e-02
2.459895424544811249e-02
2.486287057399749756e-02
2.236928418278694153e-02
2.412631735205650330e-02
2.477134577929973602e-02
2.483499050140380859e-02
2.241357974708080292e-02
2.373926714062690735e-02
2.482720836997032166e-02
2.052541635930538177e-02
2.312056720256805420e-02
2.571902982890605927e-02
2.596075087785720825e-02
2.973613142967224121e-02
2.712964080274105072e-02
2.093512378633022308e-02
2.202237024903297424e-02
2.478672377765178680e-02
2.087484300136566162e-02
2.242096327245235443e-02
2.401047572493553162e-02
2.038485184311866760e-02
2.650536596775054932e-02
2.753894589841365814e-02
3.102632984519004822e-02
1.764126121997833252e-02
2.100128494203090668e-02
2.300971746444702148e-02
2.632771432399749756e-02
2.571727894246578217e-02
2.865747734904289246e-02
2.158960327506065369e-02
2.417581155896186829e-02
2.652906440198421478e-02
2.547961100935935974e-02
2.788501232862472534e-02
1.924827694892883301e-02
2.333973348140716553e-02
1.988723874092102051e-02
2.815892919898033142e-02
2.083987556397914886e-02
2.300721034407615662e-02
1.850228384137153625e-02
1.869102194905281067e-02
2.029214054346084595e-02
2.376662939786911011e-02
2.173318341374397278e-02
2.358183823525905609e-02
3.274453803896903992e-02
2.701857499778270721e-02
2.143096923828125000e-02
2.186751924455165863e-02
2.941917441785335541e-02
2.562330290675163269e-02
2.796864137053489685e-02
2.242738567292690277e-02
2.603813633322715759e-02
2.650742232799530029e-02
2.159524708986282349e-02
2.535646222531795502e-02
2.233700081706047058e-02
2.147295698523521423e-02
1.965906843543052673e-02
2.780427038669586182e-02
1.761930808424949646e-02
2.300551533699035645e-02
2.854710444808006287e-02
1.918372139334678650e-02
2.207124978303909302e-02
2.522388659417629242e-02
2.539367973804473877e-02
2.119186334311962128e-02
2.079937979578971863e-02
2.037051692605018616e-02
2.283339761197566986e-02
2.668843790888786316e-02
2.083540707826614380e-02
2.144968137145042419e-02
2.476772479712963104e-02
2.445760928094387054e-02
2.152902632951736450e-02
2.687476202845573425e-02
2.232868224382400513e-02
2.617419511079788208e-02
1.866839826107025146e-02
2.274820022284984589e-02
2.846878767013549805e-02
2.737635932862758636e-02
2.392189949750900269e-02
2.291299961507320404e-02
2.064532786607742310e-02
2.027988061308860779e-02
2.057321928441524506e-02
1.914300024509429932e-02
2.674103341996669769e-02
2.405239641666412354e-02
2.040119096636772156e-02
2.164468169212341309e-02
2.816833928227424622e-02
2.680852822959423065e-02
2.525213919579982758e-02
2.196976915001869202e-02
2.146860957145690918e-02
2.141064964234828949e-02
2.133853547275066376e-02
2.262168191373348236e-02
2.462009899318218231e-02
2.631909027695655823e-02
2.111354470252990723e-02
2.236806415021419525e-02
1.987669803202152252e-02
2.188501507043838501e-02
2.151345275342464447e-02
2.379258349537849426e-02
2.195915952324867249e-02
2.571109309792518616e-02
2.126467972993850708e-02
1.879100501537322998e-02
2.304231747984886169e-02
2.217112109065055847e-02
2.114250510931015015e-02
2.132621780037879944e-02
2.391791343688964844e-02
1.974130421876907349e-02
2.352800965309143066e-02
2.333992719650268555e-02
2.151317521929740906e-02
2.716505341231822968e-02
2.620837092399597168e-02
2.672772854566574097e-02
1.739587262272834778e-02
2.313612028956413269e-02
2.170461043715476990e-02
2.364728413522243500e-02
2.187648415565490723e-02
2.297912538051605225e-02
1.891178451478481293e-02
2.324677631258964539e-02
2.104038745164871216e-02
2.630910836160182953e-02
2.523177862167358398e-02
2.260901033878326416e-02
1.773516088724136353e-02
2.392504177987575531e-02
2.674019895493984222e-02
2.513709664344787598e-02
2.381697855889797211e-02
2.247672155499458313e-02
2.285698615014553070e-02
2.034375071525573730e-02
1.873124577105045319e-02
2.493555471301078796e-02
2.348351106047630310e-02
2.425567619502544403e-02
2.401630207896232605e-02
2.320579811930656433e-02
2.037529833614826202e-02
2.389339730143547058e-02
2.157668024301528931e-02
2.658530697226524353e-02
2.387631684541702271e-02
2.067079022526741028e-02
1.828774437308311462e-02
2.369101345539093018e-02
2.493395470082759857e-02
1.923387870192527771e-02
1.854781433939933777e-02
2.352166175842285156e-02
2.616330794990062714e-02
2.463021501898765564e-02
2.430736832320690155e-02
2.275539003312587738e-02
2.230999618768692017e-02
2.059487812221050262e-02
2.197710238397121429e-02
1.825220882892608643e-02
2.130590192973613739e-02
1.822274178266525269e-02
2.797154709696769714e-02
1.908008381724357605e-02
2.033714763820171356e-02
2.608215436339378357e-02
2.421424910426139832e-02
2.447300776839256287e-02
2.367469482123851776e-02
2.179129421710968018e-02
2.085888385772705078e-02
2.032604813575744629e-02
2.022416703402996063e-02
2.007090114057064056e-02
1.727581024169921875e-02
2.359349094331264496e-02
2.028115279972553253e-02
1.985696330666542053e-02
2.493868395686149597e-02
2.325635962188243866e-02
2.629786357283592224e-02
3.128232806921005249e-02
2.131494507193565369e-02
2.079096809029579163e-02
1.757118105888366699e-02
2.305801212787628174e-02
2.822019532322883606e-02
2.471566200256347656e-02
2.216192707419395447e-02
1.858649402856826782e-02
2.585522457957267761e-02
2.326184511184692383e-02
2.116056904196739197e-02
2.673934772610664368e-02
2.058030664920806885e-02
2.460682019591331482e-02
2.285230159759521484e-02
2.451744303107261658e-02
1.885320805013179779e-02
2.200835570693016052e-02
2.308036945760250092e-02
2.042260579764842987e-02
1.703541539609432220e-02
1.825304701924324036e-02
2.370084449648857117e-02
2.350940369069576263e-02
2.242765203118324280e-02
2.208093553781509399e-02
2.485016733407974243e-02
1.666045188903808594e-02
2.379702776670455933e-02
2.201357111334800720e-02
2.721157297492027283e-02
2.089129947125911713e-02
2.421032451093196869e-02
1.978982239961624146e-02
1.863559335470199585e-02
1.991496980190277100e-02
2.125634998083114624e-02
2.060369029641151428e-02
2.052254043519496918e-02
2.593361400067806244e-02
1.948667690157890320e-02
2.127600274980068207e-02
2.583075873553752899e-02
2.222979441285133362e-02
2.604931592941284180e-02
2.003937214612960815e-02
2.472895383834838867e-02
1.961614377796649933e-02
3.196723759174346924e-02
2.375243976712226868e-02
2.060233056545257568e-02
2.536564692854881287e-02
2.124291658401489258e-02
2.211295068264007568e-02
2.034889720380306244e-02
2.755533717572689056e-02
1.475271396338939667e-02
2.070861682295799255e-02
2.670551836490631104e-02
1.705274358391761780e-02
2.318037673830986023e-02
1.653843373060226440e-02
2.254900895059108734e-02
2.723084390163421631e-02
1.968912035226821899e-02
2.169281244277954102e-02
2.341631054878234863e-02
2.400912716984748840e-02
2.161860279738903046e-02
1.829491369426250458e-02
2.431944012641906738e-02
2.110636793076992035e-02
2.456840872764587402e-02
1.631974801421165466e-02
2.495529130101203918e-02
2.547611109912395477e-02
2.161580324172973633e-02
1.950323209166526794e-02
2.511374652385711670e-02
2.878185920417308807e-02
2.621161937713623047e-02
2.155494689941406250e-02
1.967280171811580658e-02
2.168454229831695557e-02
2.013552933931350708e-02
1.786184310913085938e-02
2.117020450532436371e-02
2.513445541262626648e-02
2.604077756404876709e-02
2.267251163721084595e-02
2.434480190277099609e-02
2.868927083909511566e-02
2.249644696712493896e-02
2.081075683236122131e-02
2.060889825224876404e-02
2.806264720857143402e-02
2.352383360266685486e-02
2.487148717045783997e-02
2.771775051951408386e-02
1.922952011227607727e-02
2.277725003659725189e-02
2.277347445487976074e-02
2.358788810670375824e-02
2.465713582932949066e-02
1.936353556811809540e-02
2.219848893582820892e-02
1.751439645886421204e-02
2.769931405782699585e-02
2.141939662396907806e-02
2.425486594438552856e-02
2.632182650268077850e-02
2.053722925484180450e-02
2.401244267821311951e-02
2.292705327272415161e-02
2.373506501317024231e-02
2.201422303915023804e-02
2.227763645350933075e-02
2.305417880415916443e-02
2.542882971465587616e-02
2.521751821041107178e-02
2.088967710733413696e-02
1.920098811388015747e-02
2.059350721538066864e-02
2.374003082513809204e-02
2.096406929194927216e-02
2.463513240218162537e-02
2.838070318102836609e-02
2.291828393936157227e-02
2.120210230350494385e-02
2.059945650398731232e-02
1.899306103587150574e-02
2.459294162690639496e-02
2.140147052705287933e-02
2.460263296961784363e-02
2.075726725161075592e-02
2.509277127683162689e-02
2.223223075270652771e-02
2.661885134875774384e-02
1.920092850923538208e-02
2.210208028554916382e-02
2.542442083358764648e-02
2.422609739005565643e-02
2.170288562774658203e-02
2.466049417853355408e-02
2.337566576898097992e-02
2.046474069356918335e-02
2.396874129772186279e-02
2.223172783851623535e-02
2.060944586992263794e-02
2.023130282759666443e-02
2.003143914043903351e-02
2.386905252933502197e-02
2.362406626343727112e-02
2.309888228774070740e-02
1.924546621739864349e-02
2.606923133134841919e-02
2.200805768370628357e-02
2.086226642131805420e-02
2.073826082050800323e-02
1.844061911106109619e-02
1.982920058071613312e-02
2.533349953591823578e-02
2.355010062456130981e-02
2.054966986179351807e-02
2.394454181194305420e-02
2.163097076117992401e-02
2.360669150948524475e-02
2.175686880946159363e-02
2.480997145175933838e-02
2.246738597750663757e-02
2.553957514464855194e-02
2.404551766812801361e-02
2.535403147339820862e-02
2.102043107151985168e-02
2.519854903221130371e-02
1.789264380931854248e-02
2.082713320851325989e-02
1.957043260335922241e-02
2.508223056793212891e-02
1.975886896252632141e-02
2.555742673575878143e-02
2.669577114284038544e-02
2.413087151944637299e-02
2.192102000117301941e-02
2.292424440383911133e-02
2.283146791160106659e-02
2.783073857426643372e-02
2.165597490966320038e-02
2.031892351806163788e-02
2.453122660517692566e-02
2.933094464242458344e-02
2.543196454644203186e-02
2.692300640046596527e-02
2.132929489016532898e-02
1.985662803053855896e-02
2.556950598955154419e-02
2.074924670159816742e-02
2.463001571595668793e-02
2.381589636206626892e-02
2.152282372117042542e-02
2.410657703876495361e-02
2.065101638436317444e-02
2.372558414936065674e-02
2.844002842903137207e-02
2.710272371768951416e-02
2.534745261073112488e-02
2.218927070498466492e-02
2.173499763011932373e-02
2.139240317046642303e-02
2.304997108876705170e-02
1.969679072499275208e-02
2.478483319282531738e-02
1.722070574760437012e-02
2.821135334670543671e-02
2.275887504220008850e-02
1.919349096715450287e-02
2.772438153624534607e-02
2.015516534447669983e-02
2.245631068944931030e-02
2.042019367218017578e-02
2.104471251368522644e-02
2.211624942719936371e-02
2.469727396965026855e-02
2.145394310355186462e-02
2.374196611344814301e-02
2.168966457247734070e-02
2.561813592910766602e-02
2.186585590243339539e-02
2.532392553985118866e-02
2.287571690976619720e-02
2.453735843300819397e-02
2.330496720969676971e-02
2.030560187995433807e-02
1.954523473978042603e-02
2.655547857284545898e-02
2.208594046533107758e-02
2.253695204854011536e-02
2.274566143751144409e-02
2.151500806212425232e-02
2.465600520372390747e-02
2.235746756196022034e-02
1.551526784896850586e-02
2.470686659216880798e-02
2.106375060975551605e-02
2.395925484597682953e-02
2.263043448328971863e-02
1.839412562549114227e-02
1.916949450969696045e-02
2.279482409358024597e-02
2.307053655385971069e-02
2.151250466704368591e-02
2.476610057055950165e-02
2.263883873820304871e-02
1.555408164858818054e-02
2.347361110150814056e-02
2.061913534998893738e-02
2.203479409217834473e-02
2.318806760013103485e-02
2.200853452086448669e-02
2.045187726616859436e-02
1.735460571944713593e-02
2.293828129768371582e-02
2.200776711106300354e-02
2.385916560888290405e-02
2.345281653106212616e-02
2.374375425279140472e-02
2.343869023025035858e-02
2.626320719718933105e-02
2.049773931503295898e-02
2.380281686782836914e-02
1.890678703784942627e-02
2.015586569905281067e-02
2.195781096816062927e-02
2.508788369596004486e-02
2.371519804000854492e-02
1.916933804750442505e-02
2.024197950959205627e-02
2.098392508924007416e-02
1.983014307916164398e-02
2.454222552478313446e-02
2.228543162345886230e-02
2.531061135232448578e-02
1.773780770599842072e-02
2.232179604470729828e-02
1.851780340075492859e-02
1.787343621253967285e-02
2.204517088830471039e-02
2.318289503455162048e-02
1.934963278472423553e-02
2.070446871221065521e-02
2.002775669097900391e-02
2.067605406045913696e-02
2.238702401518821716e-02
2.175599336624145508e-02
2.120701782405376434e-02
2.043914608657360077e-02
1.877927780151367188e-02
2.100241743028163910e-02
1.886336505413055420e-02
1.679912023246288300e-02
2.169123664498329163e-02
1.566437445580959320e-02
1.964495703577995300e-02
2.285885810852050781e-02
1.970855891704559326e-02
2.194384858012199402e-02
2.242174744606018066e-02
2.227590978145599365e-02
2.040911652147769928e-02
1.851360499858856201e-02
2.152319625020027161e-02
1.605112478137016296e-02
2.553155086934566498e-02
2.303517423570156097e-02
2.152414247393608093e-02
1.774183474481105804e-02
2.413877844810485840e-02
1.894783973693847656e-02
2.170545421540737152e-02
1.791427284479141235e-02
2.045761607587337494e-02
2.232990227639675140e-02
1.888037845492362976e-02
2.111618593335151672e-02
2.120744250714778900e-02
2.419911697506904602e-02
2.144061028957366943e-02
1.873170398175716400e-02
2.045344561338424683e-02
1.904952898621559143e-02
2.661996707320213318e-02
1.290198694914579391e-02
2.090634778141975403e-02
2.137947827577590942e-02
2.367148175835609436e-02
1.992318220436573029e-02
2.420556545257568359e-02
2.307360433042049408e-02
2.320600114762783051e-02
1.887935772538185120e-02
1.877863518893718719e-02
2.123422548174858093e-02
2.318801544606685638e-02
2.001732587814331055e-02
2.508987113833427429e-02
1.931322738528251648e-02
1.679739728569984436e-02
2.201696857810020447e-02
2.083586715161800385e-02
2.114737592637538910e-02
1.741247251629829407e-02
2.140956930816173553e-02
1.961374282836914062e-02
1.915236189961433411e-02
1.846267469227313995e-02
2.232147566974163055e-02
2.281845174729824066e-02
2.432680130004882812e-02
2.150809764862060547e-02
1.822627708315849304e-02
2.278277277946472168e-02
2.048020996153354645e-02
1.853854767978191376e-02
1.762262172996997833e-02
1.928079500794410706e-02
2.009142562747001648e-02
1.974628679454326630e-02
2.211965620517730713e-02
1.705374941229820251e-02
2.277159690856933594e-02
1.540882140398025513e-02
1.897209137678146362e-02
2.204154059290885925e-02
2.674251422286033630e-02
1.866688951849937439e-02
2.032011188566684723e-02
1.768056675791740417e-02
2.457475662231445312e-02
1.937380805611610413e-02
1.906456612050533295e-02
2.074500545859336853e-02
1.781259849667549133e-02
2.014819905161857605e-02
2.115743979811668396e-02
2.463903091847896576e-02
2.127818390727043152e-02
1.766575686633586884e-02
1.965693198144435883e-02
2.063444256782531738e-02
1.716764643788337708e-02
2.348179928958415985e-02
1.935990154743194580e-02
1.914511993527412415e-02
2.178382501006126404e-02
1.740052178502082825e-02
2.716845273971557617e-02
1.925107091665267944e-02
1.985399238765239716e-02
2.465192601084709167e-02
1.959152519702911377e-02
2.213805913925170898e-02
2.018883824348449707e-02
2.290175855159759521e-02
1.891706138849258423e-02
1.685726270079612732e-02
2.188364230096340179e-02
1.789687201380729675e-02
1.974019035696983337e-02
2.091039344668388367e-02
1.769105345010757446e-02
2.522382140159606934e-02
1.700836978852748871e-02
2.595032006502151489e-02
2.187314257025718689e-02
1.419829949736595154e-02
1.892619580030441284e-02
2.019180729985237122e-02
2.344671450555324554e-02
1.486297231167554855e-02
1.926710456609725952e-02
2.053481340408325195e-02
1.610872894525527954e-02
2.155732735991477966e-02
1.866560801863670349e-02
2.021062001585960388e-02
1.890558004379272461e-02
2.077031508088111877e-02
1.542746927589178085e-02
2.051276527345180511e-02
1.997620798647403717e-02
1.954849809408187866e-02
2.105412259697914124e-02
2.448130771517753601e-02
2.239747904241085052e-02
2.261226996779441833e-02
2.134043723344802856e-02
2.354922518134117126e-02
2.179954014718532562e-02
1.700810343027114868e-02
2.181051671504974365e-02
2.400278113782405853e-02
1.661056280136108398e-02
1.813754439353942871e-02
1.947423070669174194e-02
2.069643884897232056e-02
2.116475999355316162e-02
1.877005398273468018e-02
1.699437946081161499e-02
2.113898843526840210e-02
1.776419952511787415e-02
2.026152983307838440e-02
2.304243110120296478e-02
2.747002989053726196e-02
1.597140356898307800e-02
1.924774423241615295e-02
2.406478486955165863e-02
1.336571015417575836e-02
2.050558850169181824e-02
1.800648681819438934e-02
2.073719352483749390e-02
2.021748386323451996e-02
2.391029149293899536e-02
2.004256658256053925e-02
2.023153193295001984e-02
1.978015527129173279e-02
1.821736991405487061e-02
1.929127611219882965e-02
2.239916287362575531e-02
1.627562008798122406e-02
1.817548274993896484e-02
2.035042084753513336e-02
2.455233410000801086e-02
2.330092713236808777e-02
2.487584017217159271e-02
2.052873559296131134e-02
1.952876523137092590e-02
2.156969159841537476e-02
2.087175846099853516e-02
2.220842801034450531e-02
2.142639458179473877e-02
1.628178544342517853e-02
2.115339040756225586e-02
1.808670908212661743e-02
2.004704438149929047e-02
2.386229857802391052e-02
2.472876012325286865e-02
2.344764769077301025e-02
2.381451427936553955e-02
2.181567810475826263e-02
1.736906170845031738e-02
2.018471620976924896e-02
1.996559649705886841e-02
1.743942871689796448e-02
1.981183141469955444e-02
2.334267459809780121e-02
1.593991741538047791e-02
1.809899508953094482e-02
1.725788414478302002e-02
2.253445982933044434e-02
1.654647290706634521e-02
1.884647272527217865e-02
2.342032454907894135e-02
2.751869522035121918e-02
1.980712637305259705e-02
1.378527283668518066e-02
2.060400694608688354e-02
2.212705090641975403e-02
1.738378591835498810e-02
2.193947881460189819e-02
1.803977601230144501e-02
1.997548714280128479e-02
1.802803575992584229e-02
1.938001625239849091e-02
1.645292714238166809e-02
1.780224405229091644e-02
1.796767860651016235e-02
2.106273174285888672e-02
1.881322078406810760e-02
2.172025106847286224e-02
2.266548387706279755e-02
1.723743975162506104e-02
2.025077864527702332e-02
1.926899887621402740e-02
1.914284750819206238e-02
1.924453303217887878e-02
1.823465898633003235e-02
2.437897585332393646e-02
1.913251355290412903e-02
1.701265387237071991e-02
1.984339766204357147e-02
2.471434138715267181e-02
2.033547312021255493e-02
2.228232286870479584e-02
1.665066741406917572e-02
2.093325555324554443e-02
1.750252209603786469e-02
2.078621461987495422e-02
2.227961272001266479e-02
1.890090666711330414e-02
1.916728168725967407e-02
1.951728388667106628e-02
2.187086269259452820e-02
2.070402354001998901e-02
1.808135770261287689e-02
1.736228168010711670e-02
2.440278232097625732e-02
1.707728207111358643e-02
2.047720365226268768e-02
1.957920566201210022e-02
2.165330201387405396e-02
1.802127435803413391e-02
1.999445259571075439e-02
1.817875914275646210e-02
2.111594378948211670e-02
1.798868924379348755e-02
1.944219507277011871e-02
1.509409677237272263e-02
1.682516001164913177e-02
2.121646702289581299e-02
1.774491183459758759e-02
2.065489441156387329e-02
1.847490295767784119e-02
1.965158805251121521e-02
2.305751666426658630e-02
1.608246378600597382e-02
2.050877735018730164e-02
2.108667045831680298e-02
2.116615697741508484e-02
2.314922772347927094e-02
1.644535921514034271e-02
1.666882261633872986e-02
1.794805750250816345e-02
1.680057123303413391e-02
1.922324858605861664e-02
2.026660554111003876e-02
2.608535997569561005e-02
1.936761289834976196e-02
1.624220237135887146e-02
1.798002980649471283e-02
1.644793711602687836e-02
2.001637220382690430e-02
1.852010749280452728e-02
1.716440171003341675e-02
2.155676484107971191e-02
1.701484248042106628e-02
2.291742339730262756e-02
1.671465486288070679e-02
1.781493239104747772e-02
1.884266920387744904e-02
1.675046980381011963e-02
1.924907043576240540e-02
1.945178955793380737e-02
2.002001181244850159e-02
1.509496569633483887e-02
1.870267279446125031e-02
1.903822273015975952e-02
2.014439553022384644e-02
2.210659533739089966e-02
1.815759949386119843e-02
1.742506027221679688e-02
1.920465193688869476e-02
2.077272534370422363e-02
1.990873366594314575e-02
1.456573978066444397e-02
2.072848938405513763e-02
1.844527944922447205e-02
2.086031250655651093e-02
1.467946916818618774e-02
2.125135064125061035e-02
2.495678141713142395e-02
1.669401302933692932e-02
2.050734870135784149e-02
1.693062297999858856e-02
1.745453104376792908e-02
1.964647695422172546e-02
1.457569003105163574e-02
1.756923459470272064e-02
1.753930561244487762e-02
2.176642790436744690e-02
1.903750002384185791e-02
2.009944617748260498e-02
2.111143991351127625e-02
1.961040496826171875e-02
2.444700524210929871e-02
1.920633018016815186e-02
1.919665746390819550e-02
2.107313275337219238e-02
1.346250902861356735e-02
2.142663113772869110e-02
1.332022156566381454e-02
1.722433231770992279e-02
1.837427169084548950e-02
1.567295193672180176e-02
2.084925770759582520e-02
2.164311707019805908e-02
1.861874572932720184e-02
2.045587450265884399e-02
1.887776516377925873e-02
1.835049502551555634e-02
1.935114711523056030e-02
1.522407960146665573e-02
1.483959332108497620e-02
1.891084760427474976e-02
2.152244560420513153e-02
1.848471909761428833e-02
1.942929439246654510e-02
1.500764023512601852e-02
2.097738534212112427e-02
2.261605113744735718e-02
1.662247069180011749e-02
1.425580959767103195e-02
1.920822821557521820e-02
2.325340174138545990e-02
2.120276540517807007e-02
1.713656447827816010e-02
2.101026102900505066e-02
1.823072880506515503e-02
2.152259461581707001e-02
2.041039988398551941e-02
1.955869980156421661e-02
1.890775933861732483e-02
2.225793898105621338e-02
1.669039949774742126e-02
1.343274489045143127e-02
2.339643239974975586e-02
2.151059918105602264e-02
2.052240446209907532e-02
1.607340388000011444e-02
1.817575097084045410e-02
1.827204786241054535e-02
2.372749149799346924e-02
1.827325485646724701e-02
1.926830969750881195e-02
1.848113723099231720e-02
2.121698856353759766e-02
1.765611022710800171e-02
1.432561688125133514e-02
2.134540304541587830e-02
2.333205938339233398e-02
1.490074954926967621e-02
1.901376619935035706e-02
1.461314968764781952e-02
1.967077702283859253e-02
1.348819863051176071e-02
1.925306767225265503e-02
2.203229814767837524e-02
1.832097582519054413e-02
1.427967008203268051e-02
1.667135953903198242e-02
1.945486664772033691e-02
2.108879946172237396e-02
2.036367915570735931e-02
2.203100919723510742e-02
2.140144631266593933e-02
1.979700289666652679e-02
1.622267812490463257e-02
2.125864103436470032e-02
1.572413742542266846e-02
1.801086589694023132e-02
1.917409524321556091e-02
2.056491002440452576e-02
1.913017593324184418e-02
1.664658263325691223e-02
1.822338066995143890e-02
1.728023216128349304e-02
2.083192020654678345e-02
1.693700812757015228e-02
1.381804328411817551e-02
1.741141080856323242e-02
1.774763874709606171e-02
1.799332723021507263e-02
1.718343794345855713e-02
2.083747647702693939e-02
1.869335956871509552e-02
1.600708067417144775e-02
1.628639921545982361e-02
2.299497090280056000e-02
1.615760475397109985e-02
2.174439281225204468e-02
1.739094592630863190e-02
1.723163388669490814e-02
1.853967830538749695e-02
1.774613931775093079e-02
2.232798561453819275e-02
2.041111700236797333e-02
2.057569846510887146e-02
1.764863543212413788e-02
1.878894120454788208e-02
1.900761201977729797e-02
1.897090673446655273e-02
1.602437160909175873e-02
1.658719778060913086e-02
1.611521095037460327e-02
1.961363852024078369e-02
1.949702575802803040e-02
1.681498065590858459e-02
1.707714796066284180e-02
1.991981454193592072e-02
1.598109118640422821e-02
1.825081557035446167e-02
1.756149530410766602e-02
1.944665051996707916e-02
1.936559006571769714e-02
1.876722089946269989e-02
1.804095879197120667e-02
1.658317260444164276e-02
1.733071357011795044e-02
1.655064150691032410e-02
1.932076364755630493e-02
1.475796755403280258e-02
2.080350555479526520e-02
1.547981705516576767e-02
2.061960846185684204e-02
1.769026368856430054e-02
2.342813462018966675e-02
1.753724180161952972e-02
1.508245151489973068e-02
1.348195970058441162e-02
1.303939148783683777e-02
2.034634724259376526e-02
1.721996068954467773e-02
1.827056892216205597e-02
2.083607017993927002e-02
1.870055869221687317e-02
1.623652130365371704e-02
1.761404238641262054e-02
2.532181143760681152e-02
1.762221008539199829e-02
1.637815497815608978e-02
1.433935202658176422e-02
2.109703049063682556e-02
1.259038038551807404e-02
1.871774904429912567e-02
1.647163927555084229e-02
1.699466630816459656e-02
2.107065543532371521e-02
2.201220020651817322e-02
2.345204725861549377e-02
1.684790104627609253e-02
1.941229030489921570e-02
2.046979777514934540e-02
1.853161863982677460e-02
1.689532212913036346e-02
2.039354667067527771e-02
1.766192913055419922e-02
2.155671827495098114e-02
1.892304979264736176e-02
1.913104206323623657e-02
1.626335829496383667e-02
1.668454706668853760e-02
1.906683109700679779e-02
1.771806553006172180e-02
1.738449744880199432e-02
1.792869530618190765e-02
2.098716050386428833e-02
1.977581344544887543e-02
2.189626917243003845e-02
1.710883155465126038e-02
1.849686540663242340e-02
1.664249971508979797e-02
1.857388950884342194e-02
2.346467971801757812e-02
1.670532487332820892e-02
1.442636828869581223e-02
1.555545628070831299e-02
1.569914631545543671e-02
1.563674025237560272e-02
1.621814072132110596e-02
1.396987214684486389e-02
1.994807645678520203e-02
1.558672171086072922e-02
1.666084863245487213e-02
1.667117513716220856e-02
1.740566268563270569e-02
1.470201089978218079e-02
2.159472927451133728e-02
1.722292229533195496e-02
1.669437065720558167e-02
2.069196477532386780e-02
1.682014018297195435e-02
1.953899487853050232e-02
1.652001962065696716e-02
1.623767614364624023e-02
1.972258463501930237e-02
1.636075973510742188e-02
1.353605277836322784e-02
1.998684741556644440e-02
1.903065294027328491e-02
2.125686220824718475e-02
1.408997178077697754e-02
2.023043669760227203e-02
2.178927883505821228e-02
1.672050915658473969e-02
2.194495312869548798e-02
1.678540185093879700e-02
2.073292993009090424e-02
1.833166182041168213e-02
1.624425314366817474e-02
1.663812622427940369e-02
2.126158587634563446e-02
1.903325691819190979e-02
1.630515791475772858e-02
1.437350921332836151e-02
1.809604838490486145e-02
1.754055544734001160e-02
1.937776431441307068e-02
1.613908633589744568e-02
1.777185127139091492e-02
1.796987466514110565e-02
1.845787465572357178e-02
1.541583240032196045e-02
1.849630847573280334e-02
1.448008324950933456e-02
1.640905812382698059e-02
1.933015137910842896e-02
1.425641030073165894e-02
1.499926578253507614e-02
1.670502498745918274e-02
1.683239638805389404e-02
2.043530903756618500e-02
1.902385614812374115e-02
1.513986848294734955e-02
1.695563644170761108e-02
1.860365457832813263e-02
1.514881849288940430e-02
1.797425374388694763e-02
1.787063851952552795e-02
1.350581180304288864e-02
1.417295821011066437e-02
2.151758596301078796e-02
1.427205279469490051e-02
1.682421565055847168e-02
1.412591338157653809e-02
1.739002205431461334e-02
1.877762749791145325e-02
1.512980833649635315e-02
2.256587147712707520e-02
1.596427708864212036e-02
1.838198117911815643e-02
1.500243879854679108e-02
1.221316587179899216e-02
1.630118675529956818e-02
1.511159818619489670e-02
1.796598918735980988e-02
1.725582405924797058e-02
1.773544959723949432e-02
2.015879005193710327e-02
1.733194664120674133e-02
1.697298511862754822e-02
1.608842797577381134e-02
1.730980537831783295e-02
1.838944666087627411e-02
1.497477106750011444e-02
1.485432684421539307e-02
1.435276120901107788e-02
1.638235151767730713e-02
1.351799722760915756e-02
1.251180749386548996e-02
1.554111763834953308e-02
1.481118053197860718e-02
1.927989721298217773e-02
1.137498766183853149e-02
1.965980976819992065e-02
1.432121358811855316e-02
2.334696054458618164e-02
1.436922512948513031e-02
1.502963062375783920e-02
1.300267130136489868e-02
1.537674199789762497e-02
1.634655706584453583e-02
1.852010004222393036e-02
1.474221982061862946e-02
1.411250513046979904e-02
1.488933991640806198e-02
1.785906217992305756e-02
1.204728242009878159e-02
1.482697483152151108e-02
1.779062114655971527e-02
1.537792384624481201e-02
1.276872586458921432e-02
1.530722808092832565e-02
1.701579615473747253e-02
1.536281965672969818e-02
1.387596502900123596e-02
1.384306140244007111e-02
1.030955649912357330e-02
1.406868919730186462e-02
1.556151267141103745e-02
1.946858316659927368e-02
1.292888075113296509e-02
1.340364664793014526e-02
1.533834170550107956e-02
1.405028812587261200e-02
1.913714781403541565e-02
1.381268911063671112e-02
1.434735767543315887e-02
1.544822752475738525e-02
1.672590896487236023e-02
1.394237112253904343e-02
1.507727801799774170e-02
1.873109862208366394e-02
1.615021377801895142e-02
1.413642801344394684e-02
1.407073251903057098e-02
1.513000577688217163e-02
1.074460707604885101e-02
1.425146125257015228e-02
1.245397329330444336e-02
1.045393757522106171e-02
1.437786780297756195e-02
1.652374304831027985e-02
1.925784163177013397e-02
1.809154264628887177e-02
1.425614953041076660e-02
1.895812712609767914e-02
1.491009350866079330e-02
1.813668385148048401e-02
1.311606727540493011e-02
1.684667915105819702e-02
1.429884694516658783e-02
1.727721467614173889e-02
1.491826772689819336e-02
1.446717046201229095e-02
1.598825305700302124e-02
1.871520839631557465e-02
1.475040148943662643e-02
1.131765451282262802e-02
1.491583883762359619e-02
1.495369337499141693e-02
1.245137304067611694e-02
1.429836638271808624e-02
1.518383622169494629e-02
1.393058337271213531e-02
1.511831860989332199e-02
1.259936671704053879e-02
1.388105750083923340e-02
1.823529228568077087e-02
1.342329382896423340e-02
1.494392286986112595e-02
1.447433792054653168e-02
1.691158674657344818e-02
8.860660716891288757e-03
1.171071361750364304e-02
1.244447659701108932e-02
1.436356827616691589e-02
1.581927202641963959e-02
1.562154572457075119e-02
1.293766405433416367e-02
1.435870677232742310e-02
1.159109733998775482e-02
1.338223181664943695e-02
1.184805482625961304e-02
1.303169876337051392e-02
1.469871681183576584e-02
1.295674499124288559e-02
1.205613743513822556e-02
1.144972816109657288e-02
1.309088990092277527e-02
1.276332419365644455e-02
1.521190162748098373e-02
1.319593936204910278e-02
1.132310461252927780e-02
1.325783412903547287e-02
1.349404454231262207e-02
1.248509995639324188e-02
1.325392536818981171e-02
1.123520359396934509e-02
1.384501345455646515e-02
1.427008584141731262e-02
1.244696881622076035e-02
1.597455516457557678e-02
1.058101933449506760e-02
1.495549641549587250e-02
1.084414776414632797e-02
1.336488779634237289e-02
1.245616190135478973e-02
1.998957619071006775e-02
1.229111663997173309e-02
1.590788178145885468e-02
1.552814431488513947e-02
1.454792357981204987e-02
1.190217584371566772e-02
1.413590740412473679e-02
1.370795350521802902e-02
1.517338585108518600e-02
1.722651347517967224e-02
1.579196564853191376e-02
1.483528688549995422e-02
1.010352000594139099e-02
1.355035137385129929e-02
1.338391751050949097e-02
1.440203189849853516e-02
1.552570145577192307e-02
1.313632726669311523e-02
1.508713047951459885e-02
1.193423569202423096e-02
1.679637283086776733e-02
1.640526950359344482e-02
1.301641575992107391e-02
1.482871733605861664e-02
1.084782741963863373e-02
1.463573705404996872e-02
8.778776042163372040e-03
1.323698833584785461e-02
1.460419781506061554e-02
9.017653763294219971e-03
1.498105656355619431e-02
1.102898083627223969e-02
1.431900914758443832e-02
1.273270696401596069e-02
1.385171897709369659e-02
1.614337414503097534e-02
1.317073963582515717e-02
1.553744822740554810e-02
1.310373470187187195e-02
1.468732953071594238e-02
1.287247054278850555e-02
9.729743003845214844e-03
1.278908364474773407e-02
9.434825740754604340e-03
1.469352841377258301e-02
1.126666925847530365e-02
1.434852369129657745e-02
1.534658484160900116e-02
1.667295955121517181e-02
1.575717702507972717e-02
1.396502368152141571e-02
1.239649020135402679e-02
1.597070321440696716e-02
1.056146901100873947e-02
1.350113749504089355e-02
1.072233077138662338e-02
1.271484233438968658e-02
1.328302547335624695e-02
1.400984637439250946e-02
1.109355222433805466e-02
1.297933142632246017e-02
1.019143965095281601e-02
1.172546297311782837e-02
1.296136807650327682e-02
9.536784142255783081e-03
1.108504459261894226e-02
1.525314711034297943e-02
1.427952200174331665e-02
1.897840946912765503e-02
1.045194827020168304e-02
1.297053694725036621e-02
1.124838739633560181e-02
1.004424132406711578e-02
1.205700915306806564e-02
1.388554461300373077e-02
1.223106496036052704e-02
9.942844510078430176e-03
1.236157864332199097e-02
1.377047970890998840e-02
1.295312028378248215e-02
1.224979013204574585e-02
1.287006586790084839e-02
9.321189485490322113e-03
9.618772193789482117e-03
9.705553762614727020e-03
1.176877319812774658e-02
1.148713938891887665e-02
1.503045856952667236e-02
7.742827758193016052e-03
1.360583305358886719e-02
1.145258825272321701e-02
1.404445618391036987e-02
1.367532461881637573e-02
1.291173230856657028e-02
1.184471882879734039e-02
1.154945418238639832e-02
1.416334323585033417e-02
1.215115841478109360e-02
1.301488094031810760e-02
1.327406894415616989e-02
1.128369942307472229e-02
1.139751821756362915e-02
1.080983411520719528e-02
1.391841378062963486e-02
9.392671287059783936e-03
1.237981766462326050e-02
1.183841656893491745e-02
1.319731958210468292e-02
1.305679604411125183e-02
1.285911910235881805e-02
1.297320052981376648e-02
9.243446402251720428e-03
1.083364896476268768e-02
1.208475511521100998e-02
1.391382049769163132e-02
1.071627438068389893e-02
9.178813546895980835e-03
1.308202557265758514e-02
1.571430452167987823e-02
1.632856205105781555e-02
1.455905567854642868e-02
1.446513459086418152e-02
1.224372163414955139e-02
1.246658246964216232e-02
1.321449130773544312e-02
1.284372061491012573e-02
1.000523846596479416e-02
1.213874202221632004e-02
1.321321167051792145e-02
9.536080062389373779e-03
1.442485209554433823e-02
1.215790957212448120e-02
1.542979106307029724e-02
1.022266503423452377e-02
1.378849893808364868e-02
1.341956667602062225e-02
8.438974618911743164e-03
1.572457514703273773e-02
9.749668650329113007e-03
1.094623934477567673e-02
1.380365621298551559e-02
9.780665859580039978e-03
1.680435240268707275e-02
1.272030360996723175e-02
8.930083364248275757e-03
1.388940960168838501e-02
1.361236535012722015e-02
1.225528120994567871e-02
1.373230293393135071e-02
1.383239589631557465e-02
1.116808317601680756e-02
9.543812833726406097e-03
1.180628966540098190e-02
1.230431254953145981e-02
1.162005588412284851e-02
1.484547927975654602e-02
1.036529056727886200e-02
1.118612941354513168e-02
1.278965175151824951e-02
1.075533032417297363e-02
1.192802749574184418e-02
9.637498296797275543e-03
1.205111853778362274e-02
8.414924144744873047e-03
1.205732859671115875e-02
1.511485874652862549e-02
1.343351416289806366e-02
1.048160344362258911e-02
1.147099584341049194e-02
8.942579850554466248e-03
1.165115367621183395e-02
1.075451821088790894e-02
1.137667335569858551e-02
1.411822997033596039e-02
1.181529741734266281e-02
1.030601467937231064e-02
9.740995243191719055e-03
1.530123129487037659e-02
1.134659349918365479e-02
1.420838385820388794e-02
1.272138487547636032e-02
1.174731831997632980e-02
1.095951907336711884e-02
1.128169801086187363e-02
1.290819793939590454e-02
1.133899390697479248e-02
1.096274238079786301e-02
1.276244968175888062e-02
1.271190308034420013e-02
1.317639090120792389e-02
1.142819784581661224e-02
1.103331800550222397e-02
1.283626537770032883e-02
1.248574629426002502e-02
1.078680437058210373e-02
1.204187609255313873e-02
1.315670367330312729e-02
1.171220839023590088e-02
1.069100387394428253e-02
1.077921874821186066e-02
1.117801666259765625e-02
1.060917507857084274e-02
1.231035869568586349e-02
1.138239633291959763e-02
1.490593980997800827e-02
1.220608409494161606e-02
1.024511642754077911e-02
1.145865302532911301e-02
1.323046814650297165e-02
1.127825491130352020e-02
1.237909495830535889e-02
1.153526455163955688e-02
1.125413738191127777e-02
1.165836304426193237e-02
1.248682569712400436e-02
1.241059880703687668e-02
1.231098826974630356e-02
1.283645536750555038e-02
1.131163537502288818e-02
1.101913861930370331e-02
1.218327693641185760e-02
1.687506400048732758e-02
1.100607030093669891e-02
9.141637943685054779e-03
1.423619687557220459e-02
1.389473117887973785e-02
1.123748347163200378e-02
1.180980633944272995e-02
1.424846705049276352e-02
7.842542603611946106e-03
1.437058299779891968e-02
1.338721998035907745e-02
1.564427092671394348e-02
1.193690299987792969e-02
1.132817473262548447e-02
1.139947399497032166e-02
1.246037613600492477e-02
9.458097629249095917e-03
9.657729417085647583e-03
9.990582242608070374e-03
1.342020556330680847e-02
1.371817849576473236e-02
9.321826510131359100e-03
1.403691619634628296e-02
1.185243763029575348e-02
8.521105162799358368e-03
7.688241079449653625e-03
1.391433738172054291e-02
1.327517535537481308e-02
1.399207115173339844e-02
1.278977841138839722e-02
1.180954556912183762e-02
1.247221510857343674e-02
1.205566432327032089e-02
1.222386863082647324e-02
9.228624403476715088e-03
1.278785895556211472e-02
1.207094918936491013e-02
8.590288460254669189e-03
1.077500544488430023e-02
1.228044461458921432e-02
1.119296159595251083e-02
8.054682984948158264e-03
1.282919850200414658e-02
1.023117080330848694e-02
8.264733478426933289e-03
1.089766994118690491e-02
1.123359613120555878e-02
1.167175918817520142e-02
7.963620126247406006e-03
9.765237569808959961e-03
1.303796004503965378e-02
1.101000141352415085e-02
8.067177608609199524e-03
1.219484768807888031e-02
1.087403483688831329e-02
9.986261837184429169e-03
1.105351280421018600e-02
9.007521905004978180e-03
9.414015337824821472e-03
1.041590794920921326e-02
1.251505315303802490e-02
1.092514954507350922e-02
1.316019706428050995e-02
7.983312010765075684e-03
1.338592357933521271e-02
1.115539483726024628e-02
9.672971442341804504e-03
1.321765966713428497e-02
9.013416245579719543e-03
1.047097146511077881e-02
1.127450540661811829e-02
1.010271627455949783e-02
9.283283725380897522e-03
1.054687332361936569e-02
1.054784655570983887e-02
9.982882998883724213e-03
8.874556981027126312e-03
1.083154976367950439e-02
9.181446395814418793e-03
1.186772249639034271e-02
1.129969768226146698e-02
1.368552260100841522e-02
8.928104303777217865e-03
8.867129683494567871e-03
1.067686453461647034e-02
1.090096868574619293e-02
8.763100951910018921e-03
1.083168387413024902e-02
1.081307791173458099e-02
1.281330641359090805e-02
1.022198051214218140e-02
9.827369824051856995e-03
7.771848700940608978e-03
1.192424446344375610e-02
1.260875724256038666e-02
1.014648564159870148e-02
1.065633259713649750e-02
1.054958440363407135e-02
1.075803488492965698e-02
1.226893067359924316e-02
1.169076003134250641e-02
9.355184622108936310e-03
1.097530126571655273e-02
1.261174585670232773e-02
9.678931906819343567e-03
1.037162728607654572e-02
7.723375689238309860e-03
9.247573092579841614e-03
6.971388589590787888e-03
9.602605365216732025e-03
1.347026508301496506e-02
1.029372122138738632e-02
1.033277064561843872e-02
9.675411507487297058e-03
9.762097150087356567e-03
1.215666159987449646e-02
6.610572338104248047e-03
9.749329648911952972e-03
1.069879904389381409e-02
1.220198906958103180e-02
7.998705841600894928e-03
7.560670375823974609e-03
1.034834887832403183e-02
9.101404808461666107e-03
1.142035424709320068e-02
1.025266200304031372e-02
8.703775703907012939e-03
9.051157161593437195e-03
8.458738215267658234e-03
1.020917668938636780e-02
1.112484466284513474e-02
8.887138217687606812e-03
1.108564250171184540e-02
1.370754372328519821e-02
1.036690734326839447e-02
1.056281477212905884e-02
9.803343564271926880e-03
7.862485013902187347e-03
9.453650563955307007e-03
1.057964749634265900e-02
1.413069665431976318e-02
1.111982669681310654e-02
1.165139954537153244e-02
8.725142106413841248e-03
1.164811104536056519e-02
8.521772921085357666e-03
9.374423883855342865e-03
8.688027039170265198e-03
8.264477364718914032e-03
1.202227547764778137e-02
1.212314795702695847e-02
1.044504903256893158e-02
9.576438926160335541e-03
9.764833375811576843e-03
1.169660966843366623e-02
1.000741496682167053e-02
9.894986636936664581e-03
9.820193052291870117e-03
1.200997363775968552e-02
9.924001991748809814e-03
1.249017566442489624e-02
1.011784747242927551e-02
9.649980813264846802e-03
1.039578858762979507e-02
7.809336297214031219e-03
9.555796161293983459e-03
1.071951817721128464e-02
9.047214873135089874e-03
1.007060147821903229e-02
1.040841825306415558e-02
1.130627747625112534e-02
8.246785961091518402e-03
7.714918814599514008e-03
9.940067306160926819e-03
1.007198169827461243e-02
9.081676602363586426e-03
7.819614373147487640e-03
9.048106148838996887e-03
7.098997943103313446e-03
7.542430423200130463e-03
7.235833909362554550e-03
1.242393627762794495e-02
1.072487514466047287e-02
8.253693580627441406e-03
1.139639876782894135e-02
1.063635200262069702e-02
1.091384701430797577e-02
1.298647653311491013e-02
8.976396173238754272e-03
1.124959811568260193e-02
1.021359860897064209e-02
9.041689336299896240e-03
1.271536760032176971e-02
8.291360922157764435e-03
8.516199886798858643e-03
1.143630594015121460e-02
1.148001383990049362e-02
9.656452573835849762e-03
1.211467292159795761e-02
7.232710719108581543e-03
9.715100750327110291e-03
8.643365465104579926e-03
1.060761325061321259e-02
8.639660663902759552e-03
9.019464254379272461e-03
8.689899928867816925e-03
1.215171441435813904e-02
8.933886885643005371e-03
8.473778143525123596e-03
9.490574710071086884e-03
9.980164468288421631e-03
7.903157733380794525e-03
9.035406634211540222e-03
1.097374688833951950e-02
9.218459948897361755e-03
1.017926633358001709e-02
1.114824321120977402e-02
1.242910232394933701e-02
9.146600030362606049e-03
9.730204939842224121e-03
1.062968932092189789e-02
9.039032272994518280e-03
6.657907273620367050e-03
8.286461234092712402e-03
1.265508215874433517e-02
1.166678406298160553e-02
9.352810680866241455e-03
8.607836440205574036e-03
7.566809654235839844e-03
1.267477497458457947e-02
1.036049053072929382e-02
8.493150584399700165e-03
8.760495111346244812e-03
1.051699183881282806e-02
1.037301681935787201e-02
1.059416122734546661e-02
1.274687051773071289e-02
8.942451328039169312e-03
9.491233155131340027e-03
1.008012518286705017e-02
1.108442805707454681e-02
8.222946897149085999e-03
8.019558154046535492e-03
8.380251936614513397e-03
1.095722895115613937e-02
1.033026725053787231e-02
8.927704766392707825e-03
1.045163162052631378e-02
9.323040954768657684e-03
1.075922697782516479e-02
1.068730559200048447e-02
9.815365076065063477e-03
9.824786335229873657e-03
7.939893752336502075e-03
7.155309431254863739e-03
8.346531540155410767e-03
1.026020478457212448e-02
9.524215944111347198e-03
9.083221666514873505e-03
8.644225075840950012e-03
9.480202570557594299e-03
6.847023963928222656e-03
1.061236672103404999e-02
1.122079696506261826e-02
8.967754431068897247e-03
7.196362130343914032e-03
7.712206803262233734e-03
9.252306073904037476e-03
9.461974725127220154e-03
8.311472833156585693e-03
7.380187511444091797e-03
8.792787790298461914e-03
8.077087812125682831e-03
9.216320700943470001e-03
7.633775006979703903e-03
7.747482042759656906e-03
7.559738121926784515e-03
8.823757059872150421e-03
7.831768132746219635e-03
9.158082306385040283e-03
5.156863015145063400e-03
7.697091903537511826e-03
1.300505548715591431e-02
7.371915038675069809e-03
8.698731660842895508e-03
7.072135340422391891e-03
7.624890655279159546e-03
9.519848972558975220e-03
1.043498050421476364e-02
8.717155084013938904e-03
8.977320045232772827e-03
9.365430101752281189e-03
5.142057314515113831e-03
8.561725728213787079e-03
7.020959164947271347e-03
9.323631413280963898e-03
8.500310592353343964e-03
8.758811280131340027e-03
7.728624623268842697e-03
7.225829176604747772e-03
9.153606370091438293e-03
9.702736511826515198e-03
7.363365031778812408e-03
7.949938997626304626e-03
9.182468056678771973e-03
1.056235190480947495e-02
8.496867492794990540e-03
9.885028004646301270e-03
1.442821696400642395e-02
8.202291093766689301e-03
9.474219754338264465e-03
1.223480328917503357e-02
8.680615574121475220e-03
1.046509854495525360e-02
8.336266502737998962e-03
8.619573898613452911e-03
8.606980554759502411e-03
7.407217286527156830e-03
6.527144461870193481e-03
9.182304143905639648e-03
9.725145064294338226e-03
7.156729232519865036e-03
1.041333004832267761e-02
7.960056886076927185e-03
6.795047782361507416e-03
9.160930290818214417e-03
8.302016183733940125e-03
8.150610141456127167e-03
9.494867175817489624e-03
9.303996339440345764e-03
1.019556075334548950e-02
9.381135925650596619e-03
6.896225269883871078e-03
6.389900110661983490e-03
6.318925879895687103e-03
8.364809677004814148e-03
7.173631340265274048e-03
7.850598543882369995e-03
7.732431404292583466e-03
8.904287591576576233e-03
6.967469584196805954e-03
6.655413191765546799e-03
7.476977072656154633e-03
8.086586371064186096e-03
8.405901491641998291e-03
7.940784096717834473e-03
7.156932260841131210e-03
7.515029516071081161e-03
7.664056029170751572e-03
8.801246061921119690e-03
6.754409521818161011e-03
9.047882631421089172e-03
6.432089023292064667e-03
7.511360105127096176e-03
7.426532916724681854e-03
1.003495045006275177e-02
9.461711160838603973e-03
7.538379170000553131e-03
8.451475761830806732e-03
9.311219677329063416e-03
5.632583051919937134e-03
9.176811203360557556e-03
5.584794096648693085e-03
7.010951172560453415e-03
7.952065207064151764e-03
1.001943927258253098e-02
8.250679820775985718e-03
6.432493682950735092e-03
7.363501004874706268e-03
6.646791007369756699e-03
7.144179195165634155e-03
9.344961494207382202e-03
6.797873880714178085e-03
8.878306485712528229e-03
5.053389817476272583e-03
5.883285775780677795e-03
7.081837859004735947e-03
6.534720771014690399e-03
7.251979783177375793e-03
6.635609082877635956e-03
7.356507703661918640e-03
7.472577970474958420e-03
6.877544336020946503e-03
8.105454966425895691e-03
7.372413761913776398e-03
8.174370974302291870e-03
6.613165140151977539e-03
5.902066826820373535e-03
5.509320180863142014e-03
4.926707129925489426e-03
6.127936299890279770e-03
6.712510250508785248e-03
6.929666735231876373e-03
5.923844408243894577e-03
6.743223872035741806e-03
7.288026623427867889e-03
6.052346434444189072e-03
5.205065011978149414e-03
6.300068460404872894e-03
6.293618120253086090e-03
6.400474347174167633e-03
5.849159322679042816e-03
8.990041911602020264e-03
7.567518856376409531e-03
5.988481454551219940e-03
6.335048936307430267e-03
6.136819720268249512e-03
6.105288863182067871e-03
6.019403692334890366e-03
7.855890318751335144e-03
5.431372206658124924e-03
6.208720616996288300e-03
6.161238532513380051e-03
7.485599257051944733e-03
5.932220257818698883e-03
6.003380753099918365e-03
7.571770809590816498e-03
5.464754998683929443e-03
6.371477153152227402e-03
5.933398380875587463e-03
7.109639234840869904e-03
5.983840674161911011e-03
8.250995539128780365e-03
6.473391782492399216e-03
5.420838948339223862e-03
7.630733773112297058e-03
6.376855075359344482e-03
5.942725576460361481e-03
5.981478840112686157e-03
7.046433165669441223e-03
4.766154102981090546e-03
6.138560827821493149e-03
6.811952218413352966e-03
7.880978286266326904e-03
6.331326439976692200e-03
8.316963911056518555e-03
4.946602042764425278e-03
8.132984861731529236e-03
7.880932651460170746e-03
7.860358804464340210e-03
7.963793352246284485e-03
6.786645855754613876e-03
6.730848457664251328e-03
4.660327918827533722e-03
6.079019512981176376e-03
6.845378782600164413e-03
7.212910801172256470e-03
7.872210815548896790e-03
5.678098648786544800e-03
6.515565328299999237e-03
6.516681052744388580e-03
8.542350493371486664e-03
7.322311401367187500e-03
6.214494816958904266e-03
5.899019539356231689e-03
6.764913909137248993e-03
6.656014826148748398e-03
6.325557827949523926e-03
6.826601456850767136e-03
6.222769618034362793e-03
4.645472858101129532e-03
5.155667196959257126e-03
6.617925129830837250e-03
8.169906213879585266e-03
5.150957964360713959e-03
7.511236704885959625e-03
6.793545093387365341e-03
7.425564806908369064e-03
6.914734374731779099e-03
9.306891821324825287e-03
6.518933922052383423e-03
6.238112226128578186e-03
6.435861345380544662e-03
7.813198491930961609e-03
9.201573207974433899e-03
9.498710744082927704e-03
7.635691203176975250e-03
1.024101953953504562e-02
7.394857704639434814e-03
6.098384968936443329e-03
8.357593789696693420e-03
9.199124760925769806e-03
7.420434616506099701e-03
1.091830246150493622e-02
7.077827118337154388e-03
9.779328480362892151e-03
7.279669400304555893e-03
7.347960956394672394e-03
7.613185793161392212e-03
7.024369202554225922e-03
5.593955051153898239e-03
7.260228507220745087e-03
5.178757943212985992e-03
5.144608207046985626e-03
7.001083344221115112e-03
6.934269331395626068e-03
7.940573617815971375e-03
8.328839205205440521e-03
6.914172321557998657e-03
8.072536438703536987e-03
1.108355354517698288e-02
6.066595669835805893e-03
6.701122038066387177e-03
9.048590436577796936e-03
6.725418381392955780e-03
5.630273371934890747e-03
5.607076920568943024e-03
6.805547978729009628e-03
4.881286993622779846e-03
6.725841667503118515e-03
7.160190027207136154e-03
8.247791789472103119e-03
5.924500524997711182e-03
7.993718609213829041e-03
1.138355769217014313e-02
8.697766810655593872e-03
5.867240484803915024e-03
4.667525645345449448e-03
7.913915440440177917e-03
6.322726141661405563e-03
5.142855457961559296e-03
6.210809107869863510e-03
7.152487989515066147e-03
5.260447971522808075e-03
6.545972079038619995e-03
5.813935305923223495e-03
5.652938969433307648e-03
7.468283176422119141e-03
6.059757899492979050e-03
7.648139260709285736e-03
7.972830906510353088e-03
8.062572218477725983e-03
5.095542408525943756e-03
4.744457080960273743e-03
7.686255034059286118e-03
7.778539322316646576e-03
6.878502666950225830e-03
4.759892821311950684e-03
6.942759267985820770e-03
7.359143346548080444e-03
6.298340857028961182e-03
6.311677396297454834e-03
4.518023692071437836e-03
4.914665129035711288e-03
7.727620657533407211e-03
7.614455185830593109e-03
6.944498047232627869e-03
8.626945316791534424e-03
6.714267190545797348e-03
4.999495111405849457e-03
7.272395305335521698e-03
5.166284739971160889e-03
7.219871040433645248e-03
6.546860095113515854e-03
4.831715486943721771e-03
8.357167243957519531e-03
5.871348083019256592e-03
5.596158560365438461e-03
7.331425324082374573e-03
5.430623423308134079e-03
4.656912293285131454e-03
6.123855244368314743e-03
4.497033543884754181e-03
4.339879378676414490e-03
6.191477179527282715e-03
7.626082748174667358e-03
6.368971895426511765e-03
6.052873563021421432e-03
5.705175455659627914e-03
4.616477061063051224e-03
3.970802761614322662e-03
7.154996506869792938e-03
5.315949209034442902e-03
5.025768652558326721e-03
3.928354009985923767e-03
6.044343113899230957e-03
4.814185202121734619e-03
5.771032534539699554e-03
4.744422622025012970e-03
3.202151041477918625e-03
5.841079633682966232e-03
5.112024955451488495e-03
3.768891794607043266e-03
5.631115287542343140e-03
5.337056703865528107e-03
4.904201254248619080e-03
4.940554033964872360e-03
5.631142761558294296e-03
5.132221616804599762e-03
5.223991349339485168e-03
4.662094637751579285e-03
8.437199518084526062e-03
4.776761401444673538e-03
4.608271177858114243e-03
5.201149266213178635e-03
3.933508880436420441e-03
3.755774814635515213e-03
3.903669770807027817e-03
4.635666962713003159e-03
5.436907522380352020e-03
4.975810181349515915e-03
4.104246385395526886e-03
5.094205494970083237e-03
4.699266515672206879e-03
5.953758023679256439e-03
4.923051223158836365e-03
3.191558178514242172e-03
3.866379614919424057e-03
4.272215068340301514e-03
4.742877557873725891e-03
4.588302690535783768e-03
4.220842849463224411e-03
6.277810316532850266e-03
5.206044763326644897e-03
6.062208674848079681e-03
4.329646006226539612e-03
5.454731639474630356e-03
5.738685838878154755e-03
4.166874103248119354e-03
5.122710950672626495e-03
3.923797514289617538e-03
5.405604839324951172e-03
4.402724094688892365e-03
6.103578954935073853e-03
6.486525759100914001e-03
6.177281495183706284e-03
5.676733329892158508e-03
5.903079174458980560e-03
4.956304095685482025e-03
5.010270979255437851e-03
4.979104734957218170e-03
7.177162915468215942e-03
5.603014491498470306e-03
4.942225292325019836e-03
7.597802206873893738e-03
6.864638533443212509e-03
6.210749503225088120e-03
6.099930033087730408e-03
4.543095361441373825e-03
7.086244877427816391e-03
6.014288868755102158e-03
6.200976204127073288e-03
4.537356551736593246e-03
6.605535745620727539e-03
6.903111469000577927e-03
4.895754158496856689e-03
5.646474193781614304e-03
6.841022521257400513e-03
3.957344219088554382e-03
5.218659993261098862e-03
5.133863072842359543e-03
8.967909961938858032e-03
5.114914383739233017e-03
4.304357338696718216e-03
3.926290199160575867e-03
6.128338631242513657e-03
4.706268664449453354e-03
4.980238154530525208e-03
4.179527983069419861e-03
4.212220665067434311e-03
5.031343549489974976e-03
4.681792575865983963e-03
3.964341711252927780e-03
5.237311124801635742e-03
4.691611044108867645e-03
4.287786781787872314e-03
4.979844205081462860e-03
4.902947694063186646e-03
4.276966676115989685e-03
3.884888254106044769e-03
3.498690202832221985e-03
5.761306732892990112e-03
3.719085827469825745e-03
3.474865574389696121e-03
6.308818235993385315e-03
3.641879884526133537e-03
4.657843150198459625e-03
5.681891925632953644e-03
4.221635870635509491e-03
4.108708817511796951e-03
4.719142802059650421e-03
4.020478576421737671e-03
5.315690767019987106e-03
3.713450394570827484e-03
4.375644959509372711e-03
4.723235964775085449e-03
5.265217274427413940e-03
4.079395905137062073e-03
3.867223393172025681e-03
3.559780307114124298e-03
5.075362510979175568e-03
4.343022592365741730e-03
3.686029231175780296e-03
3.085260745137929916e-03
4.214562475681304932e-03
4.686622880399227142e-03
3.777742153033614159e-03
3.976656123995780945e-03
4.165733698755502701e-03
4.540337715297937393e-03
3.475346602499485016e-03
6.189887877553701401e-03
4.608140792697668076e-03
4.303352907299995422e-03
4.088691435754299164e-03
4.074261523783206940e-03
4.053042735904455185e-03
4.972182679921388626e-03
3.838457865640521049e-03
5.739432759582996368e-03
4.508371464908123016e-03
4.181759431958198547e-03
4.455156624317169189e-03
3.888309933245182037e-03
4.289881326258182526e-03
5.002642981708049774e-03
1.053205411881208420e-02
4.853431601077318192e-03
6.397909484803676605e-03
4.490949679166078568e-03
6.705231964588165283e-03
4.011156968772411346e-03
4.356928635388612747e-03
6.551095284521579742e-03
5.257728509604930878e-03
4.289288073778152466e-03
4.408523440361022949e-03
4.426915198564529419e-03
4.436965566128492355e-03
4.461416509002447128e-03
4.558529239147901535e-03
4.426913335919380188e-03
4.468587227165699005e-03
4.604274872690439224e-03
3.349695354700088501e-03
4.643762018531560898e-03
4.112301394343376160e-03
5.189969670027494431e-03
4.460714757442474365e-03
4.515144042670726776e-03
3.722455352544784546e-03
3.655885811895132065e-03
4.981100559234619141e-03
8.139163255691528320e-03
5.193652119487524033e-03
3.296019509434700012e-03
4.124898463487625122e-03
4.101173486560583115e-03
4.898004233837127686e-03
3.939312882721424103e-03
5.354614928364753723e-03
4.174102097749710083e-03
4.712513647973537445e-03
3.346654353663325310e-03
3.567425534129142761e-03
3.701241221278905869e-03
3.302015364170074463e-03
3.232998307794332504e-03
3.495230805128812790e-03
4.923860542476177216e-03
4.534441046416759491e-03
2.701996359974145889e-03
6.254471372812986374e-03
3.700652625411748886e-03
7.401611655950546265e-03
5.127617157995700836e-03
4.876785911619663239e-03
5.072902888059616089e-03
6.956140510737895966e-03
8.678662590682506561e-03
5.205472931265830994e-03
5.144544877111911774e-03
5.219881422817707062e-03
4.606653936207294464e-03
4.277451895177364349e-03
6.141467019915580750e-03
3.884081495925784111e-03
5.424916278570890427e-03
4.844087176024913788e-03
4.588811658322811127e-03
5.595012567937374115e-03
6.722554564476013184e-03
9.066189639270305634e-03
3.166210604831576347e-03
7.428005337715148926e-03
5.847349762916564941e-03
7.207301910966634750e-03
4.555945284664630890e-03
6.040717475116252899e-03
5.681014619767665863e-03
7.968228310346603394e-03
4.402890801429748535e-03
6.027174647897481918e-03
5.915872287005186081e-03
6.882693618535995483e-03
5.431523080915212631e-03
6.558649241924285889e-03
6.298862397670745850e-03
5.909479688853025436e-03
5.945691373199224472e-03
5.153292790055274963e-03
4.357266705483198166e-03
5.404261872172355652e-03
4.469589795917272568e-03
4.066485445946455002e-03
4.821468610316514969e-03
3.554923459887504578e-03
5.417545791715383530e-03
4.849673714488744736e-03
4.454312380403280258e-03
4.626295994967222214e-03
3.946898039430379868e-03
3.953248728066682816e-03
4.624074324965476990e-03
5.419171415269374847e-03
4.134706687182188034e-03
5.236373282968997955e-03
4.423805512487888336e-03
3.739179112017154694e-03
4.717443138360977173e-03
4.129122942686080933e-03
3.907372709363698959e-03
3.645222168415784836e-03
3.760806052014231682e-03
4.016744904220104218e-03
3.733380232006311417e-03
3.756120335310697556e-03
3.751880954951047897e-03
4.071878734976053238e-03
3.335660789161920547e-03
5.263442173600196838e-03
3.081050468608736992e-03
2.962937578558921814e-03
4.065391141921281815e-03
3.106577787548303604e-03
3.414521692320704460e-03
3.654186613857746124e-03
3.889843355864286423e-03
3.006067825481295586e-03
5.993857979774475098e-03
3.814102616161108017e-03
3.191239666193723679e-03
3.497756086289882660e-03
2.675407100468873978e-03
4.243504256010055542e-03
3.332829801365733147e-03
2.646396402269601822e-03
3.494552103802561760e-03
3.689492121338844299e-03
2.971765585243701935e-03
3.313245251774787903e-03
3.298350377008318901e-03
3.378205699846148491e-03
2.844228176400065422e-03
3.231002017855644226e-03
4.893507808446884155e-03
4.326166585087776184e-03
3.813517978414893150e-03
3.041119780391454697e-03
4.643389489501714706e-03
5.246221553534269333e-03
5.590703338384628296e-03
4.010104108601808548e-03
3.183775115758180618e-03
3.936951979994773865e-03
3.429821459576487541e-03
3.982148133218288422e-03
4.016620106995105743e-03
4.031917080283164978e-03
2.732662251219153404e-03
5.035242531448602676e-03
3.304097568616271019e-03
4.676572978496551514e-03
4.158922471106052399e-03
3.848572727292776108e-03
4.034200683236122131e-03
4.898650571703910828e-03
5.532297305762767792e-03
5.358519032597541809e-03
3.587010782212018967e-03
4.775339271873235703e-03
5.178693681955337524e-03
3.656796645373106003e-03
3.195538185536861420e-03
3.755554556846618652e-03
3.857580479234457016e-03
3.230879083275794983e-03
3.947000950574874878e-03
4.030159674584865570e-03
4.692823626101016998e-03
4.846540745347738266e-03
2.658430254086852074e-03
3.149206517264246941e-03
3.278629388660192490e-03
3.060444025322794914e-03
4.916606005281209946e-03
3.707855474203824997e-03
6.582907401025295258e-03
4.423612263053655624e-03
4.741097334772348404e-03
4.227589815855026245e-03
7.752391509711742401e-03
5.622211378067731857e-03
5.791883915662765503e-03
5.628155544400215149e-03
5.734629929065704346e-03
5.552200134843587875e-03
5.868200212717056274e-03
4.036218859255313873e-03
5.621719174087047577e-03
4.086510278284549713e-03
4.502044524997472763e-03
3.203374100849032402e-03
7.290457841008901596e-03
4.890318494290113449e-03
4.003139212727546692e-03
5.358958616852760315e-03
5.070697050541639328e-03
3.458603052422404289e-03
4.150742664933204651e-03
4.372670315206050873e-03
5.310290493071079254e-03
5.723306443542242050e-03
3.668191842734813690e-03
3.669669851660728455e-03
3.662569448351860046e-03
3.744304180145263672e-03
5.668225698173046112e-03
2.976212184876203537e-03
3.889007028192281723e-03
4.158624447882175446e-03
6.050378084182739258e-03
4.504595883190631866e-03
5.335274152457714081e-03
4.632634576410055161e-03
6.766457110643386841e-03
3.656376851722598076e-03
5.359206348657608032e-03
4.696401767432689667e-03
3.702805144712328911e-03
6.189720239490270615e-03
3.693081438541412354e-03
3.109663259238004684e-03
4.063504748046398163e-03
3.486502915620803833e-03
3.470712108537554741e-03
4.361323080956935883e-03
3.515328746289014816e-03
5.401815287768840790e-03
2.561138477176427841e-03
3.985700663179159164e-03
5.638116039335727692e-03
4.548239056020975113e-03
4.065189510583877563e-03
3.072369378060102463e-03
4.236618988215923309e-03
3.338166512548923492e-03
2.510365797206759453e-03
4.058296326547861099e-03
3.696022089570760727e-03
4.705378785729408264e-03
3.700877074152231216e-03
3.730735508725047112e-03
3.228558925911784172e-03
4.474814049899578094e-03
3.046138212084770203e-03
3.325221594423055649e-03
2.780227689072489738e-03
3.220770508050918579e-03
3.347903490066528320e-03
2.819573041051626205e-03
3.358155954629182816e-03
4.005829803645610809e-03
3.561211749911308289e-03
2.979432698339223862e-03
3.376364475116133690e-03
2.589964540675282478e-03
2.672507893294095993e-03
4.279272630810737610e-03
3.362317569553852081e-03
3.197689307853579521e-03
2.531880512833595276e-03
3.771484596654772758e-03
2.817090600728988647e-03
4.310023505240678787e-03
2.982165431603789330e-03
4.917352925986051559e-03
2.949211280792951584e-03
2.683058381080627441e-03
3.724612295627593994e-03
2.673151670023798943e-03
3.103483468294143677e-03
3.069975879043340683e-03
2.624873071908950806e-03
3.150403033941984177e-03
3.911977633833885193e-03
3.213485702872276306e-03
2.989391563460230827e-03
3.880657022818922997e-03
2.488055964931845665e-03
2.730731386691331863e-03
3.626676276326179504e-03
3.064000047743320465e-03
3.006074577569961548e-03
2.835508435964584351e-03
3.451542928814888000e-03
4.062197636812925339e-03
3.356341272592544556e-03
3.221386112272739410e-03
3.301315708085894585e-03
2.243210095912218094e-03
3.408687887713313103e-03
3.358672838658094406e-03
3.506493521854281425e-03
3.027780447155237198e-03
3.583819372579455376e-03
3.044171957299113274e-03
2.839874243363738060e-03
3.604420227929949760e-03
3.439739346504211426e-03
3.550077555701136589e-03
2.473851433023810387e-03
2.991186222061514854e-03
4.320036154240369797e-03
2.231317572295665741e-03
2.619255334138870239e-03
3.234235104173421860e-03
3.400137647986412048e-03
2.977482043206691742e-03
3.243535291403532028e-03
2.922963351011276245e-03
3.232862334698438644e-03
3.239785321056842804e-03
2.885556546971201897e-03
3.702884539961814880e-03
2.610469935461878777e-03
3.326806705445051193e-03
2.993800444528460503e-03
3.283336758613586426e-03
2.914213109761476517e-03
2.490977523848414421e-03
2.572416095063090324e-03
3.115864470601081848e-03
3.240014193579554558e-03
4.220013041049242020e-03
2.693492919206619263e-03
2.460071351379156113e-03
3.703330410644412041e-03
3.186872694641351700e-03
2.747291699051856995e-03
2.939515747129917145e-03
3.309466643258929253e-03
3.747789189219474792e-03
2.916941884905099869e-03
2.341550774872303009e-03
4.392997361719608307e-03
3.115184372290968895e-03
3.107227152213454247e-03
2.526758937165141106e-03
3.049058374017477036e-03
2.773887477815151215e-03
2.945633372291922569e-03
3.189431503415107727e-03
2.920486032962799072e-03
3.298228373751044273e-03
2.944783307611942291e-03
2.397072268649935722e-03
2.701796591281890869e-03
2.299699932336807251e-03
2.637657802551984787e-03
3.183838445693254471e-03
2.691972069442272186e-03
3.786923363804817200e-03
2.857093466445803642e-03
3.168063005432486534e-03
3.760092658922076225e-03
3.699751570820808411e-03
2.621419727802276611e-03
2.780566690489649773e-03
2.465764060616493225e-03
3.054960630834102631e-03
3.347453428432345390e-03
3.010191023349761963e-03
3.430449403822422028e-03
2.768149366602301598e-03
3.907314501702785492e-03
2.622255589812994003e-03
3.451882395893335342e-03
2.736075548455119133e-03
3.503361716866493225e-03
4.076349548995494843e-03
2.610895317047834396e-03
2.805714262649416924e-03
7.043853402137756348e-03
4.496146924793720245e-03
3.326472593471407890e-03
3.498963778838515282e-03
4.340042360126972198e-03
3.287537023425102234e-03
3.062524367123842239e-03
3.464136039838194847e-03
4.364425316452980042e-03
4.173852037638425827e-03
4.026218317449092865e-03
3.216855693608522415e-03
4.048099275678396225e-03
2.734440844506025314e-03
3.594852518290281296e-03
4.258124157786369324e-03
3.379611996933817863e-03
6.298469379544258118e-03
3.877308219671249390e-03
2.812550868839025497e-03
4.685740917921066284e-03
3.867038292810320854e-03
3.717320738360285759e-03
2.837697509676218033e-03
3.340722061693668365e-03
3.731105476617813110e-03
4.532638471573591232e-03
3.273389302194118500e-03
2.517454791814088821e-03
2.887359354645013809e-03
3.008383791893720627e-03
2.886247588321566582e-03
3.158010076731443405e-03
4.499508067965507507e-03
2.778724767267704010e-03
2.743456047028303146e-03
2.796096727252006531e-03
3.293123561888933182e-03
3.096394240856170654e-03
2.615450415760278702e-03
2.550307195633649826e-03
3.563566599041223526e-03
4.308112896978855133e-03
3.583570010960102081e-03
3.609156701713800430e-03
3.919647540897130966e-03
3.512321738526225090e-03
2.925709588453173637e-03
3.522683633491396904e-03
3.474824130535125732e-03
3.224763786420226097e-03
2.881876658648252487e-03
2.685453277081251144e-03
2.583290915936231613e-03
3.027680097147822380e-03
3.285916522145271301e-03
2.958055585622787476e-03
3.047669073566794395e-03
2.361752558499574661e-03
2.865689573809504509e-03
3.120676381513476372e-03
2.907059853896498680e-03
3.421104978770017624e-03
2.574650337919592857e-03
2.413980895653367043e-03
2.592932432889938354e-03
3.265588311478495598e-03
3.466611495241522789e-03
3.148951334878802299e-03
4.545745905488729477e-03
2.287183422595262527e-03
3.685635048896074295e-03
2.425260841846466064e-03
2.724157180637121201e-03
2.931793686002492905e-03
2.317352918907999992e-03
2.847888506948947906e-03
3.213357180356979370e-03
4.311527591198682785e-03
2.853815443813800812e-03
3.720940556377172470e-03
2.900005783885717392e-03
3.613938344642519951e-03
3.123212140053510666e-03
3.659571288153529167e-03
2.672359114512801170e-03
3.496944438666105270e-03
2.825320698320865631e-03
3.259513061493635178e-03
2.824717666953802109e-03
3.073166590183973312e-03
2.859003841876983643e-03
4.238597117364406586e-03
3.637408604845404625e-03
2.856962382793426514e-03
2.952096518129110336e-03
2.667401684448122978e-03
4.018197767436504364e-03
2.313063479959964752e-03
2.929013222455978394e-03
3.026153659448027611e-03
2.848931122571229935e-03
2.900619059801101685e-03
2.227626508101820946e-03
3.292630193755030632e-03
2.652410883456468582e-03
3.528181463479995728e-03
2.931589959189295769e-03
3.081221133470535278e-03
2.789937658235430717e-03
3.552454058080911636e-03
3.305207937955856323e-03
4.118432756513357162e-03
2.857513492926955223e-03
4.335002508014440536e-03
2.976349322125315666e-03
3.962183371186256409e-03
2.834280719980597496e-03
2.924422500655055046e-03
5.292476620525121689e-03
3.478499827906489372e-03
3.011839464306831360e-03
2.276969607919454575e-03
2.743650227785110474e-03
2.596054226160049438e-03
2.950192196294665337e-03
2.950752153992652893e-03
3.317272989079356194e-03
3.471298841759562492e-03
3.245356492698192596e-03
3.578274045139551163e-03
3.425448201596736908e-03
3.209749236702919006e-03
2.523060888051986694e-03
3.027318045496940613e-03
2.630350645631551743e-03
2.963494509458541870e-03
2.745359204709529877e-03
3.245137166231870651e-03
2.540027257055044174e-03
3.386855823919177055e-03
3.915485925972461700e-03
4.041838925331830978e-03
3.050781553611159325e-03
4.829049110412597656e-03
2.518373308703303337e-03
2.637145575135946274e-03
2.388434251770377159e-03
3.889808198437094688e-03
2.468624850735068321e-03
2.861537737771868706e-03
3.455311758443713188e-03
3.651873208582401276e-03
3.712740493938326836e-03
3.711889265105128288e-03
3.754505421966314316e-03
3.363860771059989929e-03
3.820467507466673851e-03
2.897720783948898315e-03
2.981163561344146729e-03
2.602437976747751236e-03
3.269070759415626526e-03
2.644477412104606628e-03
3.010452724993228912e-03
3.677839878946542740e-03
2.614310942590236664e-03
2.348143141716718674e-03
3.101510461419820786e-03
3.131910692900419235e-03
2.829121425747871399e-03
3.674272447824478149e-03
3.295364556834101677e-03
2.568097785115242004e-03
2.695132046937942505e-03
3.022690769284963608e-03
4.165282472968101501e-03
3.089222591370344162e-03
2.650295384228229523e-03
2.854739082977175713e-03
3.069898113608360291e-03
3.069281578063964844e-03
2.631887793540954590e-03
2.433392684906721115e-03
3.162983339279890060e-03
3.347447840496897697e-03
2.650607377290725708e-03
2.763041062280535698e-03
3.032574430108070374e-03
2.824911847710609436e-03
2.994816750288009644e-03
3.275709226727485657e-03
2.718660049140453339e-03
2.982040867209434509e-03
5.093933083117008209e-03
2.628232818096876144e-03
2.862516324967145920e-03
3.437982872128486633e-03
4.047501366585493088e-03
3.632490290328860283e-03
3.228537272661924362e-03
2.563726855441927910e-03
3.069377969950437546e-03
2.624453743919730186e-03
4.597905557602643967e-03
3.532715607434511185e-03
2.897656289860606194e-03
2.844115253537893295e-03
4.062594845890998840e-03
4.292817786335945129e-03
3.613984910771250725e-03
2.490348881110548973e-03
2.746198326349258423e-03
4.281213507056236267e-03
2.746665850281715393e-03
3.385430900380015373e-03
4.101875238120555878e-03
3.074503969401121140e-03
4.213891457766294479e-03
6.038154475390911102e-03
2.810167148709297180e-03
3.010733053088188171e-03
3.807926550507545471e-03
3.176739206537604332e-03
3.434552578255534172e-03
4.743061959743499756e-03
2.908738330006599426e-03
3.731879172846674919e-03
2.819817513227462769e-03
2.903522457927465439e-03
4.088130313903093338e-03
3.767250105738639832e-03
3.412040648981928825e-03
2.916068304330110550e-03
3.240080084651708603e-03
3.325415775179862976e-03
3.988620825111865997e-03
2.935086842626333237e-03
4.216820932924747467e-03
2.669633133336901665e-03
3.063604934141039848e-03
3.479976905509829521e-03
3.441812470555305481e-03
4.325396846979856491e-03
3.268108237534761429e-03
3.357949666678905487e-03
2.308044349774718285e-03
3.520661033689975739e-03
2.683971542865037918e-03
3.075141459703445435e-03
4.769989755004644394e-03
4.997956566512584686e-03
5.116451531648635864e-03
4.804141353815793991e-03
4.065071232616901398e-03
3.167824354022741318e-03
3.325311001390218735e-03
3.511983435600996017e-03
2.204716671258211136e-03
2.863812027499079704e-03
3.913406282663345337e-03
4.399168305099010468e-03
2.772881183773279190e-03
3.745097666978836060e-03
4.018988925963640213e-03
3.780169878154993057e-03
2.338777761906385422e-03
2.789365826174616814e-03
4.697719588875770569e-03
3.593667875975370407e-03
3.466698108240962029e-03
4.285646602511405945e-03
4.111843183636665344e-03
3.081938251852989197e-03
3.148871241137385368e-03
3.565708175301551819e-03
3.108694683760404587e-03
3.281168173998594284e-03
3.901255782693624496e-03
2.588180359452962875e-03
4.157761111855506897e-03
3.545394167304039001e-03
3.332864027470350266e-03
3.385652322322130203e-03
2.652072813361883163e-03
2.908478956669569016e-03
2.880388405174016953e-03
2.818245207890868187e-03
3.561428515240550041e-03
4.207608290016651154e-03
5.350677296519279480e-03
4.354966338723897934e-03
7.315260358154773712e-03
3.876435104757547379e-03
3.678773995488882065e-03
4.220306407660245895e-03
3.701884066686034203e-03
3.549800254404544830e-03
3.710581688210368156e-03
3.215591888874769211e-03
3.264800179749727249e-03
2.782792318612337112e-03
3.733954858034849167e-03
3.471314441412687302e-03
3.185584675520658493e-03
3.002146258950233459e-03
4.158852156251668930e-03
3.952689468860626221e-03
2.660975325852632523e-03
3.297446994110941887e-03
3.565932391211390495e-03
3.817705437541007996e-03
4.059026017785072327e-03
3.640723880380392075e-03
4.532883875072002411e-03
3.751373384147882462e-03
2.823969116434454918e-03
3.131870878860354424e-03
2.820768393576145172e-03
3.730399068444967270e-03
2.701366320252418518e-03
3.244430525228381157e-03
3.671840531751513481e-03
2.619085367769002914e-03
3.128752578049898148e-03
3.488825634121894836e-03
2.817768137902021408e-03
3.077581059187650681e-03
3.074098145589232445e-03
4.245121031999588013e-03
2.665575593709945679e-03
2.620827872306108475e-03
2.290153643116354942e-03
2.776032313704490662e-03
2.457508351653814316e-03
2.344278618693351746e-03
3.705769311636686325e-03
3.004058962687849998e-03
2.174637280404567719e-03
2.892456017434597015e-03
3.067184239625930786e-03
3.585635684430599213e-03
2.625254681333899498e-03
3.437329782173037529e-03
3.068778198212385178e-03
2.358352765440940857e-03
2.558176405727863312e-03
3.599701449275016785e-03
2.316514961421489716e-03
3.289606422185897827e-03
2.675470663234591484e-03
2.579337451606988907e-03
3.597748465836048126e-03
3.416695166379213333e-03
2.591533353552222252e-03
3.075908636674284935e-03
3.587373066693544388e-03
2.845034003257751465e-03
3.113530576229095459e-03
4.140766337513923645e-03
2.244775649160146713e-03
3.006718587130308151e-03
3.119859844446182251e-03
2.762039657682180405e-03
4.971042275428771973e-03
2.787823555991053581e-03
3.482471918687224388e-03
2.228449098765850067e-03
4.249263554811477661e-03
2.674171468243002892e-03
3.001737175509333611e-03
2.961428370326757431e-03
2.351076807826757431e-03
3.148250281810760498e-03
3.315986599773168564e-03
2.548979362472891808e-03
3.184961155056953430e-03
2.925636945292353630e-03
2.732221735641360283e-03
3.481912426650524139e-03
2.689176704734563828e-03
2.200369257479906082e-03
2.891188254579901695e-03
2.174249617382884026e-03
2.927341265603899956e-03
2.425046171993017197e-03
2.948309062048792839e-03
2.517816610634326935e-03
3.005309961736202240e-03
2.611867617815732956e-03
3.025856567546725273e-03
2.203368581831455231e-03
2.147415187209844589e-03
2.842092653736472130e-03
3.251119982451200485e-03
2.931071212515234947e-03
2.399496501311659813e-03
3.335291519761085510e-03
2.274582395330071449e-03
2.845044014975428581e-03
2.696078037843108177e-03
2.684813458472490311e-03
2.532852813601493835e-03
3.120870096608996391e-03
2.838131738826632500e-03
4.027931950986385345e-03
2.507862169295549393e-03
3.752807155251502991e-03
2.603753237053751945e-03
2.912303432822227478e-03
2.271001925691962242e-03
3.913414664566516876e-03
2.652502385899424553e-03
2.570446580648422241e-03
3.153442870825529099e-03
2.395678078755736351e-03
4.453667905181646347e-03
2.559452317655086517e-03
3.016401082277297974e-03
2.940635662525892258e-03
4.234855528920888901e-03
2.524611540138721466e-03
2.392989117652177811e-03
4.235984757542610168e-03
2.346109831705689430e-03
2.755103167146444321e-03
3.468199400231242180e-03
4.447329323738813400e-03
2.753023989498615265e-03
2.930267481133341789e-03
4.469216801226139069e-03
7.402119692414999008e-03
3.257726319134235382e-03
4.823417868465185165e-03
2.334822667762637138e-03
4.883306100964546204e-03
3.055803012102842331e-03
3.491086652502417564e-03
3.893095534294843674e-03
4.056477919220924377e-03
2.707126317545771599e-03
2.560909837484359741e-03
3.228829707950353622e-03
4.153515212237834930e-03
3.078081412240862846e-03
3.767376299947500229e-03
3.003951162099838257e-03
3.380602924153208733e-03
4.291934426873922348e-03
2.755805384367704391e-03
9.266345761716365814e-03
3.093128558248281479e-03
3.709400072693824768e-03
4.086755216121673584e-03
2.747797174379229546e-03
6.421575322747230530e-03
3.377318149432539940e-03
3.314179135486483574e-03
2.676512813195586205e-03
2.749108476564288139e-03
2.715815557166934013e-03
3.232566174119710922e-03
3.949181642383337021e-03
2.396429888904094696e-03
2.571691293269395828e-03
3.319954965263605118e-03
3.041718155145645142e-03
2.897501690313220024e-03
4.139042925089597702e-03
3.118027700111269951e-03
3.761710133403539658e-03
2.845778828486800194e-03
3.540986683219671249e-03
4.026358947157859802e-03
2.615805249661207199e-03
3.022906836122274399e-03
3.170653013512492180e-03
3.711378201842308044e-03
2.937519922852516174e-03
3.125677583739161491e-03
2.571323420852422714e-03
3.770678769797086716e-03
2.899838145822286606e-03
3.175443038344383240e-03
2.480012131854891777e-03
2.806991338729858398e-03
3.926700912415981293e-03
2.629067283123731613e-03
2.462389413267374039e-03
3.039550734683871269e-03
3.138688160106539726e-03
5.414812825620174408e-03
3.537879791110754013e-03
2.722956240177154541e-03
3.740452695637941360e-03
2.199755050241947174e-03
2.493042498826980591e-03
3.430704586207866669e-03
3.149585332721471786e-03
2.227585064247250557e-03
3.436013590544462204e-03
2.790519036352634430e-03
3.337427042424678802e-03
2.857056213542819023e-03
3.682246431708335876e-03
3.809310263022780418e-03
2.318046521395444870e-03
3.600005060434341431e-03
2.181526971980929375e-03
2.757666632533073425e-03
3.997689578682184219e-03
2.532653277739882469e-03
3.339078277349472046e-03
4.276235587894916534e-03
2.472135238349437714e-03
4.175871610641479492e-03
3.805525600910186768e-03
2.555012004449963570e-03
3.310357918962836266e-03
3.551792120561003685e-03
2.441563643515110016e-03
3.678604960441589355e-03
3.314171452075242996e-03
2.600023755803704262e-03
2.176698995754122734e-03
2.415803261101245880e-03
2.448695711791515350e-03
3.559030592441558838e-03
2.471439074724912643e-03
2.508964855223894119e-03
2.070343354716897011e-03
4.088164772838354111e-03
3.244114574044942856e-03
2.922182437032461166e-03
3.115791827440261841e-03
2.471186220645904541e-03
2.765436423942446709e-03
2.382290316745638847e-03
3.000432159751653671e-03
2.756828442215919495e-03
3.051097271963953972e-03
3.013779874891042709e-03
2.669977024197578430e-03
2.863541943952441216e-03
4.158686380833387375e-03
2.533988794311881065e-03
3.525298554450273514e-03
3.942492417991161346e-03
2.958968281745910645e-03
2.414229791611433029e-03
2.413191599771380424e-03
3.849460510537028313e-03
2.638234524056315422e-03
3.581825643777847290e-03
3.577033523470163345e-03
2.613303018733859062e-03
2.971230074763298035e-03
3.303422359749674797e-03
4.170627798885107040e-03
3.049355698749423027e-03
2.900818362832069397e-03
2.873417921364307404e-03
4.918808117508888245e-03
6.827432662248611450e-03
6.694430019706487656e-03
1.213474106043577194e-02
2.984642051160335541e-03
6.005500908941030502e-03
5.483718588948249817e-03
1.438767276704311371e-02
1.156461518257856369e-02
1.282697729766368866e-02
8.992797695100307465e-03
1.437478139996528625e-02
1.050105970352888107e-02
5.783041473478078842e-03
1.290603168308734894e-02
4.196349065750837326e-03
1.151668094098567963e-02
8.903084322810173035e-03
5.272320471704006195e-03
6.985427811741828918e-03
8.392211981117725372e-03
8.274257183074951172e-03
4.487424157559871674e-03
1.032073795795440674e-02
7.328181993216276169e-03
4.288449417799711227e-03
7.764214184135198593e-03
4.412961658090353012e-03
6.169126369059085846e-03
7.024961523711681366e-03
5.165469832718372345e-03
5.380481481552124023e-03
4.972313530743122101e-03
5.741409957408905029e-03
5.276363343000411987e-03
2.936202567070722580e-03
5.578548647463321686e-03
3.216192126274108887e-03
4.081605002284049988e-03
3.929401747882366180e-03
3.681764472275972366e-03
3.032789565622806549e-03
4.150135442614555359e-03
2.776991110295057297e-03
3.794848686084151268e-03
3.497043624520301819e-03
3.341738134622573853e-03
3.544949693605303764e-03
3.118227701634168625e-03
3.371250582858920097e-03
2.879539504647254944e-03
3.956186585128307343e-03
3.436043858528137207e-03
4.220492672175168991e-03
2.799261128529906273e-03
3.310116939246654510e-03
4.831533879041671753e-03
2.201288007199764252e-03
4.905789159238338470e-03
3.839880693703889847e-03
5.652850028127431870e-03
5.539268255233764648e-03
2.711170818656682968e-03
2.795282751321792603e-03
3.764787688851356506e-03
3.669102443382143974e-03
2.489401726052165031e-03
4.030196927487850189e-03
3.039843868464231491e-03
4.036741331219673157e-03
3.331522922962903976e-03
2.986873034387826920e-03
4.332636948674917221e-03
3.119418164715170860e-03
5.263061728328466415e-03
2.592937089502811432e-03
3.030159510672092438e-03
3.628509119153022766e-03
5.063122138381004333e-03
3.594016190618276596e-03
2.952195238322019577e-03
2.306116279214620590e-03
2.141094300895929337e-03
3.705078503116965294e-03
3.030522493645548820e-03
2.509260317310690880e-03
4.449253436177968979e-03
2.997682197019457817e-03
2.858171239495277405e-03
2.957663265988230705e-03
4.557219333946704865e-03
2.331404015421867371e-03
2.913044765591621399e-03
3.529807087033987045e-03
2.938984660431742668e-03
3.584598191082477570e-03
2.260810462757945061e-03
5.053889937698841095e-03
3.342563752084970474e-03
2.930294722318649292e-03
3.406516043469309807e-03
3.070106497034430504e-03
3.598939161747694016e-03
2.989382948726415634e-03
2.506235381588339806e-03
3.204167587682604790e-03
3.076487220823764801e-03
4.292259458452463150e-03
3.957803361117839813e-03
2.801219699904322624e-03
2.653706353157758713e-03
2.592221135273575783e-03
2.720244228839874268e-03
2.525630407035350800e-03
3.818490076810121536e-03
3.122416790574789047e-03
3.064014017581939697e-03
2.573858480900526047e-03
3.613106440752744675e-03
2.767034573480486870e-03
2.976572839543223381e-03
4.647678695619106293e-03
2.828168449923396111e-03
2.188374754041433334e-03
2.860650885850191116e-03
2.766219433397054672e-03
2.358458004891872406e-03
3.281117882579565048e-03
4.030357580631971359e-03
3.961771726608276367e-03
2.086359076201915741e-03
3.576773684471845627e-03
2.557147992774844170e-03
3.016694914549589157e-03
3.145722672343254089e-03
4.605739843100309372e-03
5.439531058073043823e-03
3.218303900212049484e-03
2.782294061034917831e-03
3.287407336756587029e-03
3.360942471772432327e-03
4.072913900017738342e-03
4.805302247405052185e-03
3.064418910071253777e-03
2.631302922964096069e-03
2.387171611189842224e-03
3.116697538644075394e-03
4.002533387392759323e-03
2.807911019772291183e-03
3.480192273855209351e-03
2.936184871941804886e-03
2.809952944517135620e-03
2.803671639412641525e-03
2.878023311495780945e-03
3.261649981141090393e-03
2.448057290166616440e-03
2.608479931950569153e-03
2.580477623268961906e-03
2.187958918511867523e-03
2.837107982486486435e-03
2.263117115944623947e-03
2.757456153631210327e-03
2.886046422645449638e-03
2.856994746252894402e-03
2.291826298460364342e-03
2.283575478941202164e-03
2.367557026445865631e-03
2.961775753647089005e-03
2.085546031594276428e-03
3.202945692464709282e-03
2.460948890075087547e-03
2.532432321459054947e-03
2.203943440690636635e-03
2.480556257069110870e-03
2.969775348901748657e-03
2.156654838472604752e-03
3.006183076649904251e-03
2.593672368675470352e-03
2.571257529780268669e-03
2.707274630665779114e-03
2.877150662243366241e-03
4.292070865631103516e-03
1.920343842357397079e-03
2.068670466542243958e-03
2.957447897642850876e-03
2.002367051318287849e-03
2.414018614217638969e-03
2.343192929401993752e-03
2.142808632925152779e-03
2.196975285187363625e-03
2.963544335216283798e-03
2.393290866166353226e-03
2.778697293251752853e-03
2.486032433807849884e-03
2.701425459235906601e-03
2.616830170154571533e-03
2.318197861313819885e-03
2.297390718013048172e-03
2.315331250429153442e-03
2.495446708053350449e-03
2.081552520394325256e-03
2.555623883381485939e-03
2.892510732635855675e-03
2.013771561905741692e-03
2.136132679879665375e-03
2.762998454272747040e-03
2.126151230186223984e-03
2.745941281318664551e-03
2.160297241061925888e-03
2.409389242529869080e-03
1.951666083186864853e-03
2.227274700999259949e-03
1.995646394789218903e-03
2.205391414463520050e-03
1.953881699591875076e-03
2.153652487322688103e-03
2.310032490640878677e-03
2.624284010380506516e-03
2.659978112205862999e-03
3.445089329034090042e-03
2.258647000417113304e-03
2.537055639550089836e-03
2.048362512141466141e-03
2.545956522226333618e-03
2.333407755941152573e-03
2.635698299854993820e-03
3.216870129108428955e-03
2.091492991894483566e-03
2.163166413083672523e-03
2.649632748216390610e-03
3.016287926584482193e-03
2.229206496849656105e-03
1.934056403115391731e-03
3.313318360596895218e-03
2.349635120481252670e-03
2.272133948281407356e-03
2.029108349233865738e-03
2.169580664485692978e-03
2.429288346320390701e-03
3.268811618909239769e-03
2.212544903159141541e-03
2.293944824486970901e-03
2.035674639046192169e-03
2.404402010142803192e-03
2.800435526296496391e-03
3.324604360386729240e-03
2.687712665647268295e-03
2.496097702533006668e-03
2.042317064478993416e-03
2.035249490290880203e-03
2.063849940896034241e-03
2.241379581391811371e-03
2.265287563204765320e-03
2.678189892321825027e-03
2.060269936919212341e-03
1.892459928058087826e-03
3.088061697781085968e-03
2.230703830718994141e-03
2.392726484686136246e-03
2.149974927306175232e-03
2.550227101892232895e-03
2.070506103336811066e-03
2.001162618398666382e-03
1.921906135976314545e-03
2.973821014165878296e-03
3.014589427039027214e-03
1.852914458140730858e-03
2.021201653406023979e-03
2.718888223171234131e-03
2.223167568445205688e-03
3.719121916219592094e-03
1.946362899616360664e-03
2.273788442835211754e-03
1.990427961573004723e-03
2.240191679447889328e-03
2.309606410562992096e-03
1.923419418744742870e-03
2.308515598997473717e-03
1.767849549651145935e-03
2.952989190816879272e-03
2.336937701329588890e-03
2.426784485578536987e-03
2.643714193254709244e-03
2.299564657732844353e-03
2.204413060098886490e-03
2.600446809083223343e-03
2.546195872128009796e-03
2.079683588817715645e-03
2.134212292730808258e-03
2.561514265835285187e-03
2.526486059650778770e-03
2.342714695259928703e-03
2.054848242551088333e-03
2.584413159638643265e-03
3.344839438796043396e-03
2.952861133962869644e-03
2.836917294189333916e-03
1.815780415199697018e-03
1.849328051321208477e-03
2.616235986351966858e-03
2.427409403026103973e-03
1.918285503052175045e-03
2.052490133792161942e-03
2.928781788796186447e-03
1.951741403900086880e-03
2.012455370277166367e-03
2.128424588590860367e-03
2.059709047898650169e-03
2.349282149225473404e-03
3.014504443854093552e-03
1.854114467278122902e-03
2.073766198009252548e-03
2.558488631621003151e-03
2.776110311970114708e-03
2.807769924402236938e-03
2.073526149615645409e-03
3.098003566265106201e-03
2.103076083585619926e-03
2.069872338324785233e-03
2.983822952955961227e-03
3.088504774495959282e-03
3.529174719005823135e-03
1.884296420030295849e-03
2.193591091781854630e-03
2.442005788907408714e-03
2.259598579257726669e-03
1.965386560186743736e-03
2.148304134607315063e-03
3.125716000795364380e-03
1.942018396221101284e-03
2.203864278271794319e-03
1.960905268788337708e-03
2.080117352306842804e-03
2.117435913532972336e-03
2.460708841681480408e-03
1.953974599018692970e-03
2.093113027513027191e-03
2.078651450574398041e-03
2.301933709532022476e-03
2.222220879048109055e-03
2.138255164027214050e-03
1.835593022406101227e-03
2.115938346832990646e-03
2.129335422068834305e-03
2.573657780885696411e-03
2.238944638520479202e-03
2.520302776247262955e-03
2.015303121879696846e-03
2.422674791887402534e-03
2.126820385456085205e-03
3.342926502227783203e-03
2.834226936101913452e-03
2.828074619174003601e-03
2.229225821793079376e-03
3.093849401921033859e-03
3.392600221559405327e-03
1.917550805956125259e-03
2.343500964343547821e-03
2.124497434124350548e-03
2.158655785024166107e-03
2.015928504988551140e-03
3.236544085666537285e-03
2.621687948703765869e-03
2.172269625589251518e-03
2.052064985036849976e-03
2.497757552191615105e-03
2.252815756946802139e-03
3.270176006481051445e-03
1.796514028683304787e-03
2.067392459139227867e-03
2.373004565015435219e-03
2.330750692635774612e-03
1.967783086001873016e-03
2.610685769468545914e-03
1.942177768796682358e-03
1.893250271677970886e-03
2.116972347721457481e-03
2.187389880418777466e-03
2.168343635275959969e-03
2.570325974375009537e-03
2.582089044153690338e-03
2.269761869683861732e-03
2.511164173483848572e-03
2.542219124734401703e-03
2.188452286645770073e-03
2.208234043791890144e-03
2.384928986430168152e-03
2.517637331038713455e-03
2.461944241076707840e-03
2.595534315332770348e-03
2.565212082117795944e-03
2.061736769974231720e-03
2.062870189547538757e-03
2.018069149926304817e-03
2.345927059650421143e-03
2.043072599917650223e-03
2.478348789736628532e-03
2.274251775816082954e-03
2.168049104511737823e-03
2.401560777798295021e-03
2.399086486548185349e-03
2.993809757754206657e-03
2.100936602801084518e-03
2.811055630445480347e-03
3.368103876709938049e-03
2.388110151514410973e-03
1.979335444048047066e-03
2.002138178795576096e-03
2.232817001640796661e-03
2.613834571093320847e-03
2.210507867857813835e-03
2.111230744048953056e-03
1.935374806635081768e-03
2.053520176559686661e-03
3.091009333729743958e-03
4.857523366808891296e-03
2.741613890975713730e-03
2.195602050051093102e-03
2.492584753781557083e-03
2.228969708085060120e-03
2.167880069464445114e-03
2.541969064623117447e-03
2.442837227135896683e-03
2.768222708255052567e-03
2.604385605081915855e-03
2.050332957878708839e-03
2.517131855711340904e-03
2.405469305813312531e-03
2.281571738421916962e-03
1.985679380595684052e-03
2.082250081002712250e-03
2.431891858577728271e-03
2.145095029845833778e-03
2.199622569605708122e-03
2.023329492658376694e-03
2.699322067201137543e-03
2.778765512630343437e-03
2.080225152894854546e-03
1.877058995887637138e-03
3.813638119027018547e-03
2.678861841559410095e-03
2.262646565213799477e-03
2.411197405308485031e-03
2.141588833183050156e-03
1.924877404235303402e-03
1.867501065135002136e-03
2.271202858537435532e-03
1.907694851979613304e-03
2.223980147391557693e-03
1.898659393191337585e-03
1.911109779030084610e-03
1.858581206761300564e-03
2.636332763358950615e-03
2.304084599018096924e-03
2.365676686167716980e-03
2.200651681050658226e-03
4.564583301544189453e-03
2.689155517145991325e-03
3.627347759902477264e-03
2.514646854251623154e-03
2.059485996142029762e-03
2.388745546340942383e-03
2.692925510928034782e-03
2.295453799888491631e-03
3.176514059305191040e-03
2.792245708405971527e-03
3.599535673856735229e-03
3.188749309629201889e-03
2.256943378597497940e-03
2.713238820433616638e-03
2.052516443654894829e-03
2.864856040105223656e-03
2.072356175631284714e-03
2.824887167662382126e-03
2.420338103547692299e-03
2.812977414578199387e-03
3.097204491496086121e-03
2.623568754643201828e-03
2.222710056230425835e-03
2.669037785381078720e-03
2.446292433887720108e-03
4.264838527888059616e-03
1.993370708078145981e-03
2.998160198330879211e-03
3.217538353055715561e-03
2.896905411034822464e-03
2.989543601870536804e-03
2.638005651533603668e-03
2.663621213287115097e-03
2.355838660150766373e-03
2.575254300609230995e-03
2.290898934006690979e-03
2.770166378468275070e-03
2.518376102671027184e-03
2.485430100932717323e-03
2.771845553070306778e-03
2.588209696114063263e-03
2.451540669426321983e-03
2.109515247866511345e-03
2.195760374888777733e-03
2.350145019590854645e-03
2.046167850494384766e-03
2.747315447777509689e-03
2.799151465296745300e-03
2.207221230491995811e-03
2.416533417999744415e-03
2.123366342857480049e-03
3.038747236132621765e-03
3.041782183572649956e-03
2.236768836155533791e-03
2.715781331062316895e-03
2.395903691649436951e-03
2.090940717607736588e-03
2.461450407281517982e-03
2.163441618904471397e-03
3.097422420978546143e-03
2.328198868781328201e-03
2.490797080099582672e-03
2.161965705454349518e-03
2.793151885271072388e-03
3.186386078596115112e-03
3.440182656049728394e-03
2.602553693577647209e-03
2.560871420428156853e-03
2.720423508435487747e-03
2.349716611206531525e-03
2.510950667783617973e-03
2.424309728667140007e-03
2.887799171730875969e-03
5.023356061428785324e-03
2.481477335095405579e-03
2.385763218626379967e-03
2.073795767500996590e-03
3.498036181554198265e-03
2.340621314942836761e-03
2.236223313957452774e-03
1.980015542358160019e-03
2.937152748927474022e-03
3.284385893493890762e-03
2.612970536574721336e-03
2.559411106631159782e-03
2.199155744165182114e-03
2.936353906989097595e-03
2.473918721079826355e-03
2.694561146199703217e-03
2.065183594822883606e-03
1.935924752615392208e-03
2.303423127159476280e-03
2.318046521395444870e-03
4.963063634932041168e-03
2.084515057504177094e-03
3.365892451256513596e-03
2.835245802998542786e-03
2.447003033012151718e-03
2.262714318931102753e-03
2.645120024681091309e-03
1.943435519933700562e-03
2.878485247492790222e-03
2.512895734980702400e-03
1.904909498989582062e-03
2.516730222851037979e-03
2.566445153206586838e-03
2.041349653154611588e-03
2.054777694866061211e-03
2.442083787173032761e-03
2.016827231273055077e-03
2.107234904542565346e-03
2.493890700861811638e-03
2.008066978305578232e-03
1.967579126358032227e-03
3.090544370934367180e-03
2.124038524925708771e-03
2.158193383365869522e-03
2.011720556765794754e-03
2.319162013009190559e-03
1.968700671568512917e-03
2.496398054063320160e-03
2.742347074672579765e-03
2.358627738431096077e-03
2.041443251073360443e-03
2.196839079260826111e-03
2.172004431486129761e-03
2.919824328273534775e-03
2.006159396842122078e-03
2.229994395747780800e-03
1.840187585912644863e-03
2.093774732202291489e-03
2.450047992169857025e-03
3.222594968974590302e-03
3.195157973095774651e-03
2.473319880664348602e-03
2.443318022415041924e-03
2.080025849863886833e-03
2.151343505829572678e-03
2.270884811878204346e-03
2.802677219733595848e-03
3.037419170141220093e-03
2.308781957253813744e-03
2.021142980083823204e-03
2.068510977551341057e-03
2.437124727293848991e-03
2.531557343900203705e-03
2.424353267997503281e-03
2.656986471265554428e-03
2.136131282895803452e-03
3.360317554324865341e-03
2.176957204937934875e-03
2.145120874047279358e-03
2.255700062960386276e-03
2.950939349830150604e-03
2.313314937055110931e-03
2.291961107403039932e-03
2.278794534504413605e-03
2.097232965752482414e-03
2.711030421778559685e-03
2.177169546484947205e-03
2.646627835929393768e-03
2.379245357587933540e-03
3.153864992782473564e-03
2.007898408919572830e-03
2.575698075816035271e-03
2.304393332451581955e-03
2.526769181713461876e-03
1.920137088745832443e-03
2.783805597573518753e-03
2.687929198145866394e-03
2.068841364234685898e-03
1.955244224518537521e-03
2.416661707684397697e-03
2.193091902881860733e-03
2.171025611460208893e-03
2.512796781957149506e-03
2.013325691223144531e-03
2.610026625916361809e-03
2.239525085315108299e-03
2.137934323400259018e-03
2.155664842575788498e-03
2.277277642861008644e-03
2.749027684330940247e-03
2.261031651869416237e-03
2.124039223417639732e-03
1.952153979800641537e-03
1.993548357859253883e-03
1.949147670529782772e-03
3.576910821720957756e-03
2.173557411879301071e-03
1.850886270403862000e-03
3.141842549666762352e-03
2.495900262147188187e-03
2.110205590724945068e-03
2.002042019739747047e-03
2.222983865067362785e-03
1.859830226749181747e-03
2.461991040036082268e-03
2.038473961874842644e-03
1.855056500062346458e-03
2.383371582254767418e-03
1.943463459610939026e-03
1.934094587340950966e-03
2.531716134399175644e-03
2.013604622334241867e-03
1.979191321879625320e-03
2.110967878252267838e-03
2.326923888176679611e-03
2.162307500839233398e-03
2.189845545217394829e-03
2.078448887914419174e-03
2.019645413383841515e-03
1.845468766987323761e-03
1.807196065783500671e-03
1.962331589311361313e-03
1.925782999023795128e-03
1.972557511180639267e-03
2.053954172879457474e-03
2.320461440831422806e-03
2.245508134365081787e-03
1.792236114852130413e-03
2.686873544007539749e-03
2.071112627163529396e-03
2.043146174401044846e-03
3.155371872708201408e-03
1.973552396520972252e-03
2.086384221911430359e-03
2.599623519927263260e-03
2.268243115395307541e-03
1.942007103934884071e-03
2.291480777785181999e-03
2.742206212133169174e-03
2.101051155477762222e-03
2.063811756670475006e-03
2.401208272203803062e-03
2.377960830926895142e-03
1.868239953182637691e-03
2.740795491263270378e-03
2.279486740007996559e-03
2.108179498463869095e-03
1.900814240798354149e-03
2.039432991296052933e-03
1.856951857917010784e-03
2.699378412216901779e-03
1.840797718614339828e-03
1.896442845463752747e-03
2.091704867780208588e-03
1.818011514842510223e-03
2.479615621268749237e-03
2.116122050210833549e-03
2.620167564600706100e-03
1.976890722289681435e-03
1.860721735283732414e-03
2.144227735698223114e-03
2.493281150236725807e-03
2.162250922992825508e-03
2.507430966943502426e-03
3.632148727774620056e-03
2.411756664514541626e-03
2.266828669235110283e-03
1.854700967669487000e-03
2.231101272627711296e-03
1.863822108134627342e-03
1.895904541015625000e-03
2.444625832140445709e-03
2.325953915715217590e-03
2.561466768383979797e-03
2.537449588999152184e-03
2.337991958484053612e-03
2.999335294589400291e-03
2.983242738991975784e-03
2.538946922868490219e-03
3.639526199549436569e-03
2.628502901643514633e-03
2.181370742619037628e-03
2.281530527397990227e-03
3.093255218118429184e-03
1.922988682053983212e-03
1.935188542120158672e-03
2.913655713200569153e-03
1.969302771613001823e-03
3.497460624203085899e-03
3.800709499046206474e-03
2.641129074618220329e-03
2.563192509114742279e-03
2.021207474172115326e-03
2.827624557539820671e-03
2.521687420085072517e-03
2.247249707579612732e-03
3.712776582688093185e-03
1.990196760743856430e-03
2.639254555106163025e-03
2.381419762969017029e-03
2.309151459485292435e-03
2.547244541347026825e-03
2.399101387709379196e-03
2.864357084035873413e-03
3.051613457500934601e-03
3.441370557993650436e-03
3.134819446131587029e-03
3.539447439834475517e-03
2.984089311212301254e-03
2.189174061641097069e-03
4.563330672681331635e-03
3.835704177618026733e-03
3.058490110561251640e-03
2.502690535038709641e-03
4.356692545115947723e-03
4.534084349870681763e-03
8.199583739042282104e-03
2.758187707513570786e-03
3.456970443949103355e-03
3.958744462579488754e-03
4.357241094112396240e-03
2.931231167167425156e-03
3.181406063959002495e-03
3.032098989933729172e-03
3.335658460855484009e-03
4.152885638177394867e-03
3.393683582544326782e-03
2.889602212235331535e-03
3.129285527393221855e-03
2.505977405235171318e-03
2.590279327705502510e-03
3.017428098246455193e-03
3.021009732037782669e-03
3.116548992693424225e-03
4.950848873704671860e-03
2.868781797587871552e-03
4.725688602775335312e-03
2.064891159534454346e-03
3.214266849681735039e-03
2.299089217558503151e-03
2.025282476097345352e-03
2.406403888016939163e-03
2.809578320011496544e-03
3.581985831260681152e-03
2.224757103249430656e-03
2.483137883245944977e-03
3.179354593157768250e-03
3.133537946268916130e-03
4.027469549328088760e-03
3.237764816731214523e-03
2.357564400881528854e-03
2.287776907905936241e-03
3.838840406388044357e-03
2.657986711710691452e-03
2.647099085152149200e-03
3.995792940258979797e-03
2.631121082231402397e-03
2.996601862832903862e-03
2.817841013893485069e-03
2.131842775270342827e-03
2.062324434518814087e-03
4.114679060876369476e-03
2.388358581811189651e-03
2.096779877319931984e-03
2.298267092555761337e-03
2.452515065670013428e-03
2.003536559641361237e-03
2.064509782940149307e-03
2.046640496701002121e-03
2.234891057014465332e-03
3.037789836525917053e-03
2.511218888685107231e-03
1.846108352765440941e-03
2.482961397618055344e-03
2.513850107789039612e-03
2.982085105031728745e-03
2.252633916214108467e-03
2.931621624156832695e-03
3.582410048693418503e-03
4.814961459487676620e-03
2.738085575401782990e-03
2.262550871819257736e-03
2.241437323391437531e-03
2.499489579349756241e-03
3.500390332192182541e-03
3.005113452672958374e-03
2.650229725986719131e-03
2.230076817795634270e-03
2.477878704667091370e-03
3.081165254116058350e-03
3.351930063217878342e-03
3.916894551366567612e-03
2.071686787530779839e-03
2.064351923763751984e-03
2.204457297921180725e-03
2.502062823623418808e-03
3.270663088187575340e-03
2.387103158980607986e-03
3.229491179808974266e-03
2.159702358767390251e-03
2.164529170840978622e-03
2.193470252677798271e-03
2.691427944228053093e-03
2.357632620260119438e-03
3.197606187313795090e-03
2.133969683200120926e-03
3.020399250090122223e-03
2.533314749598503113e-03
2.016283571720123291e-03
2.825320698320865631e-03
2.025283640250563622e-03
2.307830145582556725e-03
3.443153109401464462e-03
5.249068140983581543e-03
2.332634292542934418e-03
2.261798596009612083e-03
1.894753309898078442e-03
4.467688500881195068e-03
4.797678440809249878e-03
2.507042139768600464e-03
2.053455449640750885e-03
3.019281430169939995e-03
3.423605812713503838e-03
2.571623772382736206e-03
2.992813475430011749e-03
2.866108668968081474e-03
4.555116407573223114e-03
3.730944823473691940e-03
3.181373700499534607e-03
3.472740296274423599e-03
3.387870267033576965e-03
2.291388576850295067e-03
2.016633050516247749e-03
2.837782725691795349e-03
2.522595925256609917e-03
2.882579807192087173e-03
2.523567527532577515e-03
3.127065021544694901e-03
2.825330477207899094e-03
2.759876661002635956e-03
2.661534352228045464e-03
2.613714896142482758e-03
1.899145892821252346e-03
2.529067452996969223e-03
2.102506114169955254e-03
2.565840724855661392e-03
2.340327948331832886e-03
2.826989395543932915e-03
2.282261848449707031e-03
2.216597320511937141e-03
2.499154303222894669e-03
1.983951544389128685e-03
2.488922793418169022e-03
2.460484858602285385e-03
1.988024450838565826e-03
2.023080829530954361e-03
1.943967305123806000e-03
1.987386262044310570e-03
2.271064557135105133e-03
1.956438878551125526e-03
2.593589480966329575e-03
2.287599723786115646e-03
2.121878787875175476e-03
2.325944602489471436e-03
2.017994178459048271e-03
1.916624023579061031e-03
2.924285363405942917e-03
2.078601159155368805e-03
2.742590848356485367e-03
2.149966079741716385e-03
2.524801762774586678e-03
3.776464378461241722e-03
2.123848069459199905e-03
2.102377358824014664e-03
2.894015517085790634e-03
2.857838524505496025e-03
2.056311350315809250e-03
2.149808919057250023e-03
1.957314787432551384e-03
2.250819234177470207e-03
2.300663618370890617e-03
2.447032369673252106e-03
1.909445272758603096e-03
3.606278216466307640e-03
2.110741799697279930e-03
2.012133598327636719e-03
2.461678348481655121e-03
1.866198377683758736e-03
1.838229596614837646e-03
2.456787973642349243e-03
2.888157730922102928e-03
3.041511867195367813e-03
2.381494268774986267e-03
2.977368887513875961e-03
1.842351048253476620e-03
1.894841785542666912e-03
1.954811625182628632e-03
1.992908772081136703e-03
2.392426133155822754e-03
2.043582964688539505e-03
2.137486590072512627e-03
2.595789963379502296e-03
1.987698487937450409e-03
3.010086715221405029e-03
1.826843013986945152e-03
2.439697738736867905e-03
2.007404807955026627e-03
2.282329834997653961e-03
3.306312020868062973e-03
1.831153756938874722e-03
3.582173492759466171e-03
1.907136524096131325e-03
2.198513364419341087e-03
2.201187890022993088e-03
4.244410432875156403e-03
2.191724255681037903e-03
2.735088346526026726e-03
2.912243828177452087e-03
2.046774607151746750e-03
1.936786691658198833e-03
2.353079849854111671e-03
2.337355865165591240e-03
1.917861634865403175e-03
2.393875503912568092e-03
2.476959722116589546e-03
2.291635842993855476e-03
2.359257312491536140e-03
2.137301722541451454e-03
1.898874528706073761e-03
2.683760132640600204e-03
2.148443600162863731e-03
2.210685051977634430e-03
1.879355870187282562e-03
2.578359562903642654e-03
2.953584771603345871e-03
2.624691231176257133e-03
2.557376865297555923e-03
1.978247892111539841e-03
2.375248586758971214e-03
2.509342506527900696e-03
2.343925181776285172e-03
2.597643528133630753e-03
1.812191680073738098e-03
2.576618921011686325e-03
2.166743390262126923e-03
3.280682256445288658e-03
1.874607754871249199e-03
1.909696846269071102e-03
2.355441916733980179e-03
2.343069761991500854e-03
2.064589876681566238e-03
2.239937661215662956e-03
2.023138105869293213e-03
2.544407499954104424e-03
2.158305607736110687e-03
2.484411932528018951e-03
2.303666900843381882e-03
1.819495460949838161e-03
2.031777752563357353e-03
2.668598201125860214e-03
1.919506583362817764e-03
2.560996683314442635e-03
2.258175518363714218e-03
2.252544276416301727e-03
1.983815571293234825e-03
1.930478378199040890e-03
2.111997222527861595e-03
2.416647505015134811e-03
2.265379298478364944e-03
1.860710792243480682e-03
1.972924917936325073e-03
2.700285520404577255e-03
1.936091459356248379e-03
3.212894778698682785e-03
1.857218681834638119e-03
1.952400198206305504e-03
2.331421012058854103e-03
2.262578345835208893e-03
1.880993135273456573e-03
2.606643363833427429e-03
2.241042442619800568e-03
1.925452961586415768e-03
2.892162417992949486e-03
2.173187676817178726e-03
2.045061439275741577e-03
2.046125009655952454e-03
2.226338488981127739e-03
1.962618902325630188e-03
2.163819968700408936e-03
1.835335046052932739e-03
1.967596122995018959e-03
2.074433024972677231e-03
2.602954395115375519e-03
2.596531994640827179e-03
2.228845143690705299e-03
2.606682945042848587e-03
1.841559889726340771e-03
1.918677007779479027e-03
2.031336305662989616e-03
1.823244034312665462e-03
1.821171375922858715e-03
2.854235004633665085e-03
2.515964210033416748e-03
2.726493170484900475e-03
1.879176590591669083e-03
2.359868725761771202e-03
2.457630587741732597e-03
2.977471332997083664e-03
2.389764413237571716e-03
2.113590482622385025e-03
2.047794405370950699e-03
2.478170208632946014e-03
1.926076598465442657e-03
1.905824057757854462e-03
2.309585688635706902e-03
2.198091009631752968e-03
2.292491029947996140e-03
1.937831053510308266e-03
2.163416706025600433e-03
1.835837028920650482e-03
3.052588086575269699e-03
2.398536307737231255e-03
2.082245890051126480e-03
2.298441249877214432e-03
1.929370104335248470e-03
2.063254592940211296e-03
1.979312626644968987e-03
2.687909174710512161e-03
1.877968199551105499e-03
1.814297167584300041e-03
3.061004914343357086e-03
2.642534207552671432e-03
1.975830644369125366e-03
2.212075982242822647e-03
1.940767513588070869e-03
2.881818218156695366e-03
2.023686654865741730e-03
2.548282034695148468e-03
1.802624436095356941e-03
1.931121107190847397e-03
2.450403757393360138e-03
1.865269965492188931e-03
3.486010711640119553e-03
2.370025729760527611e-03
2.347701461985707283e-03
2.227546647191047668e-03
1.859148964285850525e-03
1.918797730468213558e-03
2.073327079415321350e-03
1.971006859093904495e-03
2.520289737731218338e-03
2.066673245280981064e-03
2.173947170376777649e-03
2.137935254722833633e-03
1.954891718924045563e-03
2.478607697412371635e-03
2.109752967953681946e-03
2.177811693400144577e-03
3.135119332000613213e-03
2.077386248856782913e-03
2.239565830677747726e-03
1.897165551781654358e-03
2.313769189640879631e-03
2.178006572648882866e-03
2.252047182992100716e-03
2.572558121755719185e-03
1.884093508124351501e-03
2.776464913040399551e-03
2.269023796543478966e-03
1.967751886695623398e-03
2.378155710175633430e-03
2.004076261073350906e-03
1.805940410122275352e-03
2.097480464726686478e-03
1.910093240439891815e-03
1.750038005411624908e-03
2.287524985149502754e-03
2.402361948043107986e-03
2.052544848993420601e-03
2.049873583018779755e-03
2.350767143070697784e-03
2.358498517423868179e-03
3.090178128331899643e-03
2.152829430997371674e-03
1.807990833185613155e-03
2.115697134286165237e-03
2.347985748201608658e-03
1.889982493594288826e-03
1.966371200978755951e-03
1.822787569835782051e-03
1.877671340480446815e-03
1.956820720806717873e-03
2.288104034960269928e-03
2.117657801136374474e-03
2.088370965793728828e-03
3.331492422148585320e-03
2.456786110997200012e-03
1.996509265154600143e-03
2.637903671711683273e-03
1.997771440073847771e-03
2.309618517756462097e-03
2.179654315114021301e-03
2.035375684499740601e-03
2.570643555372953415e-03
2.362450351938605309e-03
2.703456208109855652e-03
2.067661378532648087e-03
2.461595460772514343e-03
2.447843085974454880e-03
2.913436619564890862e-03
2.226389013230800629e-03
2.455184934660792351e-03
2.713815309107303619e-03
2.834659069776535034e-03
1.958269393071532249e-03
2.063722815364599228e-03
2.357695717364549637e-03
2.013263059780001640e-03
2.535492181777954102e-03
2.449804451316595078e-03
3.371312050148844719e-03
2.117888769134879112e-03
2.189632039517164230e-03
2.287324750795960426e-03
2.607741160318255424e-03
1.902752323076128960e-03
1.831305096857249737e-03
1.945392927154898643e-03
2.159037394449114799e-03
2.098221099004149437e-03
2.008958021178841591e-03
2.364667365327477455e-03
2.302321605384349823e-03
2.616533543914556503e-03
1.855274080298841000e-03
1.916044275276362896e-03
2.409380860626697540e-03
2.162591321393847466e-03
2.156198024749755859e-03
2.572854515165090561e-03
2.361472230404615402e-03
2.262207446619868279e-03
1.865409314632415771e-03
2.087797271087765694e-03
2.154765417799353600e-03
2.507158089429140091e-03
1.922263531014323235e-03
2.262442838400602341e-03
1.770181581377983093e-03
2.683987841010093689e-03
2.248913049697875977e-03
2.574299927800893784e-03
1.836259150877594948e-03
2.046040957793593407e-03
1.999966334551572800e-03
2.149835228919982910e-03
1.982556190341711044e-03
2.043303567916154861e-03
2.200676826760172844e-03
1.934603555127978325e-03
2.568223979324102402e-03
2.504595788195729256e-03
1.803243765607476234e-03
1.964488066732883453e-03
1.900623319670557976e-03
2.004262525588274002e-03
2.438856754451990128e-03
2.050489187240600586e-03
1.904581091366708279e-03
1.949953846633434296e-03
2.143345773220062256e-03
1.934758154675364494e-03
2.131862100213766098e-03
1.856261864304542542e-03
2.838019281625747681e-03
1.946830074302852154e-03
2.095378935337066650e-03
2.059121849015355110e-03
2.065414097160100937e-03
1.953150611370801926e-03
1.962517853826284409e-03
2.137615345418453217e-03
2.266100840643048286e-03
1.819556113332509995e-03
2.133961999788880348e-03
1.913912361487746239e-03
1.939395209774374962e-03
1.861304393969476223e-03
2.488436177372932434e-03
1.978696323931217194e-03
2.994470996782183647e-03
1.912053674459457397e-03
1.916592009365558624e-03
2.913050353527069092e-03
1.874577021226286888e-03
2.063743304461240768e-03
2.005477668717503548e-03
2.249276731163263321e-03
1.855166628956794739e-03
2.207120880484580994e-03
2.217688597738742828e-03
2.586403861641883850e-03
1.934599014930427074e-03
2.271173521876335144e-03
2.428770530968904495e-03
1.982847461476922035e-03
2.041065599769353867e-03
2.164801582694053650e-03
2.035775687545537949e-03
1.913414220325648785e-03
1.951271435245871544e-03
1.843467354774475098e-03
3.073830157518386841e-03
1.756154000759124756e-03
1.990233547985553741e-03
2.234518295153975487e-03
1.843947917222976685e-03
2.167881000787019730e-03
2.382704522460699081e-03
1.917073852382600307e-03
2.467093057930469513e-03
2.566351555287837982e-03
2.522684168070554733e-03
1.791529706679284573e-03
2.197358291596174240e-03
2.487939782440662384e-03
2.253466285765171051e-03
1.896469737403094769e-03
1.992819365113973618e-03
1.757444581016898155e-03
1.743142260238528252e-03
1.987245632335543633e-03
1.918027177453041077e-03
2.213360741734504700e-03
1.888384576886892319e-03
2.731243148446083069e-03
2.052286174148321152e-03
2.173035405576229095e-03
1.703259302303195000e-03
2.004721900448203087e-03
2.395454561337828636e-03
1.892131986096501350e-03
2.196934074163436890e-03
1.938362373039126396e-03
2.040871651843190193e-03
1.805282896384596825e-03
1.997702289372682571e-03
2.120008226484060287e-03
2.476652618497610092e-03
2.348846290260553360e-03
2.213135128840804100e-03
1.893737819045782089e-03
1.894659711979329586e-03
2.011677017435431480e-03
1.898823073133826256e-03
3.639675443992018700e-03
2.194026019424200058e-03
2.500073518604040146e-03
2.170348539948463440e-03
1.763768494129180908e-03
2.348474226891994476e-03
1.976381521672010422e-03
2.085088519379496574e-03
2.025099005550146103e-03
1.927698031067848206e-03
2.417573938146233559e-03
2.077358309179544449e-03
2.014507073909044266e-03
2.545963739976286888e-03
2.437431132420897484e-03
1.834589755162596703e-03
2.036261372268199921e-03
2.303072717040777206e-03
1.853099791333079338e-03
2.130063716322183609e-03
2.017552964389324188e-03
2.052234951406717300e-03
1.787027693353593349e-03
2.086862921714782715e-03
1.848361338488757610e-03
1.903321361169219017e-03
2.115471987053751945e-03
1.935827895067632198e-03
2.262702677398920059e-03
2.332934644073247910e-03
2.091182395815849304e-03
1.976491883397102356e-03
2.142604906111955643e-03
2.066172193735837936e-03
1.928454730659723282e-03
2.314616693183779716e-03
4.079567734152078629e-03
1.817050622776150703e-03
2.725035650655627251e-03
2.256435807794332504e-03
1.925040734931826591e-03
1.832900336012244225e-03
2.158835995942354202e-03
3.037229878827929497e-03
1.875586807727813721e-03
1.953636994585394859e-03
1.781292492523789406e-03
1.925237826071679592e-03
1.916420878842473030e-03
2.269827760756015778e-03
1.996222417801618576e-03
2.598677063360810280e-03
2.027364913374185562e-03
1.932656159624457359e-03
2.063316991552710533e-03
2.130240900442004204e-03
2.593385521322488785e-03
2.318329177796840668e-03
2.283212728798389435e-03
1.993239391595125198e-03
3.333360888063907623e-03
1.916770823299884796e-03
2.723998855799436569e-03
2.433136571198701859e-03
1.854563830420374870e-03
2.086264546960592270e-03
1.953147817403078079e-03
2.454294357448816299e-03
1.921791583299636841e-03
2.349040238186717033e-03
2.931890776380896568e-03
2.437413902953267097e-03
1.999722328037023544e-03
2.600816776975989342e-03
1.848321291618049145e-03
2.868940588086843491e-03
1.854469766840338707e-03
2.294970443472266197e-03
2.912119030952453613e-03
2.029855968430638313e-03
2.491923747584223747e-03
2.113059628754854202e-03
2.454809844493865967e-03
2.239509485661983490e-03
2.261312212795019150e-03
1.852242276072502136e-03
1.882148208096623421e-03
1.895915484055876732e-03
2.946449443697929382e-03
1.876127673313021660e-03
2.035816665738821030e-03
3.033067565411329269e-03
1.889021135866641998e-03
1.821839134208858013e-03
2.097286051139235497e-03
2.154068090021610260e-03
2.079684054479002953e-03
1.817408017814159393e-03
2.298027509823441505e-03
3.238534322008490562e-03
2.456162823364138603e-03
1.883219345472753048e-03
1.758679980412125587e-03
2.080474980175495148e-03
2.272711135447025299e-03
3.547694534063339233e-03
1.954969018697738647e-03
3.105729818344116211e-03
1.870472333393990993e-03
2.445115242153406143e-03
2.607932314276695251e-03
3.862470155581831932e-03
2.973611466586589813e-03
2.367302542552351952e-03
2.678710967302322388e-03
1.870123436674475670e-03
2.114966046065092087e-03
1.803254592232406139e-03
3.255661576986312866e-03
2.477595582604408264e-03
2.727036131545901299e-03
2.190527040511369705e-03
2.163184341043233871e-03
1.882285811007022858e-03
1.984075410291552544e-03
2.942194696515798569e-03
1.908214762806892395e-03
2.611313015222549438e-03
1.872112392447888851e-03
2.394003095105290413e-03
1.811909489333629608e-03
1.942774048075079918e-03
1.821003621444106102e-03
2.426843857392668724e-03
1.968197058886289597e-03
1.950126956216990948e-03
3.423419548198580742e-03
2.034742850810289383e-03
1.984617672860622406e-03
2.431993838399648666e-03
1.970638288185000420e-03
2.095380332320928574e-03
1.976254396140575409e-03
2.133980393409729004e-03
2.552998252213001251e-03
2.437931019812822342e-03
1.947708427906036377e-03
2.051923889666795731e-03
2.844402566552162170e-03
2.182101365178823471e-03
2.534382045269012451e-03
2.363506006076931953e-03
2.049494069069623947e-03
2.644125837832689285e-03
2.989892382174730301e-03
1.973666716367006302e-03
3.420595079660415649e-03
2.068197354674339294e-03
2.719471231102943420e-03
2.298618666827678680e-03
2.220293274149298668e-03
2.501420211046934128e-03
2.120591700077056885e-03
3.325765952467918396e-03
1.889336272142827511e-03
2.425915328785777092e-03
2.170217689126729965e-03
2.317556180059909821e-03
1.955704763531684875e-03
2.292385092005133629e-03
2.106146886944770813e-03
1.851382083259522915e-03
2.070018788799643517e-03
1.832428737543523312e-03
1.981528941541910172e-03
2.526743803173303604e-03
2.109922934323549271e-03
2.375901676714420319e-03
2.225118689239025116e-03
2.046509180217981339e-03
2.152591012418270111e-03
2.107671229168772697e-03
2.156816190108656883e-03
1.795414835214614868e-03
1.901235664263367653e-03
2.332590520381927490e-03
3.007919993251562119e-03
2.393292961642146111e-03
2.222931943833827972e-03
2.031679963693022728e-03
2.025322522968053818e-03
1.844668760895729065e-03
1.760154729709029198e-03
1.857140334323048592e-03
3.321101423352956772e-03
1.799848629161715508e-03
2.111954847350716591e-03
2.004034118726849556e-03
2.018900820985436440e-03
2.384797669947147369e-03
1.840436831116676331e-03
2.009856514632701874e-03
1.902719261124730110e-03
2.157003385946154594e-03
1.780133461579680443e-03
1.991265919059514999e-03
2.179294824600219727e-03
2.520792419090867043e-03
2.165697515010833740e-03
1.837514690123498440e-03
2.181690884754061699e-03
1.799217890948057175e-03
3.269380424171686172e-03
1.808942761272192001e-03
2.154415007680654526e-03
2.376067219302058220e-03
2.002973109483718872e-03
2.462073462083935738e-03
1.796828932128846645e-03
2.431430853903293610e-03
1.843617646954953671e-03
2.659190213307738304e-03
2.225211821496486664e-03
1.863514771685004234e-03
2.838779939338564873e-03
1.871237298473715782e-03
1.695500570349395275e-03
2.136337105184793472e-03
1.949319965206086636e-03
2.025199355557560921e-03
2.083322731778025627e-03
3.180486848577857018e-03
1.822344027459621429e-03
3.014863235875964165e-03
1.809971756301820278e-03
2.000562380999326706e-03
2.798560075461864471e-03
2.432497451081871986e-03
1.800581812858581543e-03
2.056176774203777313e-03
2.382503589615225792e-03
1.923234900459647179e-03
3.136745421215891838e-03
2.305420115590095520e-03
2.316699828952550888e-03
2.143837511539459229e-03
1.917192712426185608e-03
2.300646156072616577e-03
1.973958453163504601e-03
2.341863699257373810e-03
1.987925730645656586e-03
2.198026515543460846e-03
1.916827983222901821e-03
1.888054772280156612e-03
2.695643343031406403e-03
1.982904504984617233e-03
2.351457718759775162e-03
2.002223394811153412e-03
2.438700525090098381e-03
2.514817286282777786e-03
1.837072893977165222e-03
2.240042667835950851e-03
2.701472956687211990e-03
2.106832806020975113e-03
3.037187736481428146e-03
2.131007378920912743e-03
1.856743707321584225e-03
2.697593066841363907e-03
2.344187814742326736e-03
2.766247838735580444e-03
2.234234474599361420e-03
3.109332872554659843e-03
2.602859167382121086e-03
2.335499506443738937e-03
2.211237326264381409e-03
2.981110243126749992e-03
1.987587660551071167e-03
3.329816274344921112e-03
2.069679088890552521e-03
2.219107002019882202e-03
1.979161985218524933e-03
1.986820949241518974e-03
2.210951643064618111e-03
1.962981419637799263e-03
1.915824948810040951e-03
1.797803677618503571e-03
2.055330667644739151e-03
1.870740554295480251e-03
1.895615831017494202e-03
3.407031996175646782e-03
1.946246251463890076e-03
1.985988579690456390e-03
2.801145194098353386e-03
1.808914355933666229e-03
2.381565514951944351e-03
2.282018773257732391e-03
1.807077554985880852e-03
1.903270720504224300e-03
1.916532404720783234e-03
2.071041380986571312e-03
2.464761491864919662e-03
2.822869224473834038e-03
2.219383604824542999e-03
2.001172397285699844e-03
3.496963996440172195e-03
2.761067822575569153e-03
2.031697425991296768e-03
2.533441409468650818e-03
2.821957692503929138e-03
2.181159332394599915e-03
3.552081994712352753e-03
2.074131043627858162e-03
2.616070909425616264e-03
2.981811296194791794e-03
3.525873646140098572e-03
3.346508368849754333e-03
2.291100099682807922e-03
2.135935006663203239e-03
3.046661615371704102e-03
2.491867402568459511e-03
4.215095192193984985e-03
3.376337466761469841e-03
2.887753304094076157e-03
2.808250021189451218e-03
2.799519104883074760e-03
3.022578544914722443e-03
2.087382599711418152e-03
2.081241458654403687e-03
3.017157083377242088e-03
2.137563889846205711e-03
2.563896588981151581e-03
2.341126790270209312e-03
2.465009456500411034e-03
2.297649625688791275e-03
2.531030913814902306e-03
2.426546299830079079e-03
2.060377039015293121e-03
1.912848325446248055e-03
2.378291450440883636e-03
2.861688612028956413e-03
2.439542673528194427e-03
2.573495265096426010e-03
2.311306074261665344e-03
2.289033262059092522e-03
2.210702514275908470e-03
2.546763047575950623e-03
2.343985717743635178e-03
3.393406746909022331e-03
2.498258370906114578e-03
2.093284390866756439e-03
3.065725322812795639e-03
2.756624249741435051e-03
2.631157636642456055e-03
2.694520866498351097e-03
2.823878778144717216e-03
3.368400037288665771e-03
3.893263638019561768e-03
6.323948502540588379e-03
2.247374737635254860e-03
2.433139830827713013e-03
3.428182331845164299e-03
