2.953152358531951904e-01
6.232603192329406738e-01
7.152754664421081543e-01
7.674156427383422852e-01
8.243738412857055664e-01
8.847231268882751465e-01
9.237160682678222656e-01
9.611488580703735352e-01
1.017675638198852539e+00
1.023347854614257812e+00
1.057273626327514648e+00
1.064530372619628906e+00
1.088567972183227539e+00
1.099388480186462402e+00
1.106257438659667969e+00
1.093246698379516602e+00
1.103875994682312012e+00
1.095210909843444824e+00
1.074097752571105957e+00
1.047814369201660156e+00
1.030578494071960449e+00
1.062477946281433105e+00
1.035184741020202637e+00
9.831463098526000977e-01
9.522359967231750488e-01
9.382667541503906250e-01
8.866943717002868652e-01
8.352182507514953613e-01
8.233777880668640137e-01
8.109468817710876465e-01
7.461409568786621094e-01
7.818938493728637695e-01
6.976615786552429199e-01
6.906930804252624512e-01
6.868748664855957031e-01
5.907549262046813965e-01
6.341242194175720215e-01
6.378520131111145020e-01
6.349068880081176758e-01
5.577236413955688477e-01
5.499176383018493652e-01
5.864548087120056152e-01
5.901638269424438477e-01
5.215169191360473633e-01
5.261853933334350586e-01
5.357856750488281250e-01
5.138028860092163086e-01
5.347778201103210449e-01
5.394710898399353027e-01
4.813417494297027588e-01
4.929169714450836182e-01
4.903858304023742676e-01
5.156407356262207031e-01
4.895088374614715576e-01
4.658701121807098389e-01
4.794757962226867676e-01
5.011272430419921875e-01
5.332373976707458496e-01
5.101240873336791992e-01
4.883739650249481201e-01
5.134088397026062012e-01
5.650610327720642090e-01
5.409979820251464844e-01
5.249661207199096680e-01
5.208223462104797363e-01
5.500627756118774414e-01
5.204182267189025879e-01
5.277085304260253906e-01
5.080389380455017090e-01
5.133325457572937012e-01
4.873313009738922119e-01
5.060838460922241211e-01
5.067912936210632324e-01
5.263267755508422852e-01
5.457237958908081055e-01
5.016909837722778320e-01
5.011135935783386230e-01
5.250522494316101074e-01
5.139315724372863770e-01
5.017300844192504883e-01
4.840689599514007568e-01
4.884858727455139160e-01
4.866729676723480225e-01
5.450850725173950195e-01
5.269872546195983887e-01
4.970925450325012207e-01
5.276852846145629883e-01
4.788334965705871582e-01
5.115817785263061523e-01
5.099850296974182129e-01
5.293963551521301270e-01
4.996781051158905029e-01
5.098183751106262207e-01
4.977286458015441895e-01
4.988056123256683350e-01
5.036548972129821777e-01
5.243341326713562012e-01
4.980346858501434326e-01
4.923908412456512451e-01
4.640573561191558838e-01
4.691353738307952881e-01
4.732799530029296875e-01
4.311954081058502197e-01
4.510960578918457031e-01
4.516398012638092041e-01
4.524434506893157959e-01
4.756858944892883301e-01
4.677424430847167969e-01
4.534609019756317139e-01
4.686402380466461182e-01
4.599176347255706787e-01
4.545771777629852295e-01
4.522856771945953369e-01
4.288562834262847900e-01
4.598495662212371826e-01
4.698400497436523438e-01
4.297792017459869385e-01
4.355947077274322510e-01
4.332103431224822998e-01
4.490216374397277832e-01
4.533922672271728516e-01
4.285527169704437256e-01
4.067122638225555420e-01
4.475159645080566406e-01
4.120310842990875244e-01
4.223875105381011963e-01
4.305905401706695557e-01
4.465068876743316650e-01
4.202267229557037354e-01
4.136121273040771484e-01
4.121256768703460693e-01
4.224106967449188232e-01
4.152686595916748047e-01
4.330309033393859863e-01
4.228653013706207275e-01
4.205085933208465576e-01
4.120638072490692139e-01
4.139130711555480957e-01
4.165227115154266357e-01
4.233919084072113037e-01
4.205206036567687988e-01
3.984509408473968506e-01
3.991180360317230225e-01
4.221299588680267334e-01
4.101776778697967529e-01
4.042316973209381104e-01
3.907994031906127930e-01
3.829708993434906006e-01
4.009086787700653076e-01
4.092900753021240234e-01
4.254139065742492676e-01
4.190115630626678467e-01
4.057807028293609619e-01
4.376933276653289795e-01
4.369632303714752197e-01
4.221119582653045654e-01
4.145486354827880859e-01
4.254532456398010254e-01
3.970040977001190186e-01
3.941110074520111084e-01
4.058403968811035156e-01
3.981727063655853271e-01
3.924033343791961670e-01
3.852063715457916260e-01
4.004789292812347412e-01
4.255249500274658203e-01
4.227169156074523926e-01
3.875587582588195801e-01
4.099969565868377686e-01
3.955032527446746826e-01
3.881636261940002441e-01
4.048039615154266357e-01
3.859037756919860840e-01
3.824398517608642578e-01
3.629846572875976562e-01
3.787535429000854492e-01
3.671692013740539551e-01
3.845256865024566650e-01
3.760817050933837891e-01
3.646274507045745850e-01
3.528768122196197510e-01
3.526555001735687256e-01
3.530133962631225586e-01
3.606741428375244141e-01
3.399263322353363037e-01
3.563360869884490967e-01
3.593991696834564209e-01
3.616306781768798828e-01
3.618764579296112061e-01
3.481218516826629639e-01
3.499034047126770020e-01
3.767589032649993896e-01
3.769160211086273193e-01
3.768849074840545654e-01
3.662610948085784912e-01
3.599781990051269531e-01
3.717391490936279297e-01
3.755627274513244629e-01
3.660047650337219238e-01
3.598439395427703857e-01
3.491559624671936035e-01
3.631683886051177979e-01
3.491199016571044922e-01
3.476835787296295166e-01
3.609926402568817139e-01
3.403297066688537598e-01
3.414024114608764648e-01
3.338904380798339844e-01
3.412868678569793701e-01
3.366500437259674072e-01
3.279829919338226318e-01
3.225531280040740967e-01
3.216733634471893311e-01
3.180986940860748291e-01
3.142132461071014404e-01
3.228242993354797363e-01
3.193805217742919922e-01
3.120878934860229492e-01
3.080754280090332031e-01
3.139561414718627930e-01
3.329309225082397461e-01
3.473721444606781006e-01
3.206151723861694336e-01
3.196693658828735352e-01
3.247332572937011719e-01
3.423970639705657959e-01
3.497787117958068848e-01
3.339515924453735352e-01
3.252183496952056885e-01
3.176625967025756836e-01
3.187325596809387207e-01
3.184342086315155029e-01
3.232474029064178467e-01
3.122023046016693115e-01
3.095180392265319824e-01
3.121978342533111572e-01
3.176121711730957031e-01
3.138096034526824951e-01
3.095978796482086182e-01
3.084389269351959229e-01
3.105273246765136719e-01
3.132530450820922852e-01
3.077953457832336426e-01
2.953324019908905029e-01
2.981133460998535156e-01
3.066267669200897217e-01
3.054131567478179932e-01
3.024448752403259277e-01
3.171281516551971436e-01
3.094227910041809082e-01
3.019619882106781006e-01
2.980324923992156982e-01
3.142225444316864014e-01
3.157357871532440186e-01
3.074156939983367920e-01
3.022577762603759766e-01
2.856609523296356201e-01
2.894071042537689209e-01
3.019435405731201172e-01
3.026543259620666504e-01
3.013119697570800781e-01
3.054113090038299561e-01
2.959553599357604980e-01
2.955800592899322510e-01
3.100923001766204834e-01
3.078299462795257568e-01
2.932166159152984619e-01
2.716830670833587646e-01
2.669932544231414795e-01
2.966417372226715088e-01
2.913988828659057617e-01
3.122187554836273193e-01
2.919815182685852051e-01
2.803320586681365967e-01
2.863635718822479248e-01
3.047479093074798584e-01
3.092683255672454834e-01
3.245789706707000732e-01
3.119154870510101318e-01
3.061539232730865479e-01
3.055965006351470947e-01
3.022447526454925537e-01
3.193045258522033691e-01
3.131952285766601562e-01
3.057925403118133545e-01
2.795692682266235352e-01
2.939244210720062256e-01
2.935177981853485107e-01
3.017747402191162109e-01
2.919782996177673340e-01
2.921772003173828125e-01
2.744708657264709473e-01
2.812405228614807129e-01
2.841639518737792969e-01
2.722451984882354736e-01
2.850996255874633789e-01
2.908239066600799561e-01
2.820976972579956055e-01
2.594214975833892822e-01
2.625933289527893066e-01
2.576820254325866699e-01
2.672036290168762207e-01
2.553215026855468750e-01
2.523794174194335938e-01
2.537368237972259521e-01
2.421014755964279175e-01
2.562694549560546875e-01
2.583491504192352295e-01
2.725476026535034180e-01
2.505488097667694092e-01
2.643027007579803467e-01
2.534871995449066162e-01
2.502611577510833740e-01
2.727507650852203369e-01
2.651923894882202148e-01
2.470895498991012573e-01
2.424894422292709351e-01
2.518166005611419678e-01
2.515723705291748047e-01
2.469907552003860474e-01
2.463711947202682495e-01
2.455494850873947144e-01
2.517149448394775391e-01
2.505256533622741699e-01
2.424714118242263794e-01
2.408436387777328491e-01
2.440370619297027588e-01
2.344160377979278564e-01
2.406173050403594971e-01
2.384196370840072632e-01
2.458153814077377319e-01
2.373097985982894897e-01
2.283691018819808960e-01
2.284677475690841675e-01
2.326097935438156128e-01
2.366095632314682007e-01
2.424154728651046753e-01
2.346247285604476929e-01
2.340262383222579956e-01
2.397398501634597778e-01
2.294005900621414185e-01
2.304622679948806763e-01
2.312907725572586060e-01
2.225231677293777466e-01
2.169866114854812622e-01
2.159637510776519775e-01
2.184697240591049194e-01
2.202308923006057739e-01
2.227930575609207153e-01
2.190830707550048828e-01
2.164773195981979370e-01
2.221030294895172119e-01
2.246356308460235596e-01
2.304596453905105591e-01
2.370790541172027588e-01
2.304071933031082153e-01
2.283376753330230713e-01
2.230314314365386963e-01
2.271481603384017944e-01
2.251220196485519409e-01
2.181091308593750000e-01
2.078931778669357300e-01
2.169764041900634766e-01
2.213638573884963989e-01
2.195301055908203125e-01
2.144911289215087891e-01
2.133211344480514526e-01
2.092028409242630005e-01
2.108274549245834351e-01
2.172746211290359497e-01
2.126020938158035278e-01
2.135488539934158325e-01
2.170764505863189697e-01
2.135088294744491577e-01
2.101853638887405396e-01
2.135884612798690796e-01
2.251766473054885864e-01
2.206394672393798828e-01
2.219941616058349609e-01
2.209544181823730469e-01
2.250316143035888672e-01
2.253362387418746948e-01
2.308801263570785522e-01
2.260664701461791992e-01
2.223572283983230591e-01
2.133055180311203003e-01
2.086779624223709106e-01
2.126232683658599854e-01
2.175905257463455200e-01
2.112979441881179810e-01
2.053908109664916992e-01
2.037874758243560791e-01
2.067764848470687866e-01
2.029830962419509888e-01
2.040753364562988281e-01
2.004970312118530273e-01
2.026598453521728516e-01
1.976230442523956299e-01
1.955144256353378296e-01
1.900197118520736694e-01
1.876863092184066772e-01
1.904447972774505615e-01
1.903855353593826294e-01
1.838670223951339722e-01
1.813091784715652466e-01
1.808803528547286987e-01
1.828109771013259888e-01
1.838954538106918335e-01
1.782051622867584229e-01
1.757408678531646729e-01
1.815053522586822510e-01
1.847993582487106323e-01
1.812949925661087036e-01
1.709827780723571777e-01
1.682113260030746460e-01
1.732740104198455811e-01
1.735579371452331543e-01
1.694231033325195312e-01
1.685555130243301392e-01
1.750540584325790405e-01
1.850566565990447998e-01
1.964375972747802734e-01
1.952590495347976685e-01
2.020138949155807495e-01
1.992359310388565063e-01
2.190758287906646729e-01
2.231957912445068359e-01
2.192912846803665161e-01
2.259030640125274658e-01
2.272156774997711182e-01
2.304678410291671753e-01
2.333195656538009644e-01
2.336155474185943604e-01
2.315151691436767578e-01
2.219344675540924072e-01
2.150989621877670288e-01
2.070147097110748291e-01
2.015213072299957275e-01
2.003335952758789062e-01
1.926296502351760864e-01
1.866701692342758179e-01
1.841340661048889160e-01
1.855731010437011719e-01
1.854770481586456299e-01
1.857019215822219849e-01
1.787399798631668091e-01
1.743201762437820435e-01
1.797404736280441284e-01
1.823271363973617554e-01
1.812007278203964233e-01
1.753748953342437744e-01
1.745011806488037109e-01
1.812028586864471436e-01
1.969749778509140015e-01
2.032877504825592041e-01
1.871815770864486694e-01
1.802826970815658569e-01
1.747691482305526733e-01
1.868854761123657227e-01
1.994326114654541016e-01
2.068337053060531616e-01
2.048333734273910522e-01
1.986855864524841309e-01
1.988502293825149536e-01
2.059009522199630737e-01
2.074320763349533081e-01
2.030162662267684937e-01
2.017979919910430908e-01
2.002607434988021851e-01
2.024258226156234741e-01
2.016654461622238159e-01
2.042768001556396484e-01
1.978934407234191895e-01
1.972368508577346802e-01
1.899003833532333374e-01
1.919173449277877808e-01
1.916850656270980835e-01
1.905581802129745483e-01
1.918600350618362427e-01
1.925591230392456055e-01
1.898686736822128296e-01
1.910065114498138428e-01
1.919402331113815308e-01
1.884973496198654175e-01
1.923382431268692017e-01
1.911306828260421753e-01
1.903546154499053955e-01
1.885733157396316528e-01
1.943363398313522339e-01
1.985862702131271362e-01
1.983945667743682861e-01
1.977146863937377930e-01
1.902001947164535522e-01
1.912217736244201660e-01
1.858227252960205078e-01
1.798539757728576660e-01
1.729348003864288330e-01
1.652021110057830811e-01
1.647604554891586304e-01
1.621896773576736450e-01
1.666871309280395508e-01
1.695780605077743530e-01
1.673460900783538818e-01
1.707754433155059814e-01
1.699573993682861328e-01
1.753084659576416016e-01
1.757908314466476440e-01
1.727696955204010010e-01
1.723454445600509644e-01
1.670350581407546997e-01
1.618585139513015747e-01
1.608343869447708130e-01
1.600626111030578613e-01
1.589244902133941650e-01
1.571519374847412109e-01
1.542548686265945435e-01
1.538701057434082031e-01
1.575565189123153687e-01
1.592076867818832397e-01
1.581255942583084106e-01
1.617519557476043701e-01
1.582199633121490479e-01
1.578782796859741211e-01
1.606720238924026489e-01
1.602830290794372559e-01
1.624942868947982788e-01
1.591155529022216797e-01
1.612956672906875610e-01
1.663365662097930908e-01
1.681067645549774170e-01
1.658782958984375000e-01
1.655211448669433594e-01
1.649998575448989868e-01
1.665540933609008789e-01
1.716232746839523315e-01
1.658777445554733276e-01
1.630720645189285278e-01
1.611549705266952515e-01
1.556604653596878052e-01
1.466215848922729492e-01
1.472934931516647339e-01
1.437049359083175659e-01
1.401057988405227661e-01
1.432403326034545898e-01
1.426280438899993896e-01
1.400988548994064331e-01
1.402823477983474731e-01
1.443464756011962891e-01
1.524635553359985352e-01
1.628882884979248047e-01
1.660649031400680542e-01
1.719665378332138062e-01
1.736867874860763550e-01
1.821470111608505249e-01
1.834700852632522583e-01
1.893237531185150146e-01
1.936632841825485229e-01
1.850426644086837769e-01
1.864762157201766968e-01
1.892943233251571655e-01
1.831053346395492554e-01
1.843317151069641113e-01
1.858803033828735352e-01
1.864826381206512451e-01
1.775899231433868408e-01
1.781762391328811646e-01
1.730624437332153320e-01
1.639941185712814331e-01
1.575756072998046875e-01
1.503895223140716553e-01
1.508568078279495239e-01
1.465374976396560669e-01
1.432557553052902222e-01
1.415034085512161255e-01
1.387527734041213989e-01
1.391732543706893921e-01
1.392199993133544922e-01
1.420321017503738403e-01
1.488409042358398438e-01
1.463689953088760376e-01
1.482075899839401245e-01
1.544179171323776245e-01
1.569112390279769897e-01
1.582322865724563599e-01
1.563750952482223511e-01
1.580575704574584961e-01
1.580116748809814453e-01
1.613433361053466797e-01
1.629723012447357178e-01
1.664303839206695557e-01
1.722490042448043823e-01
1.779755651950836182e-01
1.814289391040802002e-01
1.812292784452438354e-01
1.747154593467712402e-01
1.604024469852447510e-01
1.529053896665573120e-01
1.509639471769332886e-01
1.492105573415756226e-01
1.467584520578384399e-01
1.477110236883163452e-01
1.470135748386383057e-01
1.573044657707214355e-01
1.637114137411117554e-01
1.694614887237548828e-01
1.713498383760452271e-01
1.724478155374526978e-01
1.724203377962112427e-01
1.746830195188522339e-01
1.631826907396316528e-01
1.677366346120834351e-01
1.588177531957626343e-01
1.599931716918945312e-01
1.607848405838012695e-01
1.526985168457031250e-01
1.575816124677658081e-01
1.503755301237106323e-01
1.511326283216476440e-01
1.452596634626388550e-01
1.449253857135772705e-01
1.426570266485214233e-01
1.440182924270629883e-01
1.506013721227645874e-01
1.546195298433303833e-01
1.448418945074081421e-01
1.482553780078887939e-01
1.566630601882934570e-01
1.477866917848587036e-01
1.562298983335494995e-01
1.572646051645278931e-01
1.565261185169219971e-01
1.495598405599594116e-01
1.539943069219589233e-01
1.637388020753860474e-01
1.679171174764633179e-01
1.620345711708068848e-01
1.627756655216217041e-01
1.634412854909896851e-01
1.677121669054031372e-01
1.496038883924484253e-01
1.437148898839950562e-01
1.470638364553451538e-01
1.579819172620773315e-01
1.644485294818878174e-01
1.683707684278488159e-01
1.617355495691299438e-01
1.787411421537399292e-01
1.757777631282806396e-01
1.795897930860519409e-01
1.766585856676101685e-01
1.678711026906967163e-01
1.773951798677444458e-01
1.743054389953613281e-01
1.796128600835800171e-01
1.899815648794174194e-01
1.892322301864624023e-01
2.049473822116851807e-01
2.001351416110992432e-01
1.904093772172927856e-01
1.900402158498764038e-01
1.948621273040771484e-01
1.877476423978805542e-01
1.855996400117874146e-01
1.998130232095718384e-01
1.931124925613403320e-01
2.040964365005493164e-01
2.127275913953781128e-01
2.301198095083236694e-01
2.368571311235427856e-01
2.413346767425537109e-01
2.589407265186309814e-01
2.533628642559051514e-01
2.810509502887725830e-01
2.608773410320281982e-01
2.737188935279846191e-01
2.867594659328460693e-01
2.833211123943328857e-01
2.950826287269592285e-01
3.121235072612762451e-01
3.248110711574554443e-01
3.040284216403961182e-01
2.899629771709442139e-01
3.024539053440093994e-01
3.015753328800201416e-01
2.984907329082489014e-01
2.919046878814697266e-01
2.962895333766937256e-01
2.781506478786468506e-01
2.949644029140472412e-01
3.167993724346160889e-01
3.457130789756774902e-01
3.902594447135925293e-01
4.103609025478363037e-01
4.136892259120941162e-01
4.406825006008148193e-01
4.193425178527832031e-01
3.999890983104705811e-01
3.976698815822601318e-01
4.459965825080871582e-01
4.622385203838348389e-01
4.764993190765380859e-01
4.665146768093109131e-01
4.615285992622375488e-01
4.777872264385223389e-01
4.474365413188934326e-01
5.265624523162841797e-01
4.917044341564178467e-01
5.214201807975769043e-01
5.202085375785827637e-01
5.554757118225097656e-01
5.481863021850585938e-01
5.098855495452880859e-01
5.035823583602905273e-01
5.091115236282348633e-01
5.060854554176330566e-01
4.642511904239654541e-01
4.890237748622894287e-01
4.956404864788055420e-01
5.178066492080688477e-01
4.828964173793792725e-01
4.981055259704589844e-01
5.309712290763854980e-01
5.337024927139282227e-01
5.459546446800231934e-01
5.092814564704895020e-01
5.275015234947204590e-01
4.615077674388885498e-01
5.234745144844055176e-01
5.037854313850402832e-01
5.025826096534729004e-01
5.394345521926879883e-01
5.435076951980590820e-01
5.383142232894897461e-01
5.125923752784729004e-01
5.032199621200561523e-01
5.626921653747558594e-01
5.302338600158691406e-01
5.695223212242126465e-01
5.806967020034790039e-01
5.499023795127868652e-01
5.703601837158203125e-01
5.456613898277282715e-01
5.922054648399353027e-01
5.643538832664489746e-01
5.753161311149597168e-01
5.057079195976257324e-01
5.267688035964965820e-01
5.798501968383789062e-01
5.465646982192993164e-01
5.559131503105163574e-01
5.312366485595703125e-01
5.591164827346801758e-01
5.678596496582031250e-01
5.583448410034179688e-01
5.581497550010681152e-01
5.414462685585021973e-01
5.827267169952392578e-01
5.604773163795471191e-01
5.447091460227966309e-01
5.194279551506042480e-01
5.865022540092468262e-01
5.055672526359558105e-01
5.240549445152282715e-01
5.558801293373107910e-01
5.604553222656250000e-01
5.509206652641296387e-01
5.381880998611450195e-01
5.489258170127868652e-01
5.232521891593933105e-01
5.439025759696960449e-01
5.355981588363647461e-01
5.233386158943176270e-01
5.301553010940551758e-01
5.326056480407714844e-01
6.144143939018249512e-01
5.427895784378051758e-01
6.490665674209594727e-01
6.313118338584899902e-01
7.148655652999877930e-01
6.927598714828491211e-01
7.335152029991149902e-01
8.048781752586364746e-01
8.030059933662414551e-01
7.154781222343444824e-01
6.735185384750366211e-01
6.960662007331848145e-01
7.718082666397094727e-01
6.924582719802856445e-01
7.109348177909851074e-01
6.347975730895996094e-01
6.291141510009765625e-01
6.499692201614379883e-01
6.400164961814880371e-01
6.207166910171508789e-01
5.792008638381958008e-01
6.011808514595031738e-01
6.090127825736999512e-01
6.148884892463684082e-01
6.088040471076965332e-01
6.411994099617004395e-01
5.912269949913024902e-01
5.701157450675964355e-01
5.724117159843444824e-01
5.454271435737609863e-01
5.477299094200134277e-01
5.122068524360656738e-01
5.616050958633422852e-01
5.118486285209655762e-01
5.418437123298645020e-01
5.575527548789978027e-01
5.961144566535949707e-01
5.526790022850036621e-01
5.306288599967956543e-01
5.891098380088806152e-01
4.824407994747161865e-01
5.585700869560241699e-01
5.726380348205566406e-01
5.560496449470520020e-01
5.443301200866699219e-01
5.257228612899780273e-01
5.265609025955200195e-01
5.662459731101989746e-01
5.261038541793823242e-01
5.364025831222534180e-01
5.298793911933898926e-01
4.842842221260070801e-01
5.543894767761230469e-01
5.183641910552978516e-01
4.973950386047363281e-01
4.917469024658203125e-01
4.854731559753417969e-01
4.642012715339660645e-01
5.099582076072692871e-01
5.633293390274047852e-01
5.320329070091247559e-01
5.430117845535278320e-01
4.866697490215301514e-01
5.541338324546813965e-01
4.782088398933410645e-01
5.397450327873229980e-01
5.212063193321228027e-01
5.286872386932373047e-01
5.396220088005065918e-01
5.045513510704040527e-01
5.248079299926757812e-01
5.015957951545715332e-01
5.581711530685424805e-01
5.065037012100219727e-01
5.320071578025817871e-01
5.776581764221191406e-01
5.205337405204772949e-01
5.920114517211914062e-01
6.208323240280151367e-01
5.360914468765258789e-01
6.215713620185852051e-01
5.358311533927917480e-01
6.817098855972290039e-01
6.163992285728454590e-01
5.073230862617492676e-01
5.684100389480590820e-01
6.124841570854187012e-01
6.322597861289978027e-01
4.906215667724609375e-01
5.621992349624633789e-01
5.813692212104797363e-01
5.465180873870849609e-01
6.222234964370727539e-01
5.778355002403259277e-01
6.070898175239562988e-01
5.854369997978210449e-01
6.277202963829040527e-01
5.608015060424804688e-01
5.967345237731933594e-01
5.650567412376403809e-01
6.167190670967102051e-01
6.056977510452270508e-01
6.803548932075500488e-01
6.128342747688293457e-01
6.097562909126281738e-01
6.489166617393493652e-01
6.055234074592590332e-01
6.351532936096191406e-01
6.084518432617187500e-01
6.023791432380676270e-01
5.948666930198669434e-01
5.637794733047485352e-01
5.472494959831237793e-01
6.094477772712707520e-01
5.988203287124633789e-01
5.867205858230590820e-01
5.379215478897094727e-01
5.723239183425903320e-01
5.567712187767028809e-01
5.589408278465270996e-01
5.963260531425476074e-01
6.406739354133605957e-01
6.817413568496704102e-01
5.321970582008361816e-01
6.030434966087341309e-01
5.785805583000183105e-01
4.868717193603515625e-01
5.854187011718750000e-01
5.995732545852661133e-01
5.927300453186035156e-01
5.902202725410461426e-01
5.980700254440307617e-01
6.153237819671630859e-01
5.457578897476196289e-01
6.363970637321472168e-01
5.700955390930175781e-01
6.258367300033569336e-01
5.898761749267578125e-01
5.198966860771179199e-01
5.350672602653503418e-01
5.926036238670349121e-01
6.450508832931518555e-01
6.026210188865661621e-01
6.358141899108886719e-01
6.087228655815124512e-01
5.312735438346862793e-01
5.318551063537597656e-01
5.445697307586669922e-01
5.978800058364868164e-01
5.783489346504211426e-01
5.369110107421875000e-01
5.256393551826477051e-01
6.180612444877624512e-01
6.045842766761779785e-01
6.024838685989379883e-01
6.128737926483154297e-01
6.474394202232360840e-01
6.660811305046081543e-01
6.093214154243469238e-01
4.836979806423187256e-01
5.670520663261413574e-01
5.952565073966979980e-01
5.695786476135253906e-01
5.380917787551879883e-01
7.026486396789550781e-01
5.371023416519165039e-01
6.156529784202575684e-01
5.859391093254089355e-01
6.312897205352783203e-01
5.739074945449829102e-01
5.704799294471740723e-01
6.679341793060302734e-01
6.503602862358093262e-01
5.834666490554809570e-01
4.691331088542938232e-01
5.879127383232116699e-01
5.777780413627624512e-01
5.113162398338317871e-01
5.911930203437805176e-01
5.374252200126647949e-01
5.876962542533874512e-01
5.377032756805419922e-01
5.596526265144348145e-01
5.300211906433105469e-01
5.965430736541748047e-01
5.802065730094909668e-01
6.125780344009399414e-01
4.972128868103027344e-01
5.429676175117492676e-01
5.936800837516784668e-01
5.232014656066894531e-01
5.858289599418640137e-01
5.588402152061462402e-01
5.831262469291687012e-01
5.564029216766357422e-01
4.831134974956512451e-01
6.544475555419921875e-01
5.589803457260131836e-01
4.856059253215789795e-01
5.391451120376586914e-01
5.916091799736022949e-01
5.961743593215942383e-01
5.583247542381286621e-01
5.568177103996276855e-01
5.314096808433532715e-01
4.556592106819152832e-01
5.900526046752929688e-01
5.351691246032714844e-01
4.726793467998504639e-01
4.970164000988006592e-01
5.184810757637023926e-01
5.597828626632690430e-01
5.335401892662048340e-01
5.357625484466552734e-01
5.003162622451782227e-01
5.503765344619750977e-01
5.214101672172546387e-01
5.594950914382934570e-01
5.935468673706054688e-01
5.905587077140808105e-01
4.599943161010742188e-01
5.405456423759460449e-01
5.343281626701354980e-01
5.574755072593688965e-01
5.570458769798278809e-01
5.619543194770812988e-01
6.397256851196289062e-01
5.538251996040344238e-01
5.905175209045410156e-01
4.896210730075836182e-01
6.182163357734680176e-01
4.957874715328216553e-01
5.743187069892883301e-01
6.081115007400512695e-01
4.810183942317962646e-01
5.895813107490539551e-01
5.860189795494079590e-01
5.639222264289855957e-01
5.645841956138610840e-01
4.990437626838684082e-01
5.027916431427001953e-01
5.188805460929870605e-01
5.004116296768188477e-01
5.499230623245239258e-01
5.737385749816894531e-01
5.589117407798767090e-01
5.444369316101074219e-01
4.722724854946136475e-01
4.967405498027801514e-01
4.938347041606903076e-01
5.063968896865844727e-01
5.230208039283752441e-01
4.709376990795135498e-01
5.451138019561767578e-01
5.365746617317199707e-01
5.842177271842956543e-01
4.483779966831207275e-01
5.403943061828613281e-01
5.187859535217285156e-01
5.088261961936950684e-01
5.871028304100036621e-01
5.437155961990356445e-01
5.097446441650390625e-01
4.279555976390838623e-01
5.081467628479003906e-01
5.564609169960021973e-01
5.339397788047790527e-01
6.004263162612915039e-01
5.554704666137695312e-01
5.280405879020690918e-01
4.901871681213378906e-01
5.645166039466857910e-01
5.670065879821777344e-01
5.438315272331237793e-01
5.783326029777526855e-01
5.144257545471191406e-01
4.812539219856262207e-01
4.885623157024383545e-01
5.856572985649108887e-01
5.671595931053161621e-01
4.553256630897521973e-01
5.468124747276306152e-01
5.451697707176208496e-01
5.550649166107177734e-01
5.673365592956542969e-01
5.234884619712829590e-01
5.132691264152526855e-01
5.188219547271728516e-01
5.908020138740539551e-01
5.305691957473754883e-01
5.764552950859069824e-01
6.070761084556579590e-01
5.089307427406311035e-01
6.324159502983093262e-01
6.092612743377685547e-01
5.142537951469421387e-01
5.227572917938232422e-01
5.608379840850830078e-01
6.240412592887878418e-01
4.310393929481506348e-01
5.521842837333679199e-01
6.383326053619384766e-01
5.777501463890075684e-01
5.521326661109924316e-01
5.464109778404235840e-01
5.119196176528930664e-01
6.388124823570251465e-01
6.023659110069274902e-01
5.139346718788146973e-01
5.765669345855712891e-01
4.859937727451324463e-01
5.590025186538696289e-01
5.610150098800659180e-01
6.043698787689208984e-01
5.314034819602966309e-01
5.445973873138427734e-01
4.552292823791503906e-01
5.639215707778930664e-01
6.001092791557312012e-01
5.401031970977783203e-01
5.549888610839843750e-01
6.341363787651062012e-01
5.942544341087341309e-01
5.679581761360168457e-01
6.466149687767028809e-01
6.279007792472839355e-01
5.377518534660339355e-01
6.006228327751159668e-01
6.171744465827941895e-01
6.176304221153259277e-01
5.699923634529113770e-01
6.058201193809509277e-01
5.538384318351745605e-01
5.491776466369628906e-01
6.052433848381042480e-01
5.647309422492980957e-01
5.681308507919311523e-01
5.066402554512023926e-01
6.037163138389587402e-01
4.904744327068328857e-01
5.825121998786926270e-01
6.235381364822387695e-01
5.764850378036499023e-01
6.539646387100219727e-01
6.774180531501770020e-01
5.990308523178100586e-01
6.023964881896972656e-01
6.726967096328735352e-01
5.964887738227844238e-01
6.368408203125000000e-01
5.720525979995727539e-01
5.212206840515136719e-01
6.128028035163879395e-01
5.220283865928649902e-01
6.159735321998596191e-01
5.997282266616821289e-01
5.896052122116088867e-01
5.476112365722656250e-01
6.178164482116699219e-01
6.342968940734863281e-01
5.547356605529785156e-01
6.492376327514648438e-01
5.600736141204833984e-01
5.412190556526184082e-01
6.616761088371276855e-01
5.449255108833312988e-01
6.051284074783325195e-01
6.043076515197753906e-01
4.729954898357391357e-01
5.664352774620056152e-01
5.926817059516906738e-01
5.548939108848571777e-01
4.445509016513824463e-01
4.847006797790527344e-01
5.504102706909179688e-01
5.349385738372802734e-01
5.537974238395690918e-01
4.422539174556732178e-01
4.709466993808746338e-01
5.683079361915588379e-01
5.796686410903930664e-01
5.305398702621459961e-01
5.297745466232299805e-01
4.803063571453094482e-01
4.353684484958648682e-01
5.674766302108764648e-01
6.180834174156188965e-01
5.161117911338806152e-01
5.664326548576354980e-01
4.988126754760742188e-01
5.197229981422424316e-01
6.010744571685791016e-01
4.827268719673156738e-01
5.846466422080993652e-01
5.534352660179138184e-01
5.985984802246093750e-01
5.145809054374694824e-01
4.440144598484039307e-01
5.017962455749511719e-01
4.903137385845184326e-01
4.496487677097320557e-01
4.984198212623596191e-01
4.786932170391082764e-01
4.764916598796844482e-01
5.032223463058471680e-01
5.040991902351379395e-01
5.113864541053771973e-01
5.579673647880554199e-01
4.835364818572998047e-01
5.525767207145690918e-01
5.708199143409729004e-01
5.195562243461608887e-01
5.508245825767517090e-01
5.130409598350524902e-01
4.695577621459960938e-01
5.145766139030456543e-01
4.806843698024749756e-01
4.698004424571990967e-01
6.233448982238769531e-01
4.364581108093261719e-01
5.566140413284301758e-01
5.186104178428649902e-01
6.082391738891601562e-01
6.490029692649841309e-01
6.854596734046936035e-01
5.473589301109313965e-01
5.185986757278442383e-01
5.539931654930114746e-01
5.146719217300415039e-01
6.773185133934020996e-01
5.463632345199584961e-01
6.419420242309570312e-01
6.536466479301452637e-01
6.239519119262695312e-01
5.383934974670410156e-01
5.184697508811950684e-01
5.691924691200256348e-01
6.065339446067810059e-01
5.474305152893066406e-01
5.580879449844360352e-01
6.298997998237609863e-01
4.946900904178619385e-01
5.692759156227111816e-01
5.224854350090026855e-01
5.793342590332031250e-01
5.371928215026855469e-01
5.352485775947570801e-01
6.299719810485839844e-01
5.541349649429321289e-01
5.846323966979980469e-01
6.762088537216186523e-01
5.994567275047302246e-01
5.352813601493835449e-01
6.152076125144958496e-01
6.611992120742797852e-01
6.136442422866821289e-01
6.064705252647399902e-01
5.442075729370117188e-01
6.607586741447448730e-01
5.715515017509460449e-01
6.134703755378723145e-01
6.251195669174194336e-01
6.901859641075134277e-01
6.344702839851379395e-01
6.124193072319030762e-01
5.464821457862854004e-01
5.720994472503662109e-01
5.828200578689575195e-01
6.674100160598754883e-01
6.096011996269226074e-01
6.078518629074096680e-01
6.934170126914978027e-01
5.234333276748657227e-01
6.095860600471496582e-01
5.572555661201477051e-01
5.437483191490173340e-01
5.477398633956909180e-01
6.280972361564636230e-01
4.859019815921783447e-01
6.430116891860961914e-01
6.315123438835144043e-01
5.894374847412109375e-01
5.127755999565124512e-01
6.624052524566650391e-01
5.776649713516235352e-01
6.084828376770019531e-01
5.899313092231750488e-01
5.748770236968994141e-01
7.228335738182067871e-01
6.065407991409301758e-01
7.125467061996459961e-01
7.238356471061706543e-01
7.223048806190490723e-01
7.858892679214477539e-01
6.645314097404479980e-01
7.492412328720092773e-01
7.338628172874450684e-01
7.650579810142517090e-01
8.125190734863281250e-01
6.801429986953735352e-01
8.643355369567871094e-01
8.163766264915466309e-01
7.027017474174499512e-01
7.397128939628601074e-01
7.307004332542419434e-01
7.628578543663024902e-01
7.971267700195312500e-01
7.243660688400268555e-01
7.362554073333740234e-01
7.871343493461608887e-01
8.194495439529418945e-01
6.914313435554504395e-01
7.362847328186035156e-01
7.771956324577331543e-01
7.258639931678771973e-01
7.259927988052368164e-01
6.575567722320556641e-01
6.827191710472106934e-01
7.215114235877990723e-01
8.055660128593444824e-01
8.029529452323913574e-01
7.278270721435546875e-01
7.199440598487854004e-01
6.524670720100402832e-01
7.440553307533264160e-01
8.002699017524719238e-01
6.802251935005187988e-01
7.945466637611389160e-01
6.574644446372985840e-01
7.867959141731262207e-01
7.069513201713562012e-01
7.303884029388427734e-01
7.137221693992614746e-01
7.364315390586853027e-01
6.661876440048217773e-01
7.580234408378601074e-01
7.557811737060546875e-01
6.873077154159545898e-01
8.001944422721862793e-01
8.227232098579406738e-01
7.623755931854248047e-01
7.963467836380004883e-01
7.767395377159118652e-01
7.374054193496704102e-01
7.487112879753112793e-01
7.592196464538574219e-01
9.551871418952941895e-01
8.074561953544616699e-01
8.611875772476196289e-01
8.070728182792663574e-01
7.672018408775329590e-01
8.773660063743591309e-01
8.448436856269836426e-01
8.653480410575866699e-01
8.241667151451110840e-01
8.832474946975708008e-01
1.109723448753356934e+00
9.261512160301208496e-01
9.506846666336059570e-01
8.788396120071411133e-01
8.879602551460266113e-01
1.107568979263305664e+00
9.392133951187133789e-01
8.539316058158874512e-01
9.477287530899047852e-01
1.020722985267639160e+00
9.658564925193786621e-01
8.931130766868591309e-01
9.260453581809997559e-01
1.005025148391723633e+00
1.079571604728698730e+00
8.950322270393371582e-01
1.042227387428283691e+00
9.773446917533874512e-01
1.118385076522827148e+00
9.320378303527832031e-01
9.296848177909851074e-01
9.670323729515075684e-01
9.654632806777954102e-01
8.863226175308227539e-01
9.638042449951171875e-01
8.942870497703552246e-01
8.962602019309997559e-01
9.495911002159118652e-01
9.264815449714660645e-01
8.499616980552673340e-01
9.161920547485351562e-01
9.731241464614868164e-01
8.762914538383483887e-01
8.047651648521423340e-01
1.039903640747070312e+00
9.299484491348266602e-01
9.687669873237609863e-01
1.009026527404785156e+00
9.605297446250915527e-01
8.543539047241210938e-01
8.622455596923828125e-01
8.938326835632324219e-01
1.052615404129028320e+00
8.748899698257446289e-01
8.885452151298522949e-01
9.398965835571289062e-01
9.475540518760681152e-01
9.966749548912048340e-01
9.089140295982360840e-01
9.897047877311706543e-01
1.023303151130676270e+00
9.816492199897766113e-01
8.883911371231079102e-01
9.250313043594360352e-01
9.648689627647399902e-01
9.901920557022094727e-01
9.128538370132446289e-01
8.582774400711059570e-01
9.168630838394165039e-01
8.377127647399902344e-01
8.009575009346008301e-01
7.918493151664733887e-01
7.562374472618103027e-01
9.112140536308288574e-01
8.887426257133483887e-01
1.082560420036315918e+00
1.029243826866149902e+00
8.996030092239379883e-01
9.982496500015258789e-01
9.200731515884399414e-01
1.067071914672851562e+00
8.190962672233581543e-01
9.860408902168273926e-01
9.325864911079406738e-01
9.013059735298156738e-01
8.771038055419921875e-01
9.804088473320007324e-01
9.364607930183410645e-01
1.042651772499084473e+00
1.065373420715332031e+00
9.389095306396484375e-01
1.077584624290466309e+00
1.114252448081970215e+00
1.099446654319763184e+00
1.044647574424743652e+00
1.149268507957458496e+00
1.075471758842468262e+00
1.061808466911315918e+00
1.054139375686645508e+00
1.023981928825378418e+00
1.096966743469238281e+00
1.028189063072204590e+00
1.094407916069030762e+00
1.087870359420776367e+00
1.023295760154724121e+00
8.804713487625122070e-01
1.015208125114440918e+00
1.019013166427612305e+00
1.149687647819519043e+00
1.046610116958618164e+00
1.043865084648132324e+00
1.066106081008911133e+00
1.081011176109313965e+00
1.001546263694763184e+00
1.103527545928955078e+00
9.957460761070251465e-01
9.850746989250183105e-01
1.029901862144470215e+00
9.966301918029785156e-01
1.029578208923339844e+00
9.686581492424011230e-01
9.552122354507446289e-01
9.209339022636413574e-01
1.061936736106872559e+00
1.003105044364929199e+00
8.887977600097656250e-01
9.569122195243835449e-01
9.487504363059997559e-01
8.842126131057739258e-01
9.377889633178710938e-01
8.987463116645812988e-01
9.210848212242126465e-01
8.508397936820983887e-01
9.483836293220520020e-01
1.016646265983581543e+00
8.756543397903442383e-01
9.368114471435546875e-01
9.051038622856140137e-01
8.660426139831542969e-01
9.361478686332702637e-01
1.138306021690368652e+00
9.213365912437438965e-01
9.801557660102844238e-01
9.828534126281738281e-01
1.000331759452819824e+00
9.021474719047546387e-01
9.489189386367797852e-01
9.866057634353637695e-01
9.245271682739257812e-01
1.058452248573303223e+00
9.911740422248840332e-01
1.067515611648559570e+00
9.267441034317016602e-01
9.434753656387329102e-01
1.079075932502746582e+00
1.037644028663635254e+00
1.099523425102233887e+00
1.011098265647888184e+00
9.995990991592407227e-01
1.012267231941223145e+00
1.154096841812133789e+00
1.150606036186218262e+00
1.002184271812438965e+00
9.871077537536621094e-01
9.350372552871704102e-01
9.656807184219360352e-01
8.950568437576293945e-01
9.578667879104614258e-01
9.901595115661621094e-01
8.915211558341979980e-01
1.019560098648071289e+00
1.004069924354553223e+00
9.963895678520202637e-01
9.235467910766601562e-01
9.958211779594421387e-01
9.630728960037231445e-01
9.272261857986450195e-01
1.014122605323791504e+00
9.410976767539978027e-01
9.943879246711730957e-01
9.877040982246398926e-01
9.019209146499633789e-01
9.768308997154235840e-01
9.180833697319030762e-01
9.738958477973937988e-01
9.618369936943054199e-01
9.265316128730773926e-01
1.049180388450622559e+00
1.048252344131469727e+00
1.010838150978088379e+00
9.311942458152770996e-01
9.442735910415649414e-01
1.037031769752502441e+00
9.267198443412780762e-01
1.072096586227416992e+00
9.846931695938110352e-01
9.783787131309509277e-01
1.025161147117614746e+00
1.000536799430847168e+00
9.010156989097595215e-01
9.967271089553833008e-01
9.174405932426452637e-01
1.011209726333618164e+00
9.981706738471984863e-01
9.504289627075195312e-01
9.258812069892883301e-01
1.026417374610900879e+00
9.153394699096679688e-01
9.480262994766235352e-01
9.005082249641418457e-01
9.060226678848266602e-01
9.293573498725891113e-01
8.454067111015319824e-01
8.494967818260192871e-01
9.142572283744812012e-01
9.399175047874450684e-01
8.414560556411743164e-01
9.359535574913024902e-01
9.220466613769531250e-01
9.499316215515136719e-01
8.527544140815734863e-01
8.600679636001586914e-01
9.059482812881469727e-01
7.752258181571960449e-01
7.785885334014892578e-01
7.737683653831481934e-01
8.967193961143493652e-01
8.391180038452148438e-01
6.941031813621520996e-01
8.997785449028015137e-01
8.017573356628417969e-01
9.270133376121520996e-01
8.258959650993347168e-01
8.475574851036071777e-01
8.828625679016113281e-01
7.892758250236511230e-01
8.328510522842407227e-01
7.914454340934753418e-01
8.036678433418273926e-01
8.665985465049743652e-01
7.673971652984619141e-01
8.921951651573181152e-01
7.596151828765869141e-01
9.256349802017211914e-01
7.007015347480773926e-01
8.632234930992126465e-01
8.006256222724914551e-01
8.492159843444824219e-01
7.710214853286743164e-01
7.586061954498291016e-01
7.462410330772399902e-01
6.933255195617675781e-01
7.953768968582153320e-01
8.679847717285156250e-01
9.012346267700195312e-01
7.667813897132873535e-01
6.966671347618103027e-01
7.767547369003295898e-01
8.452163934707641602e-01
7.781513929367065430e-01
8.358669281005859375e-01
7.679191231727600098e-01
7.962772250175476074e-01
7.940661311149597168e-01
8.467192053794860840e-01
8.424910902976989746e-01
7.304277420043945312e-01
7.523888945579528809e-01
8.201541304588317871e-01
7.831519246101379395e-01
8.485107421875000000e-01
7.885530591011047363e-01
8.296691179275512695e-01
7.599115371704101562e-01
8.420612215995788574e-01
8.018801808357238770e-01
7.465499639511108398e-01
9.667075276374816895e-01
7.320128679275512695e-01
7.183079719543457031e-01
9.449381232261657715e-01
8.246257901191711426e-01
9.187877774238586426e-01
7.523202300071716309e-01
7.119482159614562988e-01
8.254709243774414062e-01
8.821288943290710449e-01
8.151928782463073730e-01
8.296497464179992676e-01
8.450328707695007324e-01
7.842553257942199707e-01
7.418193817138671875e-01
8.176933526992797852e-01
8.334177136421203613e-01
7.946603298187255859e-01
7.940015196800231934e-01
8.219234347343444824e-01
7.571790814399719238e-01
8.626098632812500000e-01
8.063784837722778320e-01
7.789984941482543945e-01
7.918670773506164551e-01
7.931180000305175781e-01
7.589407563209533691e-01
7.722271084785461426e-01
8.619325757026672363e-01
9.277217984199523926e-01
7.579353451728820801e-01
1.015707612037658691e+00
8.103988766670227051e-01
8.163984417915344238e-01
8.191968202590942383e-01
8.471002578735351562e-01
9.110527038574218750e-01
9.288648962974548340e-01
8.941501975059509277e-01
9.219974875450134277e-01
9.572923779487609863e-01
8.829461932182312012e-01
9.308511614799499512e-01
9.075593352317810059e-01
9.052974581718444824e-01
8.561292886734008789e-01
9.285049438476562500e-01
9.169157147407531738e-01
9.420289397239685059e-01
9.517761468887329102e-01
9.738293886184692383e-01
1.018817424774169922e+00
9.740743637084960938e-01
9.369098544120788574e-01
9.119879007339477539e-01
1.024982929229736328e+00
9.378747940063476562e-01
9.071796536445617676e-01
9.060357213020324707e-01
9.087311029434204102e-01
9.182009100914001465e-01
9.523687362670898438e-01
9.574829339981079102e-01
9.771820306777954102e-01
9.508482217788696289e-01
9.492592215538024902e-01
9.218617677688598633e-01
1.009510397911071777e+00
1.031278252601623535e+00
9.238042235374450684e-01
9.775735735893249512e-01
9.442629218101501465e-01
8.957056403160095215e-01
9.923435449600219727e-01
9.684783220291137695e-01
9.796947836875915527e-01
9.200469255447387695e-01
9.789518713951110840e-01
9.897491335868835449e-01
9.727339148521423340e-01
9.596344232559204102e-01
8.988973498344421387e-01
1.014376044273376465e+00
9.748968482017517090e-01
1.089295983314514160e+00
1.038520693778991699e+00
8.901756405830383301e-01
1.027792215347290039e+00
9.569572806358337402e-01
9.529649615287780762e-01
1.001222014427185059e+00
1.075971245765686035e+00
8.247833251953125000e-01
1.055628180503845215e+00
1.028711199760437012e+00
1.085470080375671387e+00
9.807707071304321289e-01
9.944734573364257812e-01
1.046235680580139160e+00
9.614448547363281250e-01
9.258949160575866699e-01
8.957166671752929688e-01
9.575855135917663574e-01
9.396435022354125977e-01
1.055622100830078125e+00
9.030950665473937988e-01
1.001697778701782227e+00
1.013090968132019043e+00
8.963308334350585938e-01
8.668665289878845215e-01
9.223977923393249512e-01
9.638655781745910645e-01
1.068984389305114746e+00
9.284831881523132324e-01
9.908525347709655762e-01
1.046371340751647949e+00
9.497541785240173340e-01
9.627153277397155762e-01
9.615421295166015625e-01
9.822783470153808594e-01
1.042287945747375488e+00
8.417693972587585449e-01
1.006645202636718750e+00
9.560213088989257812e-01
1.090468287467956543e+00
8.892329335212707520e-01
9.376125335693359375e-01
1.014779329299926758e+00
8.790085911750793457e-01
9.015003442764282227e-01
8.873991370201110840e-01
1.030279040336608887e+00
8.817479014396667480e-01
9.959649443626403809e-01
1.061211109161376953e+00
9.886152148246765137e-01
8.642940521240234375e-01
8.536810278892517090e-01
9.384569525718688965e-01
9.614862799644470215e-01
9.131754040718078613e-01
8.902818560600280762e-01
8.717646598815917969e-01
9.110141992568969727e-01
1.069906234741210938e+00
9.323279261589050293e-01
1.005655169486999512e+00
8.784065246582031250e-01
1.033836245536804199e+00
9.531723856925964355e-01
8.840816617012023926e-01
9.567853808403015137e-01
9.150528311729431152e-01
9.477419257164001465e-01
9.747251868247985840e-01
9.714452624320983887e-01
9.087644815444946289e-01
9.128770828247070312e-01
9.584602713584899902e-01
9.386841058731079102e-01
8.978325724601745605e-01
9.644840359687805176e-01
9.343507885932922363e-01
9.103975296020507812e-01
9.515979886054992676e-01
9.903334975242614746e-01
8.563560843467712402e-01
8.630620837211608887e-01
9.279878735542297363e-01
9.096280932426452637e-01
9.042288064956665039e-01
9.022045135498046875e-01
8.364510536193847656e-01
9.516895413398742676e-01
9.697070121765136719e-01
9.088789224624633789e-01
8.552290201187133789e-01
9.770517349243164062e-01
9.844563603401184082e-01
9.432432055473327637e-01
8.840736746788024902e-01
9.220994114875793457e-01
9.026965498924255371e-01
9.928063750267028809e-01
9.753331542015075684e-01
8.556074500083923340e-01
9.024710059165954590e-01
9.347195029258728027e-01
9.213392138481140137e-01
9.884933829307556152e-01
9.665452241897583008e-01
9.613973498344421387e-01
9.183754324913024902e-01
9.633048176765441895e-01
1.041940689086914062e+00
1.030697345733642578e+00
1.015789508819580078e+00
9.287164807319641113e-01
9.518081545829772949e-01
1.005143404006958008e+00
8.461896181106567383e-01
9.149099588394165039e-01
9.701030850410461426e-01
9.965276718139648438e-01
9.070626497268676758e-01
8.398638963699340820e-01
9.511518478393554688e-01
9.838556647300720215e-01
9.895089268684387207e-01
9.807884097099304199e-01
8.639702796936035156e-01
9.489501118659973145e-01
8.884224295616149902e-01
9.259843230247497559e-01
9.329057931900024414e-01
8.192648887634277344e-01
9.834364056587219238e-01
1.014372110366821289e+00
9.245638251304626465e-01
9.657594561576843262e-01
9.130625128746032715e-01
8.160238265991210938e-01
8.740082979202270508e-01
9.684791564941406250e-01
9.696559309959411621e-01
9.386321902275085449e-01
9.118525385856628418e-01
9.168982505798339844e-01
1.027227759361267090e+00
9.446776509284973145e-01
8.830646872520446777e-01
8.939849138259887695e-01
8.363254666328430176e-01
9.582874178886413574e-01
9.818810820579528809e-01
9.034873843193054199e-01
9.372459650039672852e-01
9.158644080162048340e-01
1.009132742881774902e+00
8.968536257743835449e-01
9.495596885681152344e-01
1.024336695671081543e+00
1.007278680801391602e+00
8.596016168594360352e-01
1.097107887268066406e+00
9.129744768142700195e-01
9.762045741081237793e-01
9.629523158073425293e-01
8.408139348030090332e-01
9.574378132820129395e-01
9.779397845268249512e-01
8.846894502639770508e-01
9.740222096443176270e-01
1.039907455444335938e+00
1.026887297630310059e+00
8.686317801475524902e-01
8.330202102661132812e-01
9.847845435142517090e-01
9.968643188476562500e-01
8.523473143577575684e-01
8.615892529487609863e-01
9.013319015502929688e-01
7.851642966270446777e-01
9.337307214736938477e-01
9.090656638145446777e-01
1.082033157348632812e+00
8.975635766983032227e-01
8.651997447013854980e-01
1.008384704589843750e+00
9.317693710327148438e-01
9.704269766807556152e-01
1.030126810073852539e+00
9.641342163085937500e-01
1.084176659584045410e+00
1.086371302604675293e+00
9.909306764602661133e-01
1.146292567253112793e+00
9.869722723960876465e-01
9.948052763938903809e-01
1.228006601333618164e+00
1.162754893302917480e+00
1.036222815513610840e+00
1.135433077812194824e+00
9.440857768058776855e-01
1.137147307395935059e+00
1.019322395324707031e+00
1.158280253410339355e+00
1.064009904861450195e+00
9.806331992149353027e-01
1.050897002220153809e+00
1.247328042984008789e+00
1.021808266639709473e+00
1.159020781517028809e+00
1.048539161682128906e+00
1.046216249465942383e+00
1.003810763359069824e+00
1.092771172523498535e+00
1.112464308738708496e+00
9.737607240676879883e-01
1.071591377258300781e+00
1.205163836479187012e+00
1.150236010551452637e+00
9.335646033287048340e-01
1.048755288124084473e+00
1.105374932289123535e+00
9.562990069389343262e-01
9.530369043350219727e-01
9.761501550674438477e-01
1.110826373100280762e+00
1.017355442047119141e+00
9.998016357421875000e-01
1.045615196228027344e+00
9.088996052742004395e-01
1.247813820838928223e+00
1.089288949966430664e+00
9.976966977119445801e-01
9.917660951614379883e-01
1.198381066322326660e+00
1.146746754646301270e+00
1.030083656311035156e+00
1.183798789978027344e+00
1.033865690231323242e+00
1.034326910972595215e+00
1.108014583587646484e+00
1.040946841239929199e+00
1.002242803573608398e+00
9.841172099113464355e-01
9.855563044548034668e-01
1.011337041854858398e+00
9.909607172012329102e-01
9.927121996879577637e-01
1.082000136375427246e+00
1.021056771278381348e+00
1.010142683982849121e+00
1.140987634658813477e+00
1.067120790481567383e+00
1.166473746299743652e+00
9.775230288505554199e-01
1.017902255058288574e+00
1.058371424674987793e+00
1.041144609451293945e+00
1.022017955780029297e+00
1.018589735031127930e+00
1.017463207244873047e+00
9.958839416503906250e-01
9.909185767173767090e-01
1.032773971557617188e+00
1.139420032501220703e+00
9.931923747062683105e-01
9.382492303848266602e-01
9.129030108451843262e-01
1.005052328109741211e+00
1.061776757240295410e+00
9.027026295661926270e-01
9.378949999809265137e-01
9.275904893875122070e-01
8.938198089599609375e-01
1.061232805252075195e+00
9.457499384880065918e-01
9.098452925682067871e-01
1.008428573608398438e+00
1.008516192436218262e+00
9.889363646507263184e-01
9.501549601554870605e-01
8.173136115074157715e-01
9.063307046890258789e-01
1.114252686500549316e+00
9.371606707572937012e-01
9.271852374076843262e-01
9.086936116218566895e-01
9.742479324340820312e-01
8.816092610359191895e-01
1.010575652122497559e+00
1.063772797584533691e+00
9.885454177856445312e-01
1.004903435707092285e+00
8.547748923301696777e-01
1.078165054321289062e+00
9.062757492065429688e-01
1.075219273567199707e+00
1.000770449638366699e+00
1.081152915954589844e+00
9.329739809036254883e-01
8.954588174819946289e-01
1.026656508445739746e+00
9.621365666389465332e-01
1.042822122573852539e+00
9.721641540527343750e-01
1.077081561088562012e+00
1.123591065406799316e+00
9.910162091255187988e-01
9.975034594535827637e-01
1.169382691383361816e+00
9.955002665519714355e-01
9.067149162292480469e-01
1.051932334899902344e+00
1.013196706771850586e+00
9.996294379234313965e-01
1.021955370903015137e+00
9.448925256729125977e-01
9.633846282958984375e-01
9.520778656005859375e-01
8.762775659561157227e-01
9.252097010612487793e-01
1.022368192672729492e+00
9.005736708641052246e-01
1.021787643432617188e+00
9.711300134658813477e-01
9.152675867080688477e-01
9.572836756706237793e-01
9.390383958816528320e-01
9.382237792015075684e-01
1.023837327957153320e+00
9.934625625610351562e-01
1.002045631408691406e+00
1.118289351463317871e+00
1.033609628677368164e+00
9.814047217369079590e-01
9.655932784080505371e-01
1.068797826766967773e+00
9.911770224571228027e-01
1.071228623390197754e+00
1.099821448326110840e+00
1.093420267105102539e+00
1.031824707984924316e+00
9.484526515007019043e-01
9.011493921279907227e-01
1.055616378784179688e+00
1.218685150146484375e+00
1.132272005081176758e+00
1.027233004570007324e+00
1.003908038139343262e+00
9.774932861328125000e-01
1.109314322471618652e+00
9.847911000251770020e-01
1.085555911064147949e+00
8.962721228599548340e-01
1.017777442932128906e+00
9.984556436538696289e-01
1.096799850463867188e+00
1.087029695510864258e+00
1.003994226455688477e+00
1.124764800071716309e+00
1.190195918083190918e+00
1.012496232986450195e+00
1.124578356742858887e+00
1.072880148887634277e+00
1.044279813766479492e+00
1.044846177101135254e+00
1.156804919242858887e+00
1.142630815505981445e+00
1.046715617179870605e+00
1.052058339118957520e+00
1.040080428123474121e+00
1.031683564186096191e+00
1.084179162979125977e+00
1.079310417175292969e+00
1.109490036964416504e+00
1.002555727958679199e+00
1.042840838432312012e+00
1.039757370948791504e+00
1.020999312400817871e+00
1.082566142082214355e+00
1.018439292907714844e+00
1.017896175384521484e+00
1.067565798759460449e+00
1.039907574653625488e+00
1.162896037101745605e+00
1.075782179832458496e+00
1.076094031333923340e+00
1.027069091796875000e+00
9.647316336631774902e-01
1.047443509101867676e+00
1.010049581527709961e+00
1.012670159339904785e+00
1.092267632484436035e+00
1.047356486320495605e+00
9.819940924644470215e-01
9.288717508316040039e-01
1.028912782669067383e+00
1.023290991783142090e+00
9.165573120117187500e-01
9.725301861763000488e-01
1.033570528030395508e+00
1.026871681213378906e+00
9.824802279472351074e-01
9.933967590332031250e-01
9.430848956108093262e-01
9.376718401908874512e-01
9.395816922187805176e-01
9.223546981811523438e-01
1.002878785133361816e+00
1.013516664505004883e+00
1.073037147521972656e+00
9.730028510093688965e-01
1.042888402938842773e+00
1.010007500648498535e+00
1.086468577384948730e+00
1.056311607360839844e+00
1.064714074134826660e+00
1.156524538993835449e+00
9.427488446235656738e-01
1.056433677673339844e+00
9.700285792350769043e-01
1.068125486373901367e+00
1.001130938529968262e+00
9.960705041885375977e-01
1.048622608184814453e+00
9.687950015068054199e-01
1.094489455223083496e+00
1.017312288284301758e+00
1.015493512153625488e+00
9.761638641357421875e-01
1.094315767288208008e+00
9.282316565513610840e-01
1.007066965103149414e+00
9.616311192512512207e-01
1.133905768394470215e+00
1.024108767509460449e+00
1.006959557533264160e+00
9.706066250801086426e-01
1.105135321617126465e+00
1.055542588233947754e+00
1.105557203292846680e+00
1.084180474281311035e+00
1.058087110519409180e+00
9.987931251525878906e-01
9.430871009826660156e-01
1.006585836410522461e+00
1.042040586471557617e+00
9.415645003318786621e-01
1.113394141197204590e+00
1.022394776344299316e+00
1.166968703269958496e+00
1.127131342887878418e+00
1.002468347549438477e+00
1.097278952598571777e+00
1.080047965049743652e+00
9.453899264335632324e-01
1.099115610122680664e+00
1.052589654922485352e+00
1.041869401931762695e+00
1.032661318778991699e+00
1.023173570632934570e+00
9.272651672363281250e-01
9.705094695091247559e-01
1.078142166137695312e+00
9.972511529922485352e-01
9.107794165611267090e-01
1.095813393592834473e+00
1.014908671379089355e+00
1.091197848320007324e+00
1.032891392707824707e+00
1.158118605613708496e+00
1.266038656234741211e+00
1.115736603736877441e+00
1.044463038444519043e+00
1.104260802268981934e+00
1.152926087379455566e+00
1.217055678367614746e+00
1.076393961906433105e+00
1.178600192070007324e+00
1.131517052650451660e+00
1.037436723709106445e+00
1.224073767662048340e+00
1.095822930335998535e+00
1.014748215675354004e+00
1.290220141410827637e+00
1.189119577407836914e+00
1.204179644584655762e+00
1.215140581130981445e+00
1.130473017692565918e+00
1.159973025321960449e+00
1.165469527244567871e+00
1.011380791664123535e+00
1.086888551712036133e+00
1.037790536880493164e+00
1.063928961753845215e+00
1.116086363792419434e+00
1.234357237815856934e+00
1.175680041313171387e+00
1.276357531547546387e+00
1.244722723960876465e+00
1.252876639366149902e+00
1.211097240447998047e+00
1.087131381034851074e+00
1.091539025306701660e+00
1.122764229774475098e+00
1.122352242469787598e+00
1.072721362113952637e+00
1.093895912170410156e+00
1.082878708839416504e+00
9.864587783813476562e-01
1.072402954101562500e+00
1.079316973686218262e+00
1.228871703147888184e+00
1.013576865196228027e+00
1.169016718864440918e+00
1.095755815505981445e+00
1.073119878768920898e+00
1.067663550376892090e+00
1.056769013404846191e+00
1.065579295158386230e+00
1.058581709861755371e+00
1.053012490272521973e+00
1.082016825675964355e+00
1.168434381484985352e+00
1.049570560455322266e+00
1.199625372886657715e+00
1.066151499748229980e+00
1.051927328109741211e+00
1.281049728393554688e+00
1.275197744369506836e+00
1.299530267715454102e+00
1.304118037223815918e+00
1.315015077590942383e+00
1.179948329925537109e+00
1.095831036567687988e+00
1.258029222488403320e+00
1.259182572364807129e+00
1.279287695884704590e+00
1.294439911842346191e+00
1.175841212272644043e+00
1.223916649818420410e+00
1.124395251274108887e+00
1.151802897453308105e+00
1.087165832519531250e+00
1.080664992332458496e+00
1.234491229057312012e+00
1.203661322593688965e+00
1.183693528175354004e+00
1.200591683387756348e+00
9.979110956192016602e-01
1.056615114212036133e+00
1.230631828308105469e+00
1.049312114715576172e+00
1.223983287811279297e+00
1.184844255447387695e+00
1.144701004028320312e+00
1.187925219535827637e+00
1.186903953552246094e+00
1.081606507301330566e+00
1.175322055816650391e+00
1.119191050529479980e+00
1.098389625549316406e+00
1.234303951263427734e+00
1.082658171653747559e+00
1.077967405319213867e+00
1.154772639274597168e+00
1.096791505813598633e+00
1.077578425407409668e+00
1.153591871261596680e+00
1.221172571182250977e+00
1.059944391250610352e+00
9.346726536750793457e-01
1.180471777915954590e+00
1.176498770713806152e+00
1.151973128318786621e+00
1.027447342872619629e+00
1.108289957046508789e+00
1.108467459678649902e+00
1.169919252395629883e+00
1.176066398620605469e+00
9.962188601493835449e-01
1.107428431510925293e+00
1.176096558570861816e+00
1.048933506011962891e+00
1.066727757453918457e+00
1.141926765441894531e+00
1.094480395317077637e+00
1.107619047164916992e+00
1.143406867980957031e+00
1.179417252540588379e+00
1.114633560180664062e+00
1.125925540924072266e+00
1.137005209922790527e+00
1.000089287757873535e+00
1.141683578491210938e+00
1.071947932243347168e+00
1.096094608306884766e+00
1.017780184745788574e+00
1.112460494041442871e+00
1.077180147171020508e+00
1.055692911148071289e+00
1.045915961265563965e+00
9.925104379653930664e-01
1.067087173461914062e+00
1.117961525917053223e+00
1.063052535057067871e+00
1.077822327613830566e+00
8.825233578681945801e-01
1.005476474761962891e+00
1.033471226692199707e+00
1.062356114387512207e+00
1.073144316673278809e+00
1.074012637138366699e+00
1.065690994262695312e+00
1.185479402542114258e+00
1.052657127380371094e+00
1.047290563583374023e+00
1.150965332984924316e+00
1.094190478324890137e+00
9.791688919067382812e-01
1.049035787582397461e+00
9.585005044937133789e-01
1.193537592887878418e+00
9.736883044242858887e-01
1.186820149421691895e+00
1.086318373680114746e+00
1.038536906242370605e+00
1.049606204032897949e+00
1.065115571022033691e+00
9.106438755989074707e-01
1.120029330253601074e+00
9.585612416267395020e-01
1.067282915115356445e+00
1.134228706359863281e+00
9.458095431327819824e-01
1.139567613601684570e+00
1.001023650169372559e+00
9.461641311645507812e-01
8.683495521545410156e-01
8.771256804466247559e-01
1.017938494682312012e+00
8.870954513549804688e-01
9.756900668144226074e-01
9.699339270591735840e-01
8.805699348449707031e-01
1.169268012046813965e+00
9.903238415718078613e-01
1.046424150466918945e+00
1.089868426322937012e+00
9.549835324287414551e-01
1.055151462554931641e+00
9.586620330810546875e-01
1.070130586624145508e+00
9.957954287528991699e-01
9.712157249450683594e-01
8.999113440513610840e-01
1.039689302444458008e+00
9.475591778755187988e-01
1.012175679206848145e+00
1.034297943115234375e+00
1.012386202812194824e+00
1.024578452110290527e+00
9.758152961730957031e-01
1.055158019065856934e+00
1.035665392875671387e+00
9.923776984214782715e-01
9.661715626716613770e-01
1.032878875732421875e+00
1.111696124076843262e+00
1.015530705451965332e+00
1.021986365318298340e+00
1.018512725830078125e+00
1.124264001846313477e+00
1.045953750610351562e+00
9.778480529785156250e-01
1.148786902427673340e+00
9.206787347793579102e-01
1.015667915344238281e+00
9.879841208457946777e-01
1.040099143981933594e+00
1.065535902976989746e+00
1.043343782424926758e+00
1.011696577072143555e+00
1.153982996940612793e+00
1.045932650566101074e+00
9.749107360839843750e-01
1.038816094398498535e+00
9.872537851333618164e-01
1.007930636405944824e+00
9.892228245735168457e-01
1.002452254295349121e+00
9.778735041618347168e-01
1.010851740837097168e+00
1.029632925987243652e+00
8.644863367080688477e-01
1.126984238624572754e+00
1.157879352569580078e+00
1.014732241630554199e+00
1.048284173011779785e+00
1.055402994155883789e+00
9.225780367851257324e-01
9.150330424308776855e-01
1.131730198860168457e+00
1.018359780311584473e+00
1.092380404472351074e+00
1.121916055679321289e+00
1.039712905883789062e+00
1.008792877197265625e+00
9.147033691406250000e-01
1.021178841590881348e+00
1.039201617240905762e+00
1.075438141822814941e+00
9.904152154922485352e-01
1.041746616363525391e+00
1.061367034912109375e+00
1.058890461921691895e+00
1.054940104484558105e+00
1.177630305290222168e+00
1.038401007652282715e+00
1.114617466926574707e+00
9.910875558853149414e-01
1.124707818031311035e+00
9.907256960868835449e-01
1.053673982620239258e+00
1.155135989189147949e+00
1.159852981567382812e+00
1.081383943557739258e+00
1.088922500610351562e+00
9.828300476074218750e-01
1.016883611679077148e+00
1.036598443984985352e+00
1.139518857002258301e+00
1.047303795814514160e+00
1.198793768882751465e+00
1.181102633476257324e+00
1.124317407608032227e+00
1.097557425498962402e+00
1.155288815498352051e+00
1.099875092506408691e+00
1.107548952102661133e+00
1.158082008361816406e+00
1.152378439903259277e+00
1.113629221916198730e+00
1.146251916885375977e+00
1.226017355918884277e+00
1.226633667945861816e+00
1.054571390151977539e+00
1.136157035827636719e+00
1.087515234947204590e+00
1.130977749824523926e+00
1.091418147087097168e+00
1.061042666435241699e+00
1.187025904655456543e+00
1.125222682952880859e+00
9.946408271789550781e-01
1.070345878601074219e+00
9.961676001548767090e-01
1.032713532447814941e+00
9.171878695487976074e-01
9.694173932075500488e-01
1.084593534469604492e+00
1.010272860527038574e+00
8.751574754714965820e-01
1.042849063873291016e+00
9.159179925918579102e-01
1.050442934036254883e+00
1.093839526176452637e+00
1.117673158645629883e+00
9.562169313430786133e-01
1.078561663627624512e+00
1.092418789863586426e+00
1.089430093765258789e+00
1.082637190818786621e+00
1.206368923187255859e+00
1.041756272315979004e+00
8.671354651451110840e-01
1.220869421958923340e+00
9.889248013496398926e-01
1.048590898513793945e+00
1.065058350563049316e+00
1.016441345214843750e+00
1.179970622062683105e+00
1.126897454261779785e+00
1.116091012954711914e+00
9.548687934875488281e-01
1.213587641716003418e+00
1.146953940391540527e+00
1.076923727989196777e+00
9.486297965049743652e-01
1.073307991027832031e+00
1.110722422599792480e+00
1.048692107200622559e+00
1.052814602851867676e+00
1.099368572235107422e+00
1.079124331474304199e+00
1.035302639007568359e+00
9.975234866142272949e-01
1.197352051734924316e+00
1.097099304199218750e+00
1.047608733177185059e+00
1.085857868194580078e+00
1.065038561820983887e+00
9.772052764892578125e-01
1.046444892883300781e+00
1.093281030654907227e+00
1.018669009208679199e+00
1.085933685302734375e+00
8.751361966133117676e-01
1.023158431053161621e+00
1.048302650451660156e+00
1.037661790847778320e+00
9.715256094932556152e-01
9.646973013877868652e-01
9.879394769668579102e-01
1.053204059600830078e+00
1.121008276939392090e+00
1.059331417083740234e+00
1.143087744712829590e+00
9.997199177742004395e-01
9.883975982666015625e-01
1.087040066719055176e+00
9.724408984184265137e-01
1.082864403724670410e+00
1.045822501182556152e+00
1.047296881675720215e+00
1.051726698875427246e+00
9.858304262161254883e-01
1.065619468688964844e+00
1.023255586624145508e+00
1.049693942070007324e+00
1.063945412635803223e+00
1.088842034339904785e+00
1.021334052085876465e+00
9.256731271743774414e-01
9.977976679801940918e-01
1.032449603080749512e+00
9.979124069213867188e-01
1.015577554702758789e+00
1.059396028518676758e+00
1.034600377082824707e+00
1.119123816490173340e+00
9.844455718994140625e-01
9.992909431457519531e-01
9.958788156509399414e-01
9.003974199295043945e-01
1.077253460884094238e+00
9.154773950576782227e-01
8.029422163963317871e-01
1.100024580955505371e+00
1.010592818260192871e+00
8.781211972236633301e-01
1.032526850700378418e+00
9.923664331436157227e-01
9.784111380577087402e-01
9.373208284378051758e-01
9.368524551391601562e-01
1.202911138534545898e+00
1.127263307571411133e+00
1.006397843360900879e+00
9.882512092590332031e-01
1.132399201393127441e+00
1.177002191543579102e+00
1.198790431022644043e+00
1.024548530578613281e+00
1.011722564697265625e+00
1.094761729240417480e+00
9.490488171577453613e-01
1.067775964736938477e+00
1.030994653701782227e+00
1.139456152915954590e+00
1.021844744682312012e+00
1.137094974517822266e+00
9.259887933731079102e-01
1.214560866355895996e+00
1.194493532180786133e+00
1.044853091239929199e+00
1.149949431419372559e+00
9.655117392539978027e-01
1.109613656997680664e+00
1.076361656188964844e+00
9.436697959899902344e-01
9.308668971061706543e-01
1.128112435340881348e+00
8.733986020088195801e-01
9.691826105117797852e-01
1.066372513771057129e+00
1.071641325950622559e+00
9.876457452774047852e-01
1.165072441101074219e+00
9.357307553291320801e-01
1.188916921615600586e+00
1.168386816978454590e+00
1.028175115585327148e+00
9.791286587715148926e-01
1.061939120292663574e+00
9.747425317764282227e-01
1.256708145141601562e+00
1.105971336364746094e+00
1.210201144218444824e+00
1.144210696220397949e+00
1.017350792884826660e+00
1.181102156639099121e+00
1.215584993362426758e+00
1.183852791786193848e+00
1.221733450889587402e+00
1.068829536437988281e+00
1.024043560028076172e+00
1.182493209838867188e+00
1.329483866691589355e+00
1.011235117912292480e+00
1.149614691734313965e+00
1.006848573684692383e+00
1.201924443244934082e+00
1.014433264732360840e+00
1.299884080886840820e+00
1.220637679100036621e+00
1.110821604728698730e+00
1.221012473106384277e+00
1.298212051391601562e+00
1.051640510559082031e+00
1.159271240234375000e+00
1.243425607681274414e+00
1.245727896690368652e+00
1.196906447410583496e+00
1.212363243103027344e+00
1.061924934387207031e+00
1.230581521987915039e+00
1.059751152992248535e+00
1.304218649864196777e+00
1.068197846412658691e+00
1.242935657501220703e+00
1.159619450569152832e+00
1.095421671867370605e+00
1.289251327514648438e+00
1.284601211547851562e+00
1.155914068222045898e+00
1.282142281532287598e+00
1.191660761833190918e+00
1.260745286941528320e+00
1.301191210746765137e+00
1.214045166969299316e+00
1.239048004150390625e+00
1.114063501358032227e+00
1.059220790863037109e+00
1.294909596443176270e+00
1.169649124145507812e+00
1.207631349563598633e+00
1.106113076210021973e+00
1.042584061622619629e+00
1.012584924697875977e+00
1.053532838821411133e+00
1.028934597969055176e+00
1.327988505363464355e+00
1.183824300765991211e+00
1.138000845909118652e+00
1.112726330757141113e+00
1.173490881919860840e+00
1.128128647804260254e+00
9.537660479545593262e-01
1.256421446800231934e+00
1.280352950096130371e+00
1.067399621009826660e+00
1.266456007957458496e+00
1.214736461639404297e+00
1.205224871635437012e+00
1.141278266906738281e+00
1.149144530296325684e+00
1.161276817321777344e+00
1.039471507072448730e+00
1.219257354736328125e+00
9.690845608711242676e-01
9.918096661567687988e-01
1.039776206016540527e+00
1.200537681579589844e+00
1.209802269935607910e+00
9.951899647712707520e-01
1.225609660148620605e+00
1.166097402572631836e+00
1.068629622459411621e+00
1.163316965103149414e+00
1.064556002616882324e+00
1.039120674133300781e+00
9.940332770347595215e-01
9.854449629783630371e-01
1.099845528602600098e+00
1.185284495353698730e+00
1.086443662643432617e+00
1.159257292747497559e+00
1.077154994010925293e+00
1.088217616081237793e+00
1.111097931861877441e+00
1.187068819999694824e+00
1.144075036048889160e+00
1.158691644668579102e+00
1.090237259864807129e+00
1.034990906715393066e+00
1.000623106956481934e+00
1.096209526062011719e+00
1.094351053237915039e+00
1.183134436607360840e+00
9.711759686470031738e-01
1.115586400032043457e+00
1.096979260444641113e+00
1.109569549560546875e+00
9.612970352172851562e-01
1.078796505928039551e+00
1.053861260414123535e+00
1.140567541122436523e+00
1.119243621826171875e+00
1.014406085014343262e+00
1.064381003379821777e+00
9.256029129028320312e-01
1.105508923530578613e+00
1.205675721168518066e+00
1.055182814598083496e+00
1.121741175651550293e+00
1.066365122795104980e+00
1.058827638626098633e+00
1.129527091979980469e+00
1.191372513771057129e+00
1.141590595245361328e+00
1.090583086013793945e+00
1.021313786506652832e+00
1.070988059043884277e+00
1.190133094787597656e+00
8.702843785285949707e-01
9.414314627647399902e-01
1.046459794044494629e+00
1.069758296012878418e+00
1.118580341339111328e+00
1.054249525070190430e+00
1.096316576004028320e+00
1.032229781150817871e+00
1.179075479507446289e+00
1.094452500343322754e+00
1.249377727508544922e+00
9.028526544570922852e-01
1.050595045089721680e+00
9.750809073448181152e-01
9.826568961143493652e-01
9.292533993721008301e-01
9.055867195129394531e-01
9.263132214546203613e-01
1.129579544067382812e+00
1.012894868850708008e+00
1.166056871414184570e+00
9.001423120498657227e-01
9.592917561531066895e-01
1.041858673095703125e+00
1.156040072441101074e+00
9.542579054832458496e-01
1.054851651191711426e+00
1.007576227188110352e+00
1.254749178886413574e+00
1.053401470184326172e+00
9.776046872138977051e-01
1.124302268028259277e+00
1.055978059768676758e+00
9.785370230674743652e-01
9.844499826431274414e-01
1.080091476440429688e+00
9.346249699592590332e-01
9.341913461685180664e-01
1.084872484207153320e+00
8.940011858940124512e-01
1.083952307701110840e+00
9.930168390274047852e-01
9.306970834732055664e-01
9.425361752510070801e-01
8.748461008071899414e-01
9.722057580947875977e-01
1.006476759910583496e+00
9.589317440986633301e-01
1.102206587791442871e+00
1.055229544639587402e+00
1.100649237632751465e+00
1.138541579246520996e+00
1.013527870178222656e+00
1.038749098777770996e+00
8.846042752265930176e-01
9.686569571495056152e-01
9.774126410484313965e-01
9.036985635757446289e-01
9.395355582237243652e-01
1.078653812408447266e+00
9.556623697280883789e-01
9.779106974601745605e-01
9.545642137527465820e-01
1.074587821960449219e+00
1.018943905830383301e+00
9.944643378257751465e-01
1.112996578216552734e+00
9.534679651260375977e-01
8.394954800605773926e-01
1.052675843238830566e+00
1.015602111816406250e+00
8.750028610229492188e-01
8.429965972900390625e-01
1.029172539710998535e+00
9.527622461318969727e-01
9.887167215347290039e-01
1.051067948341369629e+00
1.071652412414550781e+00
1.009569525718688965e+00
1.071191787719726562e+00
1.035784125328063965e+00
9.297761917114257812e-01
9.468924403190612793e-01
9.266007542610168457e-01
1.034563064575195312e+00
9.525767564773559570e-01
1.036017775535583496e+00
9.350507855415344238e-01
9.543339610099792480e-01
1.007171988487243652e+00
8.899461030960083008e-01
8.740459680557250977e-01
8.781879544258117676e-01
9.265453219413757324e-01
9.706112146377563477e-01
9.429319500923156738e-01
8.787668347358703613e-01
8.287786841392517090e-01
1.041784286499023438e+00
9.836684465408325195e-01
9.086761474609375000e-01
9.846450686454772949e-01
8.922231793403625488e-01
8.287841081619262695e-01
9.229154586791992188e-01
1.000813603401184082e+00
8.306728601455688477e-01
9.229899644851684570e-01
1.074567675590515137e+00
9.143354296684265137e-01
9.712985157966613770e-01
9.144784212112426758e-01
1.031226992607116699e+00
8.683355450630187988e-01
1.022863984107971191e+00
9.004245996475219727e-01
9.508949518203735352e-01
9.396357536315917969e-01
9.200416803359985352e-01
1.079021692276000977e+00
1.011524796485900879e+00
9.346481561660766602e-01
9.733783602714538574e-01
9.367865920066833496e-01
1.007988452911376953e+00
9.107708930969238281e-01
1.025101900100708008e+00
8.532537817955017090e-01
9.151723980903625488e-01
9.687868952751159668e-01
9.029285311698913574e-01
9.425327181816101074e-01
9.657091498374938965e-01
7.733282446861267090e-01
8.650070428848266602e-01
9.240481257438659668e-01
1.000262618064880371e+00
8.533105850219726562e-01
1.110031247138977051e+00
8.532201647758483887e-01
8.593298196792602539e-01
8.255271911621093750e-01
9.361573457717895508e-01
9.658927917480468750e-01
8.166508078575134277e-01
8.853530883789062500e-01
8.882848620414733887e-01
9.672018289566040039e-01
7.769464850425720215e-01
9.728822708129882812e-01
8.980441093444824219e-01
8.148622512817382812e-01
8.662859797477722168e-01
9.226240515708923340e-01
8.603656888008117676e-01
8.166223764419555664e-01
8.687586188316345215e-01
8.906181454658508301e-01
9.533661007881164551e-01
9.606029391288757324e-01
8.430776596069335938e-01
9.113237261772155762e-01
9.988247752189636230e-01
8.693128824234008789e-01
7.732741236686706543e-01
9.108832478523254395e-01
7.660766839981079102e-01
7.318274974822998047e-01
7.669076323509216309e-01
8.323711752891540527e-01
8.852588534355163574e-01
8.910854458808898926e-01
7.096071243286132812e-01
8.891999125480651855e-01
7.135801315307617188e-01
7.727009057998657227e-01
8.317977786064147949e-01
8.441087603569030762e-01
7.486408352851867676e-01
9.618039131164550781e-01
8.697298169136047363e-01
8.896107077598571777e-01
7.802950143814086914e-01
8.268966674804687500e-01
7.632400393486022949e-01
7.519113421440124512e-01
8.270723223686218262e-01
8.294143676757812500e-01
9.159952402114868164e-01
8.886730074882507324e-01
9.380861520767211914e-01
7.303330302238464355e-01
8.822414278984069824e-01
9.093053936958312988e-01
8.734903335571289062e-01
8.147842288017272949e-01
7.879244685173034668e-01
8.954033255577087402e-01
8.093668818473815918e-01
9.443573355674743652e-01
9.148694276809692383e-01
8.836036920547485352e-01
8.649436831474304199e-01
8.486928343772888184e-01
8.135395050048828125e-01
9.033306241035461426e-01
7.435075044631958008e-01
7.876324653625488281e-01
8.658307194709777832e-01
9.620708823204040527e-01
9.542707800865173340e-01
9.899261593818664551e-01
7.471508383750915527e-01
8.613502383232116699e-01
8.544449210166931152e-01
8.017587065696716309e-01
8.722519278526306152e-01
9.306775331497192383e-01
8.739141821861267090e-01
9.112915396690368652e-01
7.896096110343933105e-01
8.857755064964294434e-01
9.569767117500305176e-01
9.366300702095031738e-01
1.001624464988708496e+00
8.347526788711547852e-01
1.054159998893737793e+00
9.192811250686645508e-01
8.267225623130798340e-01
9.483239054679870605e-01
9.803571701049804688e-01
1.007610440254211426e+00
1.002150774002075195e+00
9.340518116950988770e-01
8.411276936531066895e-01
8.759288787841796875e-01
7.736944556236267090e-01
9.188836216926574707e-01
8.769640326499938965e-01
8.890132904052734375e-01
8.473299145698547363e-01
8.791033029556274414e-01
8.763868212699890137e-01
9.616413116455078125e-01
9.048559069633483887e-01
8.951538205146789551e-01
7.872073054313659668e-01
8.913663029670715332e-01
9.104091525077819824e-01
7.112262845039367676e-01
8.345975279808044434e-01
8.158877491950988770e-01
8.504233360290527344e-01
8.576028943061828613e-01
8.889361619949340820e-01
9.837539792060852051e-01
9.176208376884460449e-01
1.019208192825317383e+00
8.519470095634460449e-01
8.430224657058715820e-01
8.676671981811523438e-01
8.704267740249633789e-01
8.247470855712890625e-01
8.393616080284118652e-01
8.337937593460083008e-01
8.088214993476867676e-01
8.474834561347961426e-01
7.305480837821960449e-01
7.920964956283569336e-01
8.162766695022583008e-01
9.212754368782043457e-01
8.525109291076660156e-01
9.256445169448852539e-01
1.062294483184814453e+00
8.342660069465637207e-01
7.895554900169372559e-01
9.657471776008605957e-01
9.340254068374633789e-01
9.014751315116882324e-01
7.551190257072448730e-01
9.359350204467773438e-01
8.776489496231079102e-01
8.240156173706054688e-01
9.263555407524108887e-01
9.261078238487243652e-01
8.270146250724792480e-01
7.697412371635437012e-01
9.737000465393066406e-01
8.811524510383605957e-01
8.878765106201171875e-01
8.637349009513854980e-01
8.700022101402282715e-01
9.490665793418884277e-01
9.240441322326660156e-01
8.822841644287109375e-01
9.948601126670837402e-01
9.194982647895812988e-01
8.622919321060180664e-01
1.057499289512634277e+00
1.138735771179199219e+00
7.987747192382812500e-01
9.651157259941101074e-01
8.853702545166015625e-01
1.108804702758789062e+00
9.921278357505798340e-01
8.025378584861755371e-01
9.021787643432617188e-01
9.492172598838806152e-01
1.030642509460449219e+00
9.378679394721984863e-01
9.079118967056274414e-01
9.835546612739562988e-01
8.305138945579528809e-01
9.090747237205505371e-01
7.215456962585449219e-01
9.236831665039062500e-01
7.951189875602722168e-01
7.536160349845886230e-01
9.500812888145446777e-01
9.789381027221679688e-01
8.243791460990905762e-01
8.619017004966735840e-01
9.510337710380554199e-01
7.851934432983398438e-01
9.101344347000122070e-01
7.374190688133239746e-01
7.641331553459167480e-01
8.661667108535766602e-01
9.394497275352478027e-01
9.689601063728332520e-01
8.092924952507019043e-01
1.002076029777526855e+00
8.933054208755493164e-01
1.057910323143005371e+00
8.865019083023071289e-01
8.976697921752929688e-01
9.912117123603820801e-01
1.042990326881408691e+00
9.011556506156921387e-01
1.041251659393310547e+00
9.375188946723937988e-01
9.241467714309692383e-01
8.204342126846313477e-01
8.216999173164367676e-01
8.631753921508789062e-01
8.453108072280883789e-01
8.393928408622741699e-01
7.546934485435485840e-01
9.657110571861267090e-01
9.174114465713500977e-01
8.536486625671386719e-01
8.864351511001586914e-01
9.494289755821228027e-01
9.371126294136047363e-01
9.405755996704101562e-01
9.868246316909790039e-01
1.078969836235046387e+00
9.916335940361022949e-01
1.010880112648010254e+00
8.504328131675720215e-01
1.055521845817565918e+00
1.119262695312500000e+00
1.049778223037719727e+00
1.049829602241516113e+00
1.056750178337097168e+00
1.056423187255859375e+00
9.707641601562500000e-01
9.315367937088012695e-01
9.621095657348632812e-01
9.286569952964782715e-01
1.020274758338928223e+00
1.055391669273376465e+00
9.641715288162231445e-01
1.083584189414978027e+00
1.052059531211853027e+00
1.126637339591979980e+00
9.910602569580078125e-01
1.084078073501586914e+00
1.051973342895507812e+00
9.889154434204101562e-01
8.772326707839965820e-01
9.552522897720336914e-01
1.046096801757812500e+00
1.063439607620239258e+00
9.090420007705688477e-01
8.965398669242858887e-01
9.870268106460571289e-01
9.373896718025207520e-01
9.701012969017028809e-01
9.564718604087829590e-01
8.917921185493469238e-01
9.692003130912780762e-01
9.936310052871704102e-01
9.303262829780578613e-01
8.603467345237731934e-01
9.931669235229492188e-01
1.057962059974670410e+00
9.196613430976867676e-01
1.028268694877624512e+00
9.448249936103820801e-01
9.015898108482360840e-01
8.918741345405578613e-01
8.746924400329589844e-01
7.803425192832946777e-01
8.626852035522460938e-01
8.605417609214782715e-01
8.148321509361267090e-01
1.035245537757873535e+00
8.751066327095031738e-01
9.889807105064392090e-01
9.861646890640258789e-01
8.839158415794372559e-01
9.056200385093688965e-01
9.462248086929321289e-01
9.123139381408691406e-01
9.752904176712036133e-01
9.546988606452941895e-01
9.038244485855102539e-01
8.752433657646179199e-01
8.679523468017578125e-01
9.238266348838806152e-01
8.681082129478454590e-01
9.273323416709899902e-01
8.434944152832031250e-01
9.182415008544921875e-01
8.509990572929382324e-01
8.787422180175781250e-01
9.243134856224060059e-01
8.020699620246887207e-01
9.054462313652038574e-01
8.391955494880676270e-01
8.218497633934020996e-01
9.259263277053833008e-01
9.448940157890319824e-01
7.956712245941162109e-01
7.939446568489074707e-01
9.825708270072937012e-01
9.012762308120727539e-01
9.438201189041137695e-01
9.395686388015747070e-01
8.843555450439453125e-01
8.420515060424804688e-01
8.277233242988586426e-01
8.867840766906738281e-01
8.581876754760742188e-01
9.115930795669555664e-01
9.065092206001281738e-01
9.339143633842468262e-01
8.864461779594421387e-01
8.028135299682617188e-01
9.043734669685363770e-01
8.792701959609985352e-01
9.351997375488281250e-01
8.218809962272644043e-01
8.189502954483032227e-01
9.094936251640319824e-01
9.458628892898559570e-01
9.781084060668945312e-01
8.578489422798156738e-01
9.103893637657165527e-01
9.080347418785095215e-01
9.502224326133728027e-01
9.386085867881774902e-01
8.899413943290710449e-01
8.184158205986022949e-01
7.833893895149230957e-01
8.816459774971008301e-01
9.132176637649536133e-01
9.299315810203552246e-01
9.461584091186523438e-01
8.021600842475891113e-01
9.120673537254333496e-01
9.284524917602539062e-01
9.439167380332946777e-01
8.661440014839172363e-01
9.218144416809082031e-01
8.422868847846984863e-01
9.381301999092102051e-01
8.923751115798950195e-01
9.070164561271667480e-01
7.998348474502563477e-01
9.303506016731262207e-01
8.207785487174987793e-01
6.837090253829956055e-01
9.591604471206665039e-01
7.681038975715637207e-01
8.769884109497070312e-01
9.089847803115844727e-01
9.223518371582031250e-01
8.592323660850524902e-01
8.636336326599121094e-01
8.329570889472961426e-01
8.381612896919250488e-01
8.020551800727844238e-01
8.204030394554138184e-01
8.012546896934509277e-01
7.015523314476013184e-01
7.660825848579406738e-01
8.984705805778503418e-01
8.405643701553344727e-01
8.955345153808593750e-01
1.017954707145690918e+00
7.752006053924560547e-01
8.611308336257934570e-01
7.882931232452392578e-01
9.227579236030578613e-01
8.734735846519470215e-01
1.003605246543884277e+00
8.555397391319274902e-01
9.253541231155395508e-01
8.714811205863952637e-01
9.829216003417968750e-01
8.826193809509277344e-01
9.769613146781921387e-01
9.195427298545837402e-01
9.950245022773742676e-01
1.110940337181091309e+00
9.889981150627136230e-01
1.286779522895812988e+00
1.119793772697448730e+00
9.912378191947937012e-01
1.138154983520507812e+00
9.813427925109863281e-01
1.001137852668762207e+00
9.584087729454040527e-01
9.769369363784790039e-01
9.411594271659851074e-01
9.056944251060485840e-01
8.797411322593688965e-01
1.067799925804138184e+00
1.160061120986938477e+00
9.753540158271789551e-01
1.012653708457946777e+00
9.531225562095642090e-01
9.390320181846618652e-01
1.035786867141723633e+00
1.030696630477905273e+00
1.094034552574157715e+00
1.133519172668457031e+00
1.034655928611755371e+00
9.981625676155090332e-01
1.151099443435668945e+00
9.230691194534301758e-01
1.099648356437683105e+00
9.965503811836242676e-01
9.873455166816711426e-01
9.342969059944152832e-01
9.394276738166809082e-01
1.003269195556640625e+00
8.955464363098144531e-01
1.092214584350585938e+00
9.627175331115722656e-01
9.730967879295349121e-01
1.025138258934020996e+00
9.957334399223327637e-01
9.620934724807739258e-01
1.048427224159240723e+00
1.140007019042968750e+00
1.113107562065124512e+00
1.022725343704223633e+00
1.054728388786315918e+00
9.851256608963012695e-01
1.085419535636901855e+00
1.037618637084960938e+00
1.073580622673034668e+00
9.635986685752868652e-01
9.990929961204528809e-01
9.782080054283142090e-01
9.939152002334594727e-01
1.011646747589111328e+00
1.041302084922790527e+00
9.842514395713806152e-01
1.051727652549743652e+00
9.546568989753723145e-01
9.696806073188781738e-01
1.004521012306213379e+00
8.990595936775207520e-01
1.029831767082214355e+00
1.102781534194946289e+00
9.914091229438781738e-01
9.577030539512634277e-01
9.982365965843200684e-01
9.237682223320007324e-01
1.004309177398681641e+00
1.082343697547912598e+00
9.854510426521301270e-01
9.826288223266601562e-01
9.834188818931579590e-01
9.168528914451599121e-01
1.001734375953674316e+00
9.333500266075134277e-01
8.181058764457702637e-01
8.164464831352233887e-01
9.622600674629211426e-01
9.201173782348632812e-01
8.825578689575195312e-01
9.755825996398925781e-01
1.059948563575744629e+00
9.351516962051391602e-01
1.020996332168579102e+00
1.205475687980651855e+00
1.052483439445495605e+00
9.804995656013488770e-01
8.707122206687927246e-01
8.906831741333007812e-01
1.079718470573425293e+00
9.956318140029907227e-01
8.930179476737976074e-01
1.056302905082702637e+00
9.526441693305969238e-01
9.487099051475524902e-01
9.064136743545532227e-01
9.917502403259277344e-01
9.968811869621276855e-01
9.060959219932556152e-01
1.006038188934326172e+00
9.473221898078918457e-01
9.632479548454284668e-01
9.182552695274353027e-01
9.725303649902343750e-01
9.914758801460266113e-01
1.030185580253601074e+00
9.883136749267578125e-01
1.051377415657043457e+00
9.103741049766540527e-01
8.616684079170227051e-01
9.936774373054504395e-01
1.027424216270446777e+00
1.072144031524658203e+00
9.391245245933532715e-01
9.596172571182250977e-01
9.026223421096801758e-01
9.870696067810058594e-01
1.115551590919494629e+00
9.852249026298522949e-01
1.026361703872680664e+00
9.682761430740356445e-01
1.151662230491638184e+00
1.034804344177246094e+00
1.034923911094665527e+00
9.360021948814392090e-01
1.095701098442077637e+00
1.014009118080139160e+00
9.648108482360839844e-01
1.056839227676391602e+00
8.747081756591796875e-01
1.069401621818542480e+00
1.001959562301635742e+00
9.444608092308044434e-01
1.014701247215270996e+00
1.053667068481445312e+00
1.082064151763916016e+00
9.124605059623718262e-01
1.180178642272949219e+00
1.097122550010681152e+00
1.067371606826782227e+00
1.169132471084594727e+00
1.097788810729980469e+00
1.251347184181213379e+00
1.296142458915710449e+00
1.133029341697692871e+00
1.171721816062927246e+00
1.133084177970886230e+00
1.117563009262084961e+00
1.214495539665222168e+00
1.025434494018554688e+00
1.255095958709716797e+00
1.039328098297119141e+00
1.133268594741821289e+00
1.139384508132934570e+00
1.134968519210815430e+00
9.395187497138977051e-01
1.058207273483276367e+00
1.084076285362243652e+00
1.156449198722839355e+00
1.244841575622558594e+00
1.136069059371948242e+00
1.135999917984008789e+00
1.099246025085449219e+00
1.061126708984375000e+00
1.116820335388183594e+00
1.135619163513183594e+00
1.075682044029235840e+00
1.156710982322692871e+00
1.027227401733398438e+00
1.143259882926940918e+00
1.071238517761230469e+00
1.006030440330505371e+00
1.061506271362304688e+00
1.115751266479492188e+00
1.220705270767211914e+00
1.105810403823852539e+00
9.845286607742309570e-01
1.061214327812194824e+00
1.076578736305236816e+00
1.023959398269653320e+00
1.021088719367980957e+00
1.135939955711364746e+00
1.164029598236083984e+00
1.112999558448791504e+00
1.164467215538024902e+00
1.130486965179443359e+00
1.027268171310424805e+00
1.140475630760192871e+00
1.088654160499572754e+00
1.029023766517639160e+00
1.020418763160705566e+00
9.057432413101196289e-01
1.054441690444946289e+00
1.056591272354125977e+00
1.093177795410156250e+00
1.016634821891784668e+00
9.103073477745056152e-01
1.102578043937683105e+00
9.729179739952087402e-01
1.050451993942260742e+00
1.047801494598388672e+00
9.050331115722656250e-01
9.130722284317016602e-01
9.193049669265747070e-01
9.528171420097351074e-01
9.621505737304687500e-01
9.862925410270690918e-01
1.067598342895507812e+00
9.740063548088073730e-01
1.134939193725585938e+00
8.797279596328735352e-01
9.829263687133789062e-01
1.068462610244750977e+00
1.145303964614868164e+00
1.138220548629760742e+00
9.384848475456237793e-01
1.081413149833679199e+00
9.574965834617614746e-01
8.417852520942687988e-01
1.014330506324768066e+00
8.248152136802673340e-01
1.052243471145629883e+00
1.003991484642028809e+00
1.068170547485351562e+00
9.254730343818664551e-01
9.938659667968750000e-01
9.253921508789062500e-01
8.629833459854125977e-01
9.078508615493774414e-01
1.075391650199890137e+00
1.027010798454284668e+00
9.419311881065368652e-01
1.036171913146972656e+00
9.230001568794250488e-01
8.682169318199157715e-01
1.106622576713562012e+00
9.657163619995117188e-01
9.174875617027282715e-01
9.052371978759765625e-01
9.718138575553894043e-01
9.521929621696472168e-01
8.932342529296875000e-01
1.015948891639709473e+00
1.135098457336425781e+00
9.033507704734802246e-01
1.004831194877624512e+00
9.556185007095336914e-01
9.970083236694335938e-01
1.124941468238830566e+00
9.557775855064392090e-01
1.185378313064575195e+00
9.964105486869812012e-01
1.005939126014709473e+00
9.307541251182556152e-01
1.054912447929382324e+00
1.024745464324951172e+00
1.066843152046203613e+00
9.876648783683776855e-01
1.017846822738647461e+00
9.679426550865173340e-01
1.007352232933044434e+00
1.037593483924865723e+00
1.103216052055358887e+00
1.015377283096313477e+00
1.000110030174255371e+00
1.023510336875915527e+00
9.165321588516235352e-01
1.024390339851379395e+00
1.004399299621582031e+00
1.044911861419677734e+00
9.118162989616394043e-01
8.938975334167480469e-01
9.351930022239685059e-01
9.534878730773925781e-01
9.030981063842773438e-01
1.075893759727478027e+00
9.749102592468261719e-01
1.008020639419555664e+00
8.723232150077819824e-01
9.566569328308105469e-01
9.626779556274414062e-01
9.788808822631835938e-01
8.514605760574340820e-01
9.446218609809875488e-01
8.746396899223327637e-01
9.402460455894470215e-01
8.477886319160461426e-01
8.343025445938110352e-01
1.041489481925964355e+00
9.409184455871582031e-01
9.099292159080505371e-01
9.017727971076965332e-01
8.765220642089843750e-01
9.508228302001953125e-01
9.477114081382751465e-01
9.391571283340454102e-01
8.064773678779602051e-01
9.381260871887207031e-01
8.408085107803344727e-01
8.083698153495788574e-01
8.060998320579528809e-01
8.957967758178710938e-01
8.594009280204772949e-01
8.490830659866333008e-01
8.596616983413696289e-01
9.905460476875305176e-01
8.583437800407409668e-01
9.186286926269531250e-01
9.098591208457946777e-01
9.998359084129333496e-01
8.542479872703552246e-01
1.002652406692504883e+00
7.725769877433776855e-01
8.878899812698364258e-01
8.346750140190124512e-01
9.367494583129882812e-01
9.318348169326782227e-01
8.060432672500610352e-01
8.682443499565124512e-01
8.852517008781433105e-01
9.213284850120544434e-01
9.592710733413696289e-01
8.688231706619262695e-01
8.879594802856445312e-01
1.019840121269226074e+00
9.110504984855651855e-01
9.233560562133789062e-01
8.682684898376464844e-01
8.311315774917602539e-01
9.343568682670593262e-01
8.670459985733032227e-01
8.999372720718383789e-01
8.750736117362976074e-01
9.080258607864379883e-01
8.064457178115844727e-01
8.234502673149108887e-01
8.198694586753845215e-01
7.842115759849548340e-01
9.043793082237243652e-01
8.484072089195251465e-01
8.519344329833984375e-01
7.735288739204406738e-01
7.759918570518493652e-01
8.134286999702453613e-01
9.098617434501647949e-01
9.146998524665832520e-01
7.914129495620727539e-01
1.034388899803161621e+00
9.105507135391235352e-01
8.593822717666625977e-01
7.529196143150329590e-01
8.914126753807067871e-01
8.550146222114562988e-01
9.992467761039733887e-01
8.238430023193359375e-01
8.649829030036926270e-01
8.241531252861022949e-01
8.508567810058593750e-01
9.000051617622375488e-01
8.243259787559509277e-01
7.584423422813415527e-01
8.736096620559692383e-01
7.951458692550659180e-01
7.953788042068481445e-01
7.584537863731384277e-01
8.106850981712341309e-01
8.308887481689453125e-01
8.954147696495056152e-01
8.066164851188659668e-01
7.807236909866333008e-01
8.552153706550598145e-01
7.683221697807312012e-01
9.450471997261047363e-01
8.269822001457214355e-01
8.550437092781066895e-01
7.960520386695861816e-01
9.089496731758117676e-01
7.399615645408630371e-01
9.380133748054504395e-01
9.177770614624023438e-01
7.725226879119873047e-01
7.300441861152648926e-01
7.054217457771301270e-01
8.461918830871582031e-01
7.163131833076477051e-01
7.047759294509887695e-01
8.614584207534790039e-01
8.113369345664978027e-01
6.790775656700134277e-01
8.263875842094421387e-01
7.095965743064880371e-01
7.442540526390075684e-01
6.504080295562744141e-01
8.701244592666625977e-01
7.326200604438781738e-01
7.597281336784362793e-01
8.065622448921203613e-01
7.879281640052795410e-01
6.970060467720031738e-01
6.997998356819152832e-01
7.376301884651184082e-01
7.080468535423278809e-01
8.018307089805603027e-01
8.265526890754699707e-01
7.389897704124450684e-01
7.356498241424560547e-01
6.358581781387329102e-01
7.706179022789001465e-01
8.355559706687927246e-01
8.158077597618103027e-01
7.634621858596801758e-01
7.135223746299743652e-01
6.422651410102844238e-01
8.343858718872070312e-01
8.294109702110290527e-01
7.009428143501281738e-01
7.684095501899719238e-01
7.746927142143249512e-01
7.176116704940795898e-01
8.810062408447265625e-01
7.754393219947814941e-01
8.633325695991516113e-01
8.699448704719543457e-01
8.184704184532165527e-01
8.290154337882995605e-01
8.226429224014282227e-01
8.919543623924255371e-01
8.842197656631469727e-01
8.370229005813598633e-01
8.280766606330871582e-01
9.531803131103515625e-01
7.818064689636230469e-01
8.299266695976257324e-01
8.825952410697937012e-01
8.326881527900695801e-01
7.236534357070922852e-01
6.996863484382629395e-01
7.101253271102905273e-01
7.904785871505737305e-01
7.923340201377868652e-01
8.169927597045898438e-01
7.810246348381042480e-01
9.262064099311828613e-01
8.899349570274353027e-01
8.151635527610778809e-01
7.611466646194458008e-01
7.726435661315917969e-01
8.322742581367492676e-01
8.887594342231750488e-01
8.200843930244445801e-01
7.931352257728576660e-01
6.869999170303344727e-01
8.339228034019470215e-01
8.711895346641540527e-01
8.672710657119750977e-01
7.352718710899353027e-01
7.654938101768493652e-01
8.324763178825378418e-01
8.639612197875976562e-01
8.807827234268188477e-01
8.365538716316223145e-01
6.949627995491027832e-01
7.058720588684082031e-01
7.871131896972656250e-01
7.924281358718872070e-01
8.754207491874694824e-01
7.902259230613708496e-01
6.191448569297790527e-01
7.428469061851501465e-01
7.765575647354125977e-01
7.443728446960449219e-01
7.627615928649902344e-01
6.950302124023437500e-01
7.780680060386657715e-01
7.183442115783691406e-01
7.963714003562927246e-01
8.823356628417968750e-01
6.822309494018554688e-01
7.521041035652160645e-01
7.173455357551574707e-01
6.247819066047668457e-01
8.527449965476989746e-01
7.344481348991394043e-01
7.803539633750915527e-01
8.518684506416320801e-01
7.393739223480224609e-01
7.140492796897888184e-01
8.089319467544555664e-01
8.801622390747070312e-01
6.742491722106933594e-01
6.785782575607299805e-01
8.306170701980590820e-01
7.735955715179443359e-01
6.607515215873718262e-01
8.040989041328430176e-01
7.401411533355712891e-01
7.768592834472656250e-01
7.189618349075317383e-01
8.957158327102661133e-01
7.648476958274841309e-01
6.466370224952697754e-01
8.631364703178405762e-01
7.799639105796813965e-01
7.524804472923278809e-01
7.172775268554687500e-01
7.282320261001586914e-01
8.088195919990539551e-01
6.833660006523132324e-01
8.067256808280944824e-01
7.945529818534851074e-01
8.440679907798767090e-01
7.287937998771667480e-01
6.668865084648132324e-01
7.452133893966674805e-01
7.827113270759582520e-01
8.371578454971313477e-01
7.097760438919067383e-01
7.530946135520935059e-01
8.817022442817687988e-01
6.589937806129455566e-01
7.647004127502441406e-01
6.167656183242797852e-01
8.759983181953430176e-01
7.455445528030395508e-01
7.145339846611022949e-01
7.477570176124572754e-01
8.134319186210632324e-01
7.913672924041748047e-01
7.911411523818969727e-01
8.699610829353332520e-01
7.956445813179016113e-01
8.570057153701782227e-01
1.006346344947814941e+00
9.273120760917663574e-01
8.764282464981079102e-01
9.239202737808227539e-01
8.406774401664733887e-01
9.512450098991394043e-01
9.578618407249450684e-01
8.425806164741516113e-01
8.910919427871704102e-01
8.662358522415161133e-01
1.031507492065429688e+00
9.767500758171081543e-01
8.279569745063781738e-01
9.573117494583129883e-01
1.005687952041625977e+00
9.949417114257812500e-01
1.027660489082336426e+00
8.242033123970031738e-01
1.144590735435485840e+00
1.019362807273864746e+00
7.863362431526184082e-01
9.831792712211608887e-01
9.222774505615234375e-01
9.505808949470520020e-01
1.056108713150024414e+00
9.825270771980285645e-01
8.208670020103454590e-01
9.546136856079101562e-01
1.069224715232849121e+00
8.719722628593444824e-01
7.274261713027954102e-01
7.855338454246520996e-01
9.023489356040954590e-01
6.813656687736511230e-01
7.862110137939453125e-01
9.535643458366394043e-01
9.141188859939575195e-01
9.493139386177062988e-01
8.928455710411071777e-01
8.717008829116821289e-01
1.064425468444824219e+00
9.062433242797851562e-01
1.011274218559265137e+00
9.450044631958007812e-01
9.109956026077270508e-01
8.703252673149108887e-01
7.502326965332031250e-01
1.070939302444458008e+00
9.197975397109985352e-01
9.319521188735961914e-01
9.307982325553894043e-01
9.969928860664367676e-01
9.743000268936157227e-01
9.096932411193847656e-01
9.519279599189758301e-01
7.916473746299743652e-01
8.369939923286437988e-01
9.806202054023742676e-01
1.157842636108398438e+00
7.857637405395507812e-01
7.880345582962036133e-01
1.003747820854187012e+00
8.007134795188903809e-01
1.017474293708801270e+00
6.951697468757629395e-01
8.525733351707458496e-01
8.328046798706054688e-01
8.806314468383789062e-01
9.446008801460266113e-01
8.243524432182312012e-01
9.025194048881530762e-01
7.855510711669921875e-01
8.069214224815368652e-01
9.003723263740539551e-01
8.976017236709594727e-01
8.289409875869750977e-01
8.355688452720642090e-01
9.075023531913757324e-01
7.990010380744934082e-01
9.596961140632629395e-01
8.339712023735046387e-01
8.373737335205078125e-01
7.767875194549560547e-01
9.194122552871704102e-01
7.701153159141540527e-01
8.686798214912414551e-01
7.161699533462524414e-01
8.061025738716125488e-01
7.225676774978637695e-01
8.558351397514343262e-01
8.826347589492797852e-01
8.594303131103515625e-01
8.392104506492614746e-01
8.926105499267578125e-01
6.857241988182067871e-01
6.265807151794433594e-01
7.761450409889221191e-01
7.410734891891479492e-01
8.045223355293273926e-01
7.100344300270080566e-01
8.656942248344421387e-01
8.516511917114257812e-01
9.557199478149414062e-01
9.454115033149719238e-01
7.875615954399108887e-01
8.521488308906555176e-01
1.018346071243286133e+00
1.024521708488464355e+00
9.513172507286071777e-01
1.046152949333190918e+00
9.407922029495239258e-01
1.128195524215698242e+00
9.756357073783874512e-01
1.029200553894042969e+00
8.925636410713195801e-01
1.013853430747985840e+00
9.723967909812927246e-01
9.293076395988464355e-01
7.257550358772277832e-01
9.977411627769470215e-01
8.289911150932312012e-01
9.041724205017089844e-01
9.631868600845336914e-01
9.911697506904602051e-01
9.675171971321105957e-01
9.084329605102539062e-01
1.002962589263916016e+00
8.126903772354125977e-01
7.536369562149047852e-01
9.392040371894836426e-01
8.768722414970397949e-01
1.091682076454162598e+00
9.892591834068298340e-01
9.156833887100219727e-01
1.212452530860900879e+00
9.059196710586547852e-01
9.162679910659790039e-01
1.043885827064514160e+00
9.627410173416137695e-01
9.100104570388793945e-01
8.133404850959777832e-01
8.449583053588867188e-01
9.371971487998962402e-01
8.849056363105773926e-01
8.193081021308898926e-01
9.718104600906372070e-01
9.789517521858215332e-01
9.698643088340759277e-01
8.399478793144226074e-01
8.632610440254211426e-01
9.294306039810180664e-01
9.170030951499938965e-01
9.273830652236938477e-01
8.153309226036071777e-01
9.350835680961608887e-01
8.357197046279907227e-01
9.720554351806640625e-01
8.793875575065612793e-01
8.482603430747985840e-01
7.830376029014587402e-01
1.026173472404479980e+00
9.447394609451293945e-01
1.008035302162170410e+00
9.542215466499328613e-01
9.340152740478515625e-01
1.088782191276550293e+00
8.458088040351867676e-01
7.335249185562133789e-01
9.438638687133789062e-01
9.319717288017272949e-01
9.247297644615173340e-01
9.270198941230773926e-01
9.317385554313659668e-01
8.714829683303833008e-01
7.742331027984619141e-01
9.014749526977539062e-01
8.691032528877258301e-01
9.022151827812194824e-01
9.070970416069030762e-01
8.704382181167602539e-01
9.274603128433227539e-01
8.143068552017211914e-01
8.959189653396606445e-01
8.046183586120605469e-01
8.605079054832458496e-01
9.013164639472961426e-01
7.584218382835388184e-01
9.112892150878906250e-01
8.391407132148742676e-01
9.848067164421081543e-01
8.223465085029602051e-01
9.822689294815063477e-01
8.542943000793457031e-01
9.410077333450317383e-01
1.042718648910522461e+00
7.374069094657897949e-01
8.124790191650390625e-01
8.639975786209106445e-01
8.348271250724792480e-01
8.506789207458496094e-01
7.457885742187500000e-01
7.766812443733215332e-01
9.005298614501953125e-01
8.255224227905273438e-01
9.378181695938110352e-01
7.381291389465332031e-01
8.440243005752563477e-01
7.658368945121765137e-01
6.889882683753967285e-01
8.950323462486267090e-01
7.940372824668884277e-01
7.548598647117614746e-01
8.591198325157165527e-01
8.563410043716430664e-01
7.820402979850769043e-01
7.740549445152282715e-01
8.210104107856750488e-01
9.203424453735351562e-01
8.013779520988464355e-01
7.243665456771850586e-01
7.185849547386169434e-01
8.425084948539733887e-01
8.551290631294250488e-01
8.710283637046813965e-01
8.498162627220153809e-01
8.520199060440063477e-01
9.494091868400573730e-01
8.059952855110168457e-01
8.162995576858520508e-01
9.608978629112243652e-01
8.657720685005187988e-01
7.904577851295471191e-01
8.215934634208679199e-01
8.522964715957641602e-01
7.211587429046630859e-01
7.956175208091735840e-01
6.281719207763671875e-01
7.836282849311828613e-01
8.869902491569519043e-01
7.004339098930358887e-01
7.290619015693664551e-01
6.858292818069458008e-01
8.257696032524108887e-01
8.057185411453247070e-01
7.939813733100891113e-01
7.587876319885253906e-01
6.345283389091491699e-01
7.207347750663757324e-01
8.978886604309082031e-01
8.196330070495605469e-01
6.945295929908752441e-01
6.533195972442626953e-01
8.819031119346618652e-01
8.160033226013183594e-01
8.284212350845336914e-01
7.349841594696044922e-01
8.112446665763854980e-01
7.256475687026977539e-01
7.420789599418640137e-01
8.660456538200378418e-01
6.504799723625183105e-01
7.850119471549987793e-01
8.376763463020324707e-01
7.568143010139465332e-01
7.207841277122497559e-01
7.864866256713867188e-01
7.853724360466003418e-01
7.045813202857971191e-01
7.635678648948669434e-01
8.836628198623657227e-01
6.874666213989257812e-01
8.221389055252075195e-01
7.175208926200866699e-01
7.739772200584411621e-01
7.071585059165954590e-01
6.232625842094421387e-01
6.883537173271179199e-01
6.861345171928405762e-01
6.959126591682434082e-01
8.004398345947265625e-01
7.067589759826660156e-01
7.261705398559570312e-01
6.452216506004333496e-01
6.570571064949035645e-01
7.233924865722656250e-01
6.377770304679870605e-01
7.321068048477172852e-01
7.642165422439575195e-01
7.936849594116210938e-01
6.697690486907958984e-01
6.291632652282714844e-01
7.007581591606140137e-01
7.002854347229003906e-01
7.291216254234313965e-01
6.486024856567382812e-01
7.133064270019531250e-01
6.178019642829895020e-01
7.738148570060729980e-01
7.567195296287536621e-01
6.125559210777282715e-01
6.058230996131896973e-01
7.159124612808227539e-01
6.432160735130310059e-01
6.945043802261352539e-01
7.463417053222656250e-01
7.751953005790710449e-01
7.236635088920593262e-01
6.805104613304138184e-01
6.626448035240173340e-01
6.141088604927062988e-01
6.610389947891235352e-01
7.838075757026672363e-01
7.532716989517211914e-01
8.420532345771789551e-01
8.551700711250305176e-01
6.493703126907348633e-01
6.619260907173156738e-01
7.282113432884216309e-01
7.608484625816345215e-01
7.683323025703430176e-01
8.977848291397094727e-01
7.985914945602416992e-01
7.830770611763000488e-01
7.432253360748291016e-01
6.693673729896545410e-01
9.502761960029602051e-01
8.415166139602661133e-01
8.089175224304199219e-01
6.487961411476135254e-01
7.891039848327636719e-01
6.883789896965026855e-01
9.406194686889648438e-01
7.789638042449951172e-01
9.331564903259277344e-01
8.975161910057067871e-01
8.289532661437988281e-01
8.209630250930786133e-01
8.984594345092773438e-01
8.154800534248352051e-01
8.595519065856933594e-01
7.074326872825622559e-01
8.297328948974609375e-01
8.720768094062805176e-01
8.281400799751281738e-01
6.913692355155944824e-01
9.559696316719055176e-01
8.530055880546569824e-01
8.618564009666442871e-01
7.793174982070922852e-01
8.727207183837890625e-01
7.626938223838806152e-01
7.499901056289672852e-01
7.177904248237609863e-01
7.161081433296203613e-01
7.876213788986206055e-01
7.835939526557922363e-01
7.775437235832214355e-01
7.689716815948486328e-01
8.553182482719421387e-01
7.036723494529724121e-01
7.018591165542602539e-01
7.589967846870422363e-01
6.987215280532836914e-01
6.833967566490173340e-01
8.916919827461242676e-01
8.388263583183288574e-01
7.373930215835571289e-01
8.212615847587585449e-01
6.475852727890014648e-01
7.673709988594055176e-01
8.242660760879516602e-01
7.267351150512695312e-01
7.043909430503845215e-01
5.746564269065856934e-01
7.409282922744750977e-01
6.546341180801391602e-01
6.325940489768981934e-01
7.196995615959167480e-01
7.052152752876281738e-01
9.336679577827453613e-01
8.390364050865173340e-01
6.615230441093444824e-01
7.610934972763061523e-01
8.966291546821594238e-01
7.591497302055358887e-01
7.225520014762878418e-01
6.523730754852294922e-01
7.100626826286315918e-01
7.525631785392761230e-01
7.849192619323730469e-01
7.799052596092224121e-01
6.838720440864562988e-01
8.092614412307739258e-01
8.065430521965026855e-01
6.926122307777404785e-01
7.013024687767028809e-01
7.052332758903503418e-01
7.177968025207519531e-01
7.371814846992492676e-01
6.675628423690795898e-01
7.397674918174743652e-01
6.963627934455871582e-01
8.416132330894470215e-01
7.703011631965637207e-01
8.021292090415954590e-01
7.714752554893493652e-01
6.664468050003051758e-01
7.664285302162170410e-01
7.356614470481872559e-01
7.846924662590026855e-01
6.436211466789245605e-01
6.507066488265991211e-01
6.943776011466979980e-01
8.024263381958007812e-01
7.126189470291137695e-01
7.942415475845336914e-01
7.029331326484680176e-01
7.498621940612792969e-01
8.441354632377624512e-01
7.405074834823608398e-01
8.404855728149414062e-01
8.226165771484375000e-01
6.965990662574768066e-01
8.053736090660095215e-01
7.269686460494995117e-01
7.961194515228271484e-01
8.349628448486328125e-01
7.966133356094360352e-01
6.556015014648437500e-01
7.933216691017150879e-01
7.899336218833923340e-01
8.253719210624694824e-01
7.807037234306335449e-01
8.194166421890258789e-01
7.501506805419921875e-01
8.758848309516906738e-01
9.023341536521911621e-01
8.403555154800415039e-01
8.227083086967468262e-01
7.716962695121765137e-01
8.683853149414062500e-01
8.732841610908508301e-01
7.900543808937072754e-01
8.114697337150573730e-01
9.036798477172851562e-01
7.892293930053710938e-01
8.367323875427246094e-01
7.333132028579711914e-01
9.293894767761230469e-01
8.274202346801757812e-01
7.983676195144653320e-01
7.620428204536437988e-01
8.106626868247985840e-01
7.730078101158142090e-01
8.325694203376770020e-01
8.892585635185241699e-01
8.113654255867004395e-01
8.907703757286071777e-01
8.184442520141601562e-01
8.943439722061157227e-01
8.464347720146179199e-01
8.962513208389282227e-01
8.464228510856628418e-01
7.680200934410095215e-01
8.047220110893249512e-01
7.132421731948852539e-01
7.060399055480957031e-01
7.507538795471191406e-01
7.939788103103637695e-01
7.993013858795166016e-01
8.016170859336853027e-01
7.284094691276550293e-01
7.312383055686950684e-01
6.890539526939392090e-01
7.610742449760437012e-01
7.784774303436279297e-01
7.614719271659851074e-01
7.858451604843139648e-01
7.347214818000793457e-01
7.408787608146667480e-01
7.909113764762878418e-01
7.827543020248413086e-01
6.516136527061462402e-01
8.154051899909973145e-01
8.834525942802429199e-01
7.680569291114807129e-01
7.872242331504821777e-01
7.151762843132019043e-01
6.521363258361816406e-01
7.734770178794860840e-01
8.427625894546508789e-01
7.147300839424133301e-01
8.101018071174621582e-01
8.125076293945312500e-01
7.641226053237915039e-01
6.725170016288757324e-01
6.521792411804199219e-01
7.365851402282714844e-01
6.840200424194335938e-01
7.572003006935119629e-01
7.457974553108215332e-01
7.781466841697692871e-01
7.929297089576721191e-01
6.899484992027282715e-01
7.212404608726501465e-01
8.222038149833679199e-01
6.061416864395141602e-01
8.262548446655273438e-01
8.330446481704711914e-01
7.199966311454772949e-01
7.273260354995727539e-01
7.922374606132507324e-01
7.568607330322265625e-01
6.687192320823669434e-01
7.199191451072692871e-01
7.258158922195434570e-01
8.238930106163024902e-01
8.688427805900573730e-01
7.317719459533691406e-01
7.309074401855468750e-01
7.804385423660278320e-01
7.894144058227539062e-01
8.354245424270629883e-01
8.670967221260070801e-01
7.599678039550781250e-01
6.757451295852661133e-01
7.015749812126159668e-01
6.809776425361633301e-01
7.636136412620544434e-01
8.514780402183532715e-01
6.588248610496520996e-01
8.232818841934204102e-01
7.197449207305908203e-01
7.148055434226989746e-01
7.570728063583374023e-01
7.131343483924865723e-01
8.717660307884216309e-01
7.886292338371276855e-01
6.878862977027893066e-01
7.754361033439636230e-01
7.318093776702880859e-01
7.714900970458984375e-01
7.093514204025268555e-01
6.781936287879943848e-01
7.877530455589294434e-01
7.904929518699645996e-01
7.650022506713867188e-01
7.350428700447082520e-01
7.273845672607421875e-01
7.206088304519653320e-01
5.994786620140075684e-01
7.244819402694702148e-01
6.547295451164245605e-01
7.778177857398986816e-01
7.265506386756896973e-01
7.522217631340026855e-01
6.585554480552673340e-01
7.573544979095458984e-01
6.995906233787536621e-01
5.987312197685241699e-01
6.709841489791870117e-01
6.953846216201782227e-01
8.423467874526977539e-01
6.784230470657348633e-01
6.499671936035156250e-01
8.039249777793884277e-01
6.912421584129333496e-01
6.023565530776977539e-01
7.199028134346008301e-01
7.906560301780700684e-01
8.047863841056823730e-01
6.493247151374816895e-01
7.893483638763427734e-01
6.062247753143310547e-01
6.886442303657531738e-01
7.119529247283935547e-01
7.478188872337341309e-01
7.918314933776855469e-01
6.538146138191223145e-01
8.315351605415344238e-01
6.313888430595397949e-01
7.282987833023071289e-01
6.192051172256469727e-01
7.726231813430786133e-01
7.336826324462890625e-01
7.206028103828430176e-01
8.009124994277954102e-01
7.321133017539978027e-01
6.959980130195617676e-01
6.414499282836914062e-01
7.338244318962097168e-01
7.093207836151123047e-01
7.153720855712890625e-01
7.119044065475463867e-01
7.386398315429687500e-01
5.987523794174194336e-01
6.795536875724792480e-01
6.080579161643981934e-01
6.060085296630859375e-01
7.465252876281738281e-01
6.489452719688415527e-01
6.653143167495727539e-01
6.640931963920593262e-01
5.069729685783386230e-01
6.606636047363281250e-01
7.073217630386352539e-01
6.483686566352844238e-01
7.464092969894409180e-01
7.312090992927551270e-01
6.503146886825561523e-01
6.832336187362670898e-01
7.874504923820495605e-01
6.909911036491394043e-01
5.964650511741638184e-01
5.683833956718444824e-01
6.802550554275512695e-01
6.437873244285583496e-01
6.871291399002075195e-01
6.507298350334167480e-01
8.217691779136657715e-01
5.924929976463317871e-01
6.949903368949890137e-01
6.408843398094177246e-01
6.633829474449157715e-01
6.035252213478088379e-01
7.469562888145446777e-01
6.569519042968750000e-01
6.476906538009643555e-01
6.595106124877929688e-01
6.550227403640747070e-01
6.046406626701354980e-01
6.235173344612121582e-01
6.809540987014770508e-01
6.302959322929382324e-01
7.182952761650085449e-01
6.999074220657348633e-01
5.066848993301391602e-01
6.786977648735046387e-01
6.558383107185363770e-01
5.736812353134155273e-01
6.479118466377258301e-01
5.958886146545410156e-01
6.630606055259704590e-01
6.215058565139770508e-01
5.455258488655090332e-01
7.166275978088378906e-01
7.148913741111755371e-01
5.823120474815368652e-01
7.420244812965393066e-01
6.481782197952270508e-01
5.781115889549255371e-01
5.558726191520690918e-01
6.255523562431335449e-01
6.037670969963073730e-01
5.817897915840148926e-01
6.522790789604187012e-01
6.649919748306274414e-01
6.555097699165344238e-01
5.835856795310974121e-01
5.860114097595214844e-01
6.412960290908813477e-01
6.121802926063537598e-01
6.261700391769409180e-01
6.794179081916809082e-01
5.748152136802673340e-01
6.051484942436218262e-01
6.105722784996032715e-01
6.862983703613281250e-01
6.783884763717651367e-01
6.140291690826416016e-01
7.214322686195373535e-01
6.786068081855773926e-01
6.143240332603454590e-01
5.946545600891113281e-01
6.411199569702148438e-01
5.910782814025878906e-01
6.843155622482299805e-01
5.319946408271789551e-01
6.028745770454406738e-01
5.307585597038269043e-01
6.361674666404724121e-01
6.641449332237243652e-01
6.360668540000915527e-01
6.036185622215270996e-01
6.293129324913024902e-01
6.015263795852661133e-01
6.307415962219238281e-01
6.068198084831237793e-01
5.842792391777038574e-01
5.968548655509948730e-01
5.557899475097656250e-01
5.929711461067199707e-01
6.926045417785644531e-01
6.514791846275329590e-01
6.306287646293640137e-01
5.916686058044433594e-01
6.000909209251403809e-01
6.030363440513610840e-01
6.939427256584167480e-01
5.654436349868774414e-01
6.193606257438659668e-01
6.383874416351318359e-01
6.151283383369445801e-01
5.395804643630981445e-01
6.295725703239440918e-01
5.606231093406677246e-01
5.719197392463684082e-01
5.431516766548156738e-01
6.072176098823547363e-01
5.880680084228515625e-01
7.138456702232360840e-01
5.184251070022583008e-01
5.932617187500000000e-01
5.598746538162231445e-01
6.258930563926696777e-01
6.007083058357238770e-01
5.985158085823059082e-01
6.566117405891418457e-01
4.978474080562591553e-01
5.643841028213500977e-01
4.797430038452148438e-01
6.247985959053039551e-01
6.812090277671813965e-01
6.458793878555297852e-01
6.364542841911315918e-01
5.969676971435546875e-01
5.220572352409362793e-01
5.799547433853149414e-01
6.099521517753601074e-01
5.640646219253540039e-01
5.590188503265380859e-01
6.351648569107055664e-01
5.832153558731079102e-01
6.574622988700866699e-01
6.659860014915466309e-01
6.328957676887512207e-01
7.054455876350402832e-01
7.749508619308471680e-01
7.487436532974243164e-01
6.710175871849060059e-01
7.538792490959167480e-01
7.740072011947631836e-01
8.214889764785766602e-01
8.038911819458007812e-01
7.712482810020446777e-01
8.036240935325622559e-01
8.364244699478149414e-01
8.009203076362609863e-01
7.802203297615051270e-01
8.301744461059570312e-01
8.008099794387817383e-01
8.078897595405578613e-01
8.623456358909606934e-01
7.986321449279785156e-01
8.274657130241394043e-01
8.304109573364257812e-01
8.516845107078552246e-01
8.900355696678161621e-01
8.523765802383422852e-01
8.202075958251953125e-01
8.044815063476562500e-01
8.450665473937988281e-01
7.936579585075378418e-01
8.485547900199890137e-01
8.154705166816711426e-01
7.558881640434265137e-01
8.121467828750610352e-01
7.861389517784118652e-01
8.300659060478210449e-01
8.084517717361450195e-01
8.346300125122070312e-01
8.048151135444641113e-01
8.761068582534790039e-01
8.007709383964538574e-01
7.792035341262817383e-01
8.591468930244445801e-01
8.669918179512023926e-01
8.564433455467224121e-01
8.218326568603515625e-01
8.335569500923156738e-01
8.404213190078735352e-01
8.088765144348144531e-01
8.038643002510070801e-01
7.796899080276489258e-01
8.400250673294067383e-01
8.477789163589477539e-01
7.941738367080688477e-01
7.919510006904602051e-01
8.118524551391601562e-01
8.013495802879333496e-01
8.099703788757324219e-01
7.921403050422668457e-01
8.610701560974121094e-01
7.630645632743835449e-01
8.544074892997741699e-01
8.240554928779602051e-01
8.140178918838500977e-01
8.654195666313171387e-01
8.040108084678649902e-01
7.418796420097351074e-01
7.997708320617675781e-01
8.069338202476501465e-01
8.222367167472839355e-01
7.127914428710937500e-01
7.451471090316772461e-01
7.987460494041442871e-01
7.720153927803039551e-01
7.924832105636596680e-01
7.376024127006530762e-01
7.200452685356140137e-01
8.385894894599914551e-01
8.126569986343383789e-01
7.705863118171691895e-01
7.952319979667663574e-01
7.237785458564758301e-01
8.261674046516418457e-01
7.288738489151000977e-01
7.878229022026062012e-01
7.202898263931274414e-01
7.424633502960205078e-01
7.422270178794860840e-01
7.185525894165039062e-01
7.340025305747985840e-01
7.966976165771484375e-01
6.782882809638977051e-01
7.678462862968444824e-01
7.105349898338317871e-01
7.347440123558044434e-01
7.311840057373046875e-01
7.861773371696472168e-01
7.137102484703063965e-01
7.339463233947753906e-01
7.141702771186828613e-01
7.128518223762512207e-01
7.421389818191528320e-01
7.097293734550476074e-01
7.081085443496704102e-01
7.877355813980102539e-01
7.028734087944030762e-01
6.723473072052001953e-01
6.197648048400878906e-01
6.876295804977416992e-01
6.970208287239074707e-01
7.509320974349975586e-01
6.883531808853149414e-01
6.694939732551574707e-01
7.566601634025573730e-01
5.988793969154357910e-01
6.830540895462036133e-01
7.166334986686706543e-01
6.758050322532653809e-01
6.816562414169311523e-01
7.145733237266540527e-01
7.331193685531616211e-01
6.357614398002624512e-01
6.378679275512695312e-01
6.512524485588073730e-01
6.864822506904602051e-01
6.519443392753601074e-01
6.611078381538391113e-01
6.098951697349548340e-01
6.215579509735107422e-01
6.579140424728393555e-01
6.410019397735595703e-01
5.818282961845397949e-01
6.474638581275939941e-01
6.773443222045898438e-01
6.440061926841735840e-01
6.734281778335571289e-01
6.367145776748657227e-01
6.033076643943786621e-01
6.703163981437683105e-01
5.352599620819091797e-01
6.173080801963806152e-01
6.613476872444152832e-01
6.362170577049255371e-01
5.937355160713195801e-01
6.359488368034362793e-01
6.192799806594848633e-01
6.067150235176086426e-01
6.485922932624816895e-01
6.758871674537658691e-01
6.286897659301757812e-01
7.058905959129333496e-01
6.801374554634094238e-01
5.994771718978881836e-01
7.208941578865051270e-01
5.720549225807189941e-01
7.142385840415954590e-01
6.249497532844543457e-01
7.075831294059753418e-01
7.169243693351745605e-01
7.069411277770996094e-01
6.370254158973693848e-01
5.695510506629943848e-01
6.239182353019714355e-01
6.121830344200134277e-01
6.435062885284423828e-01
6.552522778511047363e-01
6.412970423698425293e-01
6.807398200035095215e-01
5.774372220039367676e-01
6.646817326545715332e-01
6.594882011413574219e-01
5.919248461723327637e-01
5.745451450347900391e-01
6.973404288291931152e-01
6.153907179832458496e-01
5.529902577400207520e-01
6.412038207054138184e-01
6.156178116798400879e-01
5.881788134574890137e-01
6.098768115043640137e-01
5.911524891853332520e-01
6.700929999351501465e-01
5.594250559806823730e-01
6.250317692756652832e-01
6.383184790611267090e-01
6.978830695152282715e-01
6.484638452529907227e-01
6.380158662796020508e-01
7.313364148139953613e-01
6.277318596839904785e-01
7.046306729316711426e-01
6.079705357551574707e-01
6.346952319145202637e-01
7.669795751571655273e-01
7.243755459785461426e-01
6.819081306457519531e-01
7.482076883316040039e-01
6.975290775299072266e-01
7.322247028350830078e-01
6.294855475425720215e-01
6.950930953025817871e-01
6.969607472419738770e-01
7.501134276390075684e-01
7.149248719215393066e-01
6.876550912857055664e-01
6.269379854202270508e-01
6.826261878013610840e-01
6.539789438247680664e-01
6.730216145515441895e-01
7.114356160163879395e-01
6.461492776870727539e-01
7.354080677032470703e-01
6.065298318862915039e-01
6.179487705230712891e-01
6.903988122940063477e-01
7.345697283744812012e-01
7.443184256553649902e-01
6.669980287551879883e-01
6.562452316284179688e-01
6.817044615745544434e-01
7.172560095787048340e-01
6.062652468681335449e-01
7.360629439353942871e-01
6.164411902427673340e-01
7.700956463813781738e-01
6.875075697898864746e-01
7.600585222244262695e-01
6.729249954223632812e-01
6.974856853485107422e-01
6.752663254737854004e-01
6.716629862785339355e-01
6.986424326896667480e-01
7.493990063667297363e-01
7.166780829429626465e-01
6.409284472465515137e-01
6.899107098579406738e-01
6.956686973571777344e-01
6.965177655220031738e-01
6.846738457679748535e-01
7.126701474189758301e-01
7.454236745834350586e-01
6.836487650871276855e-01
6.461966633796691895e-01
7.105197310447692871e-01
7.492425441741943359e-01
7.186302542686462402e-01
7.359926700592041016e-01
6.942584514617919922e-01
7.531534433364868164e-01
7.433435320854187012e-01
7.025678753852844238e-01
7.142058610916137695e-01
6.534433364868164062e-01
7.346226572990417480e-01
6.349595189094543457e-01
7.464092373847961426e-01
6.487819552421569824e-01
7.509760260581970215e-01
7.290424704551696777e-01
7.798332571983337402e-01
7.613795995712280273e-01
6.774224638938903809e-01
6.730583906173706055e-01
8.048343658447265625e-01
8.143682479858398438e-01
6.996080279350280762e-01
7.330657839775085449e-01
8.313395380973815918e-01
7.518814206123352051e-01
6.246773600578308105e-01
6.741831302642822266e-01
7.064849138259887695e-01
6.532083749771118164e-01
5.828280448913574219e-01
6.439992189407348633e-01
6.802353262901306152e-01
6.584460139274597168e-01
6.347557902336120605e-01
7.041409611701965332e-01
7.479403018951416016e-01
6.841239333152770996e-01
6.503657102584838867e-01
7.468368411064147949e-01
6.420549750328063965e-01
5.738244652748107910e-01
6.275587677955627441e-01
8.023979067802429199e-01
7.007757425308227539e-01
6.283553242683410645e-01
6.862937211990356445e-01
6.286827325820922852e-01
6.862183809280395508e-01
7.049282193183898926e-01
7.088989615440368652e-01
6.986601948738098145e-01
6.387442946434020996e-01
7.601582407951354980e-01
6.450899839401245117e-01
6.550970673561096191e-01
6.028418540954589844e-01
6.479261517524719238e-01
6.418417692184448242e-01
6.411082148551940918e-01
6.351789832115173340e-01
6.518636345863342285e-01
6.146786808967590332e-01
6.807078719139099121e-01
7.288337945938110352e-01
5.491245388984680176e-01
5.838563442230224609e-01
6.134023070335388184e-01
6.352767944335937500e-01
6.472690701484680176e-01
6.544558405876159668e-01
6.633591055870056152e-01
7.229448556900024414e-01
6.761469841003417969e-01
6.651780009269714355e-01
5.865475535392761230e-01
5.958296656608581543e-01
5.873797535896301270e-01
6.151930093765258789e-01
6.994252204895019531e-01
6.747636795043945312e-01
6.046223044395446777e-01
6.265591382980346680e-01
6.749293208122253418e-01
6.564112901687622070e-01
6.192373633384704590e-01
5.861815214157104492e-01
7.508616447448730469e-01
6.080353856086730957e-01
6.988484263420104980e-01
5.981968641281127930e-01
7.241862416267395020e-01
6.147342324256896973e-01
6.097399592399597168e-01
6.552259325981140137e-01
6.549732089042663574e-01
6.740539073944091797e-01
6.119808554649353027e-01
5.855813622474670410e-01
6.706132292747497559e-01
6.287875771522521973e-01
6.537330746650695801e-01
5.923119783401489258e-01
6.087792515754699707e-01
7.331082224845886230e-01
6.776301264762878418e-01
6.611829996109008789e-01
6.821402311325073242e-01
6.716384887695312500e-01
7.654839754104614258e-01
6.301319003105163574e-01
6.672485470771789551e-01
6.406419873237609863e-01
5.307704806327819824e-01
5.669366121292114258e-01
6.287916898727416992e-01
5.958619117736816406e-01
6.919005513191223145e-01
6.474357843399047852e-01
5.770463943481445312e-01
5.875384211540222168e-01
5.807558894157409668e-01
6.239110827445983887e-01
6.403680443763732910e-01
6.230397224426269531e-01
6.482180953025817871e-01
5.061323046684265137e-01
5.550896525382995605e-01
5.252262949943542480e-01
5.986825823783874512e-01
5.552125573158264160e-01
7.150201797485351562e-01
5.769837498664855957e-01
6.513497829437255859e-01
6.129880547523498535e-01
6.010375022888183594e-01
6.649956107139587402e-01
6.339351534843444824e-01
5.866588354110717773e-01
5.853042006492614746e-01
6.087822318077087402e-01
6.852696537971496582e-01
5.380646586418151855e-01
6.796172261238098145e-01
6.206205487251281738e-01
6.288057565689086914e-01
5.922868847846984863e-01
6.380599141120910645e-01
5.081778168678283691e-01
6.617920994758605957e-01
6.022207140922546387e-01
5.761303305625915527e-01
6.960887908935546875e-01
6.391900777816772461e-01
6.499304771423339844e-01
5.247806310653686523e-01
6.016065478324890137e-01
6.936592459678649902e-01
6.448938250541687012e-01
6.337312459945678711e-01
6.292584538459777832e-01
6.315236091613769531e-01
6.912716031074523926e-01
5.823349356651306152e-01
6.637889146804809570e-01
6.956034898757934570e-01
5.878866314888000488e-01
6.780506968498229980e-01
5.656283497810363770e-01
6.395599246025085449e-01
5.396757125854492188e-01
7.012065052986145020e-01
6.895494461059570312e-01
5.839630961418151855e-01
6.197466254234313965e-01
4.689938724040985107e-01
5.479072332382202148e-01
6.058765649795532227e-01
6.082793474197387695e-01
5.954892635345458984e-01
5.205924510955810547e-01
5.353965163230895996e-01
6.040169596672058105e-01
6.247401833534240723e-01
6.758030056953430176e-01
6.062675714492797852e-01
7.018387317657470703e-01
7.688364386558532715e-01
6.533007025718688965e-01
6.670468449592590332e-01
6.598047614097595215e-01
8.643266558647155762e-01
6.900924444198608398e-01
7.414994835853576660e-01
7.728570699691772461e-01
6.497271656990051270e-01
6.808360219001770020e-01
8.208212256431579590e-01
7.392226457595825195e-01
7.893143296241760254e-01
6.063290834426879883e-01
8.772603273391723633e-01
7.032734751701354980e-01
6.855385303497314453e-01
7.516488432884216309e-01
7.909886837005615234e-01
6.407570838928222656e-01
6.956293582916259766e-01
6.554781794548034668e-01
6.415404677391052246e-01
6.455852389335632324e-01
6.021276712417602539e-01
6.665892004966735840e-01
6.921731829643249512e-01
7.379073500633239746e-01
5.689730644226074219e-01
5.852283835411071777e-01
6.619181036949157715e-01
6.669402718544006348e-01
6.947931051254272461e-01
7.315370440483093262e-01
7.254493236541748047e-01
5.990456938743591309e-01
6.324231028556823730e-01
6.531287431716918945e-01
7.188232541084289551e-01
6.951112151145935059e-01
6.729052662849426270e-01
7.615200877189636230e-01
6.937087178230285645e-01
8.202112317085266113e-01
7.385135889053344727e-01
7.282491922378540039e-01
6.784701347351074219e-01
6.234094500541687012e-01
6.535592079162597656e-01
6.156409978866577148e-01
6.886584758758544922e-01
7.059426903724670410e-01
6.497101187705993652e-01
6.163789629936218262e-01
6.377596855163574219e-01
7.037611007690429688e-01
5.859050750732421875e-01
6.910803914070129395e-01
5.972654223442077637e-01
4.820786118507385254e-01
6.117164492607116699e-01
5.913948416709899902e-01
6.293959617614746094e-01
5.237113237380981445e-01
6.774080991744995117e-01
5.706507563591003418e-01
5.801714062690734863e-01
5.285888910293579102e-01
5.625086426734924316e-01
6.310532689094543457e-01
6.018115878105163574e-01
6.053829789161682129e-01
5.768963098526000977e-01
6.558858752250671387e-01
7.606440782546997070e-01
6.957244277000427246e-01
6.770252585411071777e-01
6.863759756088256836e-01
7.824810147285461426e-01
7.477828264236450195e-01
7.110566496849060059e-01
6.762270927429199219e-01
6.394152045249938965e-01
7.802244424819946289e-01
