1.020036637783050537e-01
1.058919280767440796e-01
8.518753200769424438e-02
6.170867756009101868e-02
8.919616043567657471e-02
8.450066298246383667e-02
6.989891082048416138e-02
6.125724688172340393e-02
7.335231453180313110e-02
8.370659500360488892e-02
5.393145233392715454e-02
6.445291638374328613e-02
7.570067048072814941e-02
5.601007863879203796e-02
6.054050102829933167e-02
8.317092806100845337e-02
7.944123446941375732e-02
5.879607796669006348e-02
4.858149215579032898e-02
5.043593421578407288e-02
6.280358135700225830e-02
4.903620481491088867e-02
3.466428816318511963e-02
3.647058084607124329e-02
3.621987625956535339e-02
4.373782128095626831e-02
3.261462971568107605e-02
4.790047928690910339e-02
4.672827571630477905e-02
3.205976262688636780e-02
4.841975122690200806e-02
3.203773498535156250e-02
4.431375116109848022e-02
2.895742282271385193e-02
4.455886408686637878e-02
3.540081903338432312e-02
3.342632949352264404e-02
4.377602413296699524e-02
4.975137114524841309e-02
3.858548030257225037e-02
3.037472814321517944e-02
3.724314272403717041e-02
3.747683763504028320e-02
2.980593778192996979e-02
2.300726994872093201e-02
3.126029297709465027e-02
2.111882530152797699e-02
2.882635965943336487e-02
2.426422387361526489e-02
2.538739703595638275e-02
2.665464207530021667e-02
4.510505497455596924e-02
4.335897788405418396e-02
3.271972015500068665e-02
3.435911983251571655e-02
3.885094448924064636e-02
2.402942813932895660e-02
5.532484129071235657e-02
3.739306703209877014e-02
2.749889343976974487e-02
3.502520918846130371e-02
3.200094029307365417e-02
3.129459917545318604e-02
2.109987661242485046e-02
2.527611888945102692e-02
2.066276036202907562e-02
1.824254170060157776e-02
1.884026639163494110e-02
4.967660829424858093e-02
2.365415543317794800e-02
3.378340974450111389e-02
2.481775172054767609e-02
3.913136944174766541e-02
3.069170936942100525e-02
3.151258453726768494e-02
2.468242682516574860e-02
2.506604604423046112e-02
1.630890741944313049e-02
2.762033231556415558e-02
2.533081732690334320e-02
3.972688317298889160e-02
1.906710118055343628e-02
2.265721000730991364e-02
2.560484781861305237e-02
1.421044021844863892e-02
2.143119275569915771e-02
3.904768452048301697e-02
3.652354702353477478e-02
2.991817891597747803e-02
1.887323893606662750e-02
3.203698620200157166e-02
4.186108708381652832e-02
1.677525416016578674e-02
2.225065976381301880e-02
1.523276139050722122e-02
2.179769799113273621e-02
1.838188618421554565e-02
2.790564857423305511e-02
2.993902377784252167e-02
2.608481608331203461e-02
3.258067369461059570e-02
2.440724708139896393e-02
1.790070906281471252e-02
2.505464479327201843e-02
2.245830930769443512e-02
2.239186689257621765e-02
2.365787886083126068e-02
3.181917220354080200e-02
1.859563589096069336e-02
2.442426607012748718e-02
2.640167437493801117e-02
2.380881085991859436e-02
2.784937806427478790e-02
1.282786950469017029e-02
2.113587409257888794e-02
2.059773169457912445e-02
2.065116725862026215e-02
1.919931359589099884e-02
2.911187149584293365e-02
1.550045516341924667e-02
2.737024240195751190e-02
1.993313618004322052e-02
3.398497030138969421e-02
2.367609739303588867e-02
2.008539997041225433e-02
3.542840108275413513e-02
2.861310169100761414e-02
2.458301000297069550e-02
1.422876305878162384e-02
3.682534769177436829e-02
2.202122285962104797e-02
1.988441497087478638e-02
2.359372191131114960e-02
4.256289452314376831e-02
2.313711866736412048e-02
3.174727782607078552e-02
3.331346064805984497e-02
1.569115370512008667e-02
2.204146049916744232e-02
2.066076733171939850e-02
2.275962755084037781e-02
2.278612367808818817e-02
9.900233708322048187e-03
1.745198294520378113e-02
3.285468369722366333e-02
3.419801220297813416e-02
2.465363405644893646e-02
2.028490789234638214e-02
2.468402683734893799e-02
1.663611643016338348e-02
2.665664814412593842e-02
1.719452440738677979e-02
2.237305790185928345e-02
3.138044476509094238e-02
1.756061427295207977e-02
2.285894006490707397e-02
3.008914738893508911e-02
2.376765385270118713e-02
2.415149472653865814e-02
2.117514051496982574e-02
1.317108422517776489e-02
1.980951800942420959e-02
2.350092679262161255e-02
2.853173017501831055e-02
3.058139607310295105e-02
2.992966212332248688e-02
1.601536013185977936e-02
2.029551751911640167e-02
2.712157554924488068e-02
3.206560760736465454e-02
1.765634119510650635e-02
2.715535648167133331e-02
3.375270590186119080e-02
2.878694236278533936e-02
2.944113314151763916e-02
1.349571999162435532e-02
2.208765037357807159e-02
2.933876402676105499e-02
2.783728763461112976e-02
1.608062535524368286e-02
1.636077091097831726e-02
1.893912628293037415e-02
2.085780911147594452e-02
2.705587632954120636e-02
2.050924673676490784e-02
2.153806388378143311e-02
2.393066138029098511e-02
2.217998355627059937e-02
2.292203158140182495e-02
1.779683306813240051e-02
2.170304208993911743e-02
2.154041081666946411e-02
1.501659303903579712e-02
2.616272680461406708e-02
1.840896159410476685e-02
1.460407022386789322e-02
4.771481081843376160e-02
1.285133510828018188e-02
2.187678031623363495e-02
2.053676545619964600e-02
2.098363451659679413e-02
3.237496316432952881e-02
2.195699512958526611e-02
4.067066684365272522e-02
3.256731480360031128e-02
1.109885983169078827e-02
2.755028381943702698e-02
7.445130962878465652e-03
1.870119385421276093e-02
1.573534682393074036e-02
2.418984286487102509e-02
2.026191353797912598e-02
2.740497142076492310e-02
2.038850076496601105e-02
1.428476721048355103e-02
1.832325011491775513e-02
1.996367238461971283e-02
2.271723933517932892e-02
1.497957017272710800e-02
2.962300553917884827e-02
1.733875647187232971e-02
3.263307735323905945e-02
1.874371618032455444e-02
1.689703203737735748e-02
2.951297350227832794e-02
1.131920702755451202e-02
1.775354519486427307e-02
2.758627757430076599e-02
2.434714883565902710e-02
2.377204969525337219e-02
2.863400056958198547e-02
1.933341100811958313e-02
1.967243477702140808e-02
2.485177852213382721e-02
1.507123839110136032e-02
2.277855761349201202e-02
1.879655010998249054e-02
3.001351840794086456e-02
1.552651077508926392e-02
2.018367871642112732e-02
1.889089494943618774e-02
3.144841641187667847e-02
2.127471752464771271e-02
1.801342889666557312e-02
1.382635626941919327e-02
2.853130176663398743e-02
3.299134224653244019e-02
2.306711487472057343e-02
1.863445527851581573e-02
1.422200165688991547e-02
1.731028966605663300e-02
2.650160528719425201e-02
2.216664142906665802e-02
2.260210178792476654e-02
1.773721165955066681e-02
2.762258797883987427e-02
1.934986375272274017e-02
2.462590485811233521e-02
2.121695503592491150e-02
1.743444800376892090e-02
1.959243416786193848e-02
3.069430962204933167e-02
1.997379027307033539e-02
2.067036554217338562e-02
2.263723872601985931e-02
1.975742541253566742e-02
1.412513200193643570e-02
1.760962791740894318e-02
4.071116447448730469e-02
1.923579908907413483e-02
1.137493085116147995e-02
2.682289294898509979e-02
2.568154595792293549e-02
1.798140443861484528e-02
1.346809510141611099e-02
1.813829876482486725e-02
2.388828247785568237e-02
2.572896890342235565e-02
2.867061272263526917e-02
2.718831039965152740e-02
3.157482668757438660e-02
1.163283642381429672e-02
2.425858937203884125e-02
1.656083762645721436e-02
1.924514397978782654e-02
1.370549481362104416e-02
1.242310274392366409e-02
2.178114466369152069e-02
1.667056605219841003e-02
1.214268431067466736e-02
4.089041799306869507e-02
2.361844852566719055e-02
3.109201788902282715e-02
2.230507321655750275e-02
1.815935596823692322e-02
1.550105679780244827e-02
2.838749811053276062e-02
1.485362928360700607e-02
1.333175506442785263e-02
1.696114800870418549e-02
9.933339431881904602e-03
2.225418016314506531e-02
1.127355173230171204e-02
2.667970955371856689e-02
2.867036126554012299e-02
1.832678914070129395e-02
1.356152165681123734e-02
1.752772554755210876e-02
1.762548834085464478e-02
1.399341598153114319e-02
2.382998913526535034e-02
2.597266249358654022e-02
1.461622025817632675e-02
2.003551647067070007e-02
2.244145795702934265e-02
2.651254646480083466e-02
1.904051564633846283e-02
2.004976570606231689e-02
2.048543095588684082e-02
1.621064357459545135e-02
1.343155838549137115e-02
1.689406484365463257e-02
2.750184759497642517e-02
2.012374997138977051e-02
3.203838318586349487e-02
2.640036866068840027e-02
1.398854330182075500e-02
1.044685207307338715e-02
1.719673350453376770e-02
2.160248346626758575e-02
2.035838179290294647e-02
3.320835903286933899e-02
1.697842590510845184e-02
1.754986867308616638e-02
1.664538122713565826e-02
1.390636526048183441e-02
1.749557629227638245e-02
3.584905713796615601e-02
2.257017232477664948e-02
1.270260289311408997e-02
1.638396829366683960e-02
1.351758092641830444e-02
1.779908128082752228e-02
2.473356761038303375e-02
1.342998538166284561e-02
1.377980317920446396e-02
1.058665104210376740e-02
1.727868244051933289e-02
1.812497153878211975e-02
2.908816002309322357e-02
1.897735893726348877e-02
1.778574474155902863e-02
1.398928556591272354e-02
2.295709773898124695e-02
1.643734425306320190e-02
3.840668871998786926e-02
2.811526693403720856e-02
1.687961444258689880e-02
1.892983727157115936e-02
1.175561174750328064e-02
1.210501883178949356e-02
1.710101962089538574e-02
2.226683497428894043e-02
2.800623886287212372e-02
2.127754688262939453e-02
2.109592966735363007e-02
2.126224711537361145e-02
1.386106386780738831e-02
1.685935631394386292e-02
2.603895403444766998e-02
1.570603437721729279e-02
1.501455157995223999e-02
2.055632509291172028e-02
2.230058237910270691e-02
1.899993978440761566e-02
1.727481000125408173e-02
2.320371940732002258e-02
1.366218645125627518e-02
1.177534181624650955e-02
2.774621360003948212e-02
1.794672384858131409e-02
2.051437087357044220e-02
2.118825167417526245e-02
1.451273914426565170e-02
1.895061694085597992e-02
1.208087801933288574e-02
1.696117594838142395e-02
1.692406460642814636e-02
3.235799446702003479e-02
1.438242197036743164e-02
1.890725642442703247e-02
1.698636263608932495e-02
2.297562547028064728e-02
1.820941828191280365e-02
1.539984717965126038e-02
2.035570330917835236e-02
1.848356798291206360e-02
9.452946484088897705e-03
1.540144160389900208e-02
1.485430635511875153e-02
4.940638318657875061e-02
2.683633007109165192e-02
2.327240817248821259e-02
2.892895415425300598e-02
1.803400553762912750e-02
1.622074283659458160e-02
1.144997589290142059e-02
1.391483191400766373e-02
1.626664213836193085e-02
1.415588054805994034e-02
2.206446975469589233e-02
1.040023844689130783e-02
2.140655741095542908e-02
1.064577884972095490e-02
2.758696675300598145e-02
2.699177712202072144e-02
2.450097538530826569e-02
1.840986125171184540e-02
4.816349223256111145e-02
2.258257754147052765e-02
1.865099184215068817e-02
3.150020539760589600e-02
9.466605260968208313e-03
2.183232828974723816e-02
1.116423401981592178e-02
1.475754752755165100e-02
1.899132691323757172e-02
1.679404266178607941e-02
2.594051137566566467e-02
1.027662865817546844e-02
3.217861428856849670e-02
1.369335129857063293e-02
1.748400181531906128e-02
2.443688735365867615e-02
1.422866526991128922e-02
1.519612222909927368e-02
1.433417294174432755e-02
1.823230832815170288e-02
2.161462604999542236e-02
1.333704404532909393e-02
1.219452731311321259e-02
1.342701911926269531e-02
1.698306389153003693e-02
1.942277885973453522e-02
2.236411161720752716e-02
2.228434570133686066e-02
2.061342075467109680e-02
2.582054398953914642e-02
1.765798591077327728e-02
2.078317664563655853e-02
2.170388586819171906e-02
1.533616986125707626e-02
1.980983093380928040e-02
2.488553710281848907e-02
9.829730726778507233e-03
3.320934250950813293e-02
1.410719379782676697e-02
1.200415007770061493e-02
1.824626326560974121e-02
2.040207572281360626e-02
2.206148020923137665e-02
1.478318963199853897e-02
1.763202995061874390e-02
2.061390131711959839e-02
3.044566698372364044e-02
1.199067849665880203e-02
3.011647611856460571e-02
1.012229640036821365e-02
2.343566156923770905e-02
8.715520612895488739e-03
1.653659157454967499e-02
2.419997379183769226e-02
1.641813851892948151e-02
1.562347635626792908e-02
1.733810454607009888e-02
1.378859486430883408e-02
1.362269278615713120e-02
3.175142779946327209e-02
1.733053289353847504e-02
2.296566963195800781e-02
2.988479100167751312e-02
2.063129283487796783e-02
1.906441524624824524e-02
1.225858926773071289e-02
1.783349364995956421e-02
1.854524016380310059e-02
2.445375174283981323e-02
1.523147150874137878e-02
1.382170431315898895e-02
2.633216232061386108e-02
2.118758112192153931e-02
2.579382434487342834e-02
2.428691275417804718e-02
2.718569710850715637e-02
1.160147041082382202e-02
1.448800228536128998e-02
2.341465838253498077e-02
2.046117372810840607e-02
1.034059934318065643e-02
2.275943756103515625e-02
3.275958448648452759e-02
2.439154870808124542e-02
9.341800585389137268e-03
2.336466498672962189e-02
1.824289560317993164e-02
1.510014571249485016e-02
3.368329629302024841e-02
2.729855664074420929e-02
1.306891255080699921e-02
1.796002313494682312e-02
3.173399344086647034e-02
2.699806727468967438e-02
1.201634295284748077e-02
1.923800259828567505e-02
2.339352667331695557e-02
1.669129729270935059e-02
1.990499161183834076e-02
2.587792277336120605e-02
1.587953604757785797e-02
2.731749974191188812e-02
1.616250723600387573e-02
1.724642515182495117e-02
1.130765397101640701e-02
1.434359233826398849e-02
1.945196092128753662e-02
1.615008339285850525e-02
3.587706759572029114e-02
1.872406899929046631e-02
1.411854568868875504e-02
2.771677076816558838e-02
1.543582696467638016e-02
2.424319088459014893e-02
1.378262415528297424e-02
2.036008797585964203e-02
2.402648515999317169e-02
1.701317727565765381e-02
1.155836042016744614e-02
1.870906352996826172e-02
1.456708647310733795e-02
4.085372388362884521e-02
1.833250187337398529e-02
1.104641333222389221e-02
2.073935791850090027e-02
1.445484068244695663e-02
1.667516119778156281e-02
1.621905900537967682e-02
1.342588290572166443e-02
2.232120186090469360e-02
2.428482472896575928e-02
1.757154241204261780e-02
2.260792441666126251e-02
3.322983533143997192e-02
1.150029432028532028e-02
2.990453131496906281e-02
1.936791464686393738e-02
2.865080349147319794e-02
1.407333556562662125e-02
1.539407577365636826e-02
2.555268444120883942e-02
1.476229075342416763e-02
1.671222783625125885e-02
1.797787658870220184e-02
1.270252466201782227e-02
2.372636832296848297e-02
2.594226971268653870e-02
9.726256132125854492e-03
1.096693705767393112e-02
9.063566103577613831e-03
1.295520737767219543e-02
2.486410737037658691e-02
1.980969496071338654e-02
1.831760257482528687e-02
1.318375673145055771e-02
1.077269203960895538e-02
3.851096704602241516e-02
1.669233851134777069e-02
2.303471788763999939e-02
1.996536925435066223e-02
2.613606862723827362e-02
1.743503846228122711e-02
2.472650259733200073e-02
2.418800257146358490e-02
1.613374240696430206e-02
1.198735833168029785e-02
1.758386753499507904e-02
1.431840751320123672e-02
1.202814187854528427e-02
1.350258663296699524e-02
3.093448653817176819e-02
1.056132931262254715e-02
3.093034774065017700e-02
2.415277622640132904e-02
2.122560515999794006e-02
1.088412385433912277e-02
1.664702035486698151e-02
2.137485519051551819e-02
2.514212764799594879e-02
2.785199508070945740e-02
2.117793262004852295e-02
1.122941542416810989e-02
2.348479628562927246e-02
1.147201471030712128e-02
1.520185917615890503e-02
2.125506289303302765e-02
2.257949858903884888e-02
1.368345413357019424e-02
1.762710697948932648e-02
1.345875672996044159e-02
2.662278711795806885e-02
2.115774340927600861e-02
2.194086834788322449e-02
3.709519281983375549e-02
1.540460344403982162e-02
1.747590675950050354e-02
1.779307425022125244e-02
2.125842124223709106e-02
1.802468486130237579e-02
1.747797057032585144e-02
1.834508962929248810e-02
1.530842296779155731e-02
1.972630620002746582e-02
1.656387187540531158e-02
1.603966951370239258e-02
1.392258703708648682e-02
1.557652186602354050e-02
2.446031756699085236e-02
1.348989736288785934e-02
1.236271299421787262e-02
1.910608261823654175e-02
3.527184575796127319e-02
1.030450128018856049e-02
1.509908307343721390e-02
2.422802709043025970e-02
1.409296318888664246e-02
1.378289423882961273e-02
1.504114083945751190e-02
1.497432682663202286e-02
3.962890431284904480e-02
2.918535098433494568e-02
1.820460148155689240e-02
2.335585467517375946e-02
1.537141297012567520e-02
1.231684908270835876e-02
2.032663486897945404e-02
2.299244329333305359e-02
3.187060356140136719e-02
9.150307625532150269e-03
2.858238853514194489e-02
1.710704714059829712e-02
2.236376516520977020e-02
1.440910529345273972e-02
1.498380582779645920e-02
1.786893419921398163e-02
2.124204672873020172e-02
1.516190916299819946e-02
1.728900335729122162e-02
2.383091486990451813e-02
1.059243641793727875e-02
1.944910362362861633e-02
1.367050874978303909e-02
2.200977690517902374e-02
2.336220443248748779e-02
1.753859035670757294e-02
1.273705065250396729e-02
1.183767244219779968e-02
2.305339649319648743e-02
3.249670565128326416e-02
1.898187212646007538e-02
2.217723615467548370e-02
1.190074719488620758e-02
1.283129118382930756e-02
1.915607601404190063e-02
2.644569613039493561e-02
1.653159782290458679e-02
1.837496459484100342e-02
2.062554471194744110e-02
1.720188558101654053e-02
2.306567877531051636e-02
7.894221693277359009e-03
8.120991289615631104e-03
3.216240927577018738e-02
1.435380522161722183e-02
1.576170325279235840e-02
9.673443622887134552e-03
2.494309097528457642e-02
3.929335623979568481e-02
1.176628284156322479e-02
1.194076333194971085e-02
1.719922013580799103e-02
1.470706984400749207e-02
8.931770920753479004e-03
2.682027406990528107e-02
3.143217042088508606e-02
1.787914708256721497e-02
2.109627984464168549e-02
2.821197919547557831e-02
7.499275263398885727e-03
2.694547362625598907e-02
2.122176624834537506e-02
1.850976981222629547e-02
1.494146697223186493e-02
1.301870774477720261e-02
1.038253027945756912e-02
1.638651825487613678e-02
1.738647744059562683e-02
1.893128268420696259e-02
2.273636683821678162e-02
1.917105726897716522e-02
1.275455299764871597e-02
3.253157809376716614e-02
2.142997831106185913e-02
2.631672471761703491e-02
1.392529159784317017e-02
1.326954178512096405e-02
1.570189930498600006e-02
1.973954215645790100e-02
2.171258069574832916e-02
2.124301530420780182e-02
2.188278920948505402e-02
1.069209538400173187e-02
1.989876292645931244e-02
1.696952246129512787e-02
1.879286579787731171e-02
1.776254177093505859e-02
9.197595529258251190e-03
3.292644023895263672e-02
2.970550954341888428e-02
2.000123634934425354e-02
2.586175687611103058e-02
1.071487832814455032e-02
2.488736994564533234e-02
2.059054188430309296e-02
1.006677001714706421e-02
1.957058534026145935e-02
1.683190651237964630e-02
2.514715120196342468e-02
1.497569028288125992e-02
1.957854628562927246e-02
1.177241746336221695e-02
3.098760358989238739e-02
1.184018980711698532e-02
1.178775168955326080e-02
1.159135345369577408e-02
1.719568297266960144e-02
1.113161444664001465e-02
1.629926078021526337e-02
1.187687553465366364e-02
3.503314033150672913e-02
8.661774918437004089e-03
1.762935891747474670e-02
1.904569752514362335e-02
1.978021301329135895e-02
2.668737992644309998e-02
2.051875181496143341e-02
1.239760778844356537e-02
1.339375041425228119e-02
1.720870845019817352e-02
1.217283215373754501e-02
1.251589786261320114e-02
1.087453681975603104e-02
2.006696164608001709e-02
1.064104121178388596e-02
3.044017963111400604e-02
9.690814651548862457e-03
2.343789301812648773e-02
1.029366254806518555e-02
1.598120480775833130e-02
2.200537361204624176e-02
1.324146613478660583e-02
9.939894080162048340e-03
2.108157239854335785e-02
8.932437747716903687e-03
1.632617041468620300e-02
1.033947896212339401e-02
5.285362154245376587e-02
2.004598826169967651e-02
1.777405478060245514e-02
2.139970287680625916e-02
5.925329402089118958e-03
1.813424564898014069e-02
1.339435391128063202e-02
2.510251291096210480e-02
2.164610475301742554e-02
1.042625680565834045e-02
1.039178762584924698e-02
7.174340076744556427e-03
4.043946787714958191e-02
2.808263152837753296e-02
1.951933838427066803e-02
1.163525134325027466e-02
1.405705977231264114e-02
1.232442073523998260e-02
1.559078320860862732e-02
2.131040953099727631e-02
1.155540440231561661e-02
2.858133986592292786e-02
2.653526887297630310e-02
1.992087438702583313e-02
1.046930067241191864e-02
3.441930189728736877e-02
1.797175593674182892e-02
1.211703196167945862e-02
1.621832884848117828e-02
1.703600957989692688e-02
1.684618182480335236e-02
1.041180267930030823e-02
1.301585044711828232e-02
1.843348331749439240e-02
2.028029784560203552e-02
8.172251284122467041e-03
1.802410185337066650e-02
2.009587734937667847e-02
4.193372651934623718e-02
1.845384202897548676e-02
1.363089680671691895e-02
1.010139379650354385e-02
1.516297738999128342e-02
1.947532780468463898e-02
1.277230307459831238e-02
1.852396875619888306e-02
1.567677780985832214e-02
1.108164060860872269e-02
1.384189072996377945e-02
1.519796065986156464e-02
2.106086723506450653e-02
1.349563617259263992e-02
9.671667590737342834e-03
1.115075405687093735e-02
2.503095380961894989e-02
1.565425284206867218e-02
1.367069315165281296e-02
1.545022055506706238e-02
1.339438557624816895e-02
1.618878729641437531e-02
1.172409672290086746e-02
1.649903506040573120e-02
1.516438182443380356e-02
1.784262619912624359e-02
2.437278255820274353e-02
2.088576741516590118e-02
1.698278449475765228e-02
1.028234884142875671e-02
1.257107499986886978e-02
1.955038867890834808e-02
4.446909576654434204e-02
2.780579030513763428e-02
1.342641003429889679e-02
1.534697599709033966e-02
1.631683856248855591e-02
2.526380307972431183e-02
2.428086288273334503e-02
2.424860559403896332e-02
1.374711096286773682e-02
2.811389602720737457e-02
1.455960329622030258e-02
8.761758916079998016e-03
2.078583464026451111e-02
1.642240583896636963e-02
2.072474174201488495e-02
1.492235157638788223e-02
1.846829429268836975e-02
4.303777590394020081e-02
8.377505466341972351e-03
1.770409196615219116e-02
2.326619811356067657e-02
1.862985081970691681e-02
2.096018008887767792e-02
1.551863271743059158e-02
7.263339124619960785e-03
1.277502998709678650e-02
1.349696703255176544e-02
2.075036801397800446e-02
1.709679886698722839e-02
1.498701702803373337e-02
1.741939224302768707e-02
1.095406152307987213e-02
1.674103736877441406e-02
1.550740376114845276e-02
2.475865744054317474e-02
1.654264703392982483e-02
1.617840491235256195e-02
2.034675143659114838e-02
1.504234410822391510e-02
1.180848851799964905e-02
2.241794206202030182e-02
3.282099217176437378e-02
2.156325057148933411e-02
7.673173211514949799e-03
2.026664465665817261e-02
1.745138689875602722e-02
1.557380333542823792e-02
1.303516142070293427e-02
1.254822686314582825e-02
1.066247373819351196e-02
1.165401097387075424e-02
1.248539052903652191e-02
1.668728888034820557e-02
2.465089783072471619e-02
1.653457619249820709e-02
2.727439627051353455e-02
2.117804437875747681e-02
2.020707726478576660e-02
1.003521028906106949e-02
2.673911117017269135e-02
1.100980490446090698e-02
2.091863192617893219e-02
2.173340693116188049e-02
1.757815293967723846e-02
2.206153795123100281e-02
2.302999608218669891e-02
3.208785131573677063e-02
1.783792488276958466e-02
1.655079051852226257e-02
4.238454625010490417e-02
1.482432801276445389e-02
1.029968354851007462e-02
2.332342229783535004e-02
9.153475984930992126e-03
1.673153974115848541e-02
1.108889654278755188e-02
1.823568716645240784e-02
1.094360090792179108e-02
2.025739476084709167e-02
1.325127109885215759e-02
3.208370506763458252e-02
1.267935708165168762e-02
2.302478253841400146e-02
2.039912901818752289e-02
1.254382915794849396e-02
1.139742694795131683e-02
1.482167840003967285e-02
1.342575810849666595e-02
1.376412343233823776e-02
2.770843356847763062e-02
1.877126842737197876e-02
2.482127584517002106e-02
1.805611886084079742e-02
1.671788841485977173e-02
1.120326481759548187e-02
9.917741641402244568e-03
1.311783678829669952e-02
1.564947515726089478e-02
3.877965733408927917e-02
3.128870204091072083e-02
2.894624881446361542e-02
1.210552640259265900e-02
1.659081503748893738e-02
3.418453037738800049e-02
1.702903769910335541e-02
1.293895579874515533e-02
9.755569510161876678e-03
1.215812005102634430e-02
2.416650392115116119e-02
2.544689923524856567e-02
1.995213516056537628e-02
1.455923914909362793e-02
1.504304725676774979e-02
2.008130401372909546e-02
2.333619073033332825e-02
1.479707285761833191e-02
1.356719713658094406e-02
2.342867851257324219e-02
4.136915132403373718e-02
2.028305642306804657e-02
1.603256352245807648e-02
1.545430254191160202e-02
1.725613698363304138e-02
1.412362232804298401e-02
8.680975995957851410e-03
1.722727902233600616e-02
1.723565906286239624e-02
1.042423583567142487e-02
3.332332894206047058e-02
1.161174848675727844e-02
1.661778986454010010e-02
1.854121498763561249e-02
1.267947629094123840e-02
1.312908530235290527e-02
1.817297004163265228e-02
2.001510933041572571e-02
1.165301352739334106e-02
1.846292614936828613e-02
1.419924385845661163e-02
1.813053525984287262e-02
1.910641603171825409e-02
1.412844192236661911e-02
1.802115887403488159e-02
1.108521688729524612e-02
2.167791500687599182e-02
2.016373164951801300e-02
2.024567499756813049e-02
1.055678632110357285e-02
2.064200676977634430e-02
2.455979399383068085e-02
1.557602081447839737e-02
1.127475779503583908e-02
2.016493491828441620e-02
2.394554018974304199e-02
4.272651672363281250e-02
8.101067505776882172e-03
1.313082594424486160e-02
1.445191912353038788e-02
2.137630432844161987e-02
1.720981858670711517e-02
2.337363362312316895e-02
1.608891971409320831e-02
1.488270331174135208e-02
1.367289666086435318e-02
2.108255214989185333e-02
1.689817570149898529e-02
1.862477883696556091e-02
1.608112268149852753e-02
2.851475402712821960e-02
2.172186039388179779e-02
1.583229936659336090e-02
1.369542721658945084e-02
1.628873310983181000e-02
1.031755562871694565e-02
1.745148375630378723e-02
2.328619547188282013e-02
2.099739201366901398e-02
1.462005171924829483e-02
1.718705333769321442e-02
2.310317941009998322e-02
1.728353463113307953e-02
1.352332532405853271e-02
2.474767714738845825e-02
1.283562928438186646e-02
1.688064448535442352e-02
3.307510539889335632e-02
2.949434705078601837e-02
2.026837319135665894e-02
1.576060988008975983e-02
1.266021188348531723e-02
2.142430096864700317e-02
1.028748229146003723e-02
2.682147175073623657e-02
1.829573139548301697e-02
2.067589387297630310e-02
2.109848707914352417e-02
1.314059924334287643e-02
2.758620865643024445e-02
1.049200166016817093e-02
2.186629734933376312e-02
1.177046913653612137e-02
1.664398238062858582e-02
1.318249572068452835e-02
1.453241053968667984e-02
9.613965637981891632e-03
1.536060776561498642e-02
1.939094811677932739e-02
1.581373624503612518e-02
3.871056437492370605e-02
1.491221319884061813e-02
8.698119781911373138e-03
1.140055619180202484e-02
2.914873138070106506e-02
1.084847841411828995e-02
9.269096888601779938e-03
1.204385980963706970e-02
1.698687858879566193e-02
3.841806948184967041e-02
2.106983028352260590e-02
1.461781840771436691e-02
1.943699084222316742e-02
1.892603375017642975e-02
1.404705829918384552e-02
1.541727129369974136e-02
1.409630291163921356e-02
2.957601286470890045e-02
2.686149626970291138e-02
3.263597562909126282e-02
1.342783216387033463e-02
2.315937168896198273e-02
2.218995988368988037e-02
1.744371466338634491e-02
2.106939256191253662e-02
2.968623116612434387e-02
1.939506642520427704e-02
8.575967513024806976e-03
1.437667012214660645e-02
2.509256079792976379e-02
2.163922600448131561e-02
1.819386519491672516e-02
2.043039724230766296e-02
1.621822267770767212e-02
1.708108931779861450e-02
1.892348751425743103e-02
1.470830291509628296e-02
1.426585949957370758e-02
2.540063858032226562e-02
9.386664256453514099e-03
2.273323014378547668e-02
2.250690013170242310e-02
2.141091786324977875e-02
2.757193148136138916e-02
1.064866315573453903e-02
1.101587619632482529e-02
3.207040578126907349e-02
1.967181265354156494e-02
7.931362837553024292e-03
1.308626402169466019e-02
3.286886587738990784e-02
1.094256527721881866e-02
1.826152391731739044e-02
1.423408742994070053e-02
1.291942410171031952e-02
1.199078839272260666e-02
2.565235458314418793e-02
1.295756548643112183e-02
1.560136675834655762e-02
1.310947537422180176e-02
2.840099856257438660e-02
1.883793063461780548e-02
1.919490098953247070e-02
2.200804464519023895e-02
1.662856526672840118e-02
1.688116975128650665e-02
2.998284995555877686e-02
1.985817961394786835e-02
1.729080826044082642e-02
1.432545855641365051e-02
1.360840722918510437e-02
9.180118329823017120e-03
1.063894759863615036e-02
1.334865670651197433e-02
1.116317976266145706e-02
1.769628189504146576e-02
1.479009445756673813e-02
2.196905948221683502e-02
2.155077084898948669e-02
1.441946625709533691e-02
1.236210670322179794e-02
9.635424241423606873e-03
2.519296668469905853e-02
1.281503308564424515e-02
2.647670730948448181e-02
1.433595735579729080e-02
1.641410961747169495e-02
1.502766739577054977e-02
2.528156898915767670e-02
2.557123452425003052e-02
1.073469035327434540e-02
2.220021933317184448e-02
2.768282778561115265e-02
1.338312774896621704e-02
1.433813292533159256e-02
1.872642524540424347e-02
1.332344673573970795e-02
1.472048275172710419e-02
2.397717908024787903e-02
2.021239325404167175e-02
2.046128362417221069e-02
1.376956049352884293e-02
2.105032280087471008e-02
1.422204449772834778e-02
2.278356999158859253e-02
1.078212633728981018e-02
1.860737800598144531e-02
1.154027227312326431e-02
2.393519692122936249e-02
2.126327157020568848e-02
1.022925507277250290e-02
1.246136985719203949e-02
1.287247799336910248e-02
2.001699991524219513e-02
1.299891062080860138e-02
1.093044877052307129e-02
2.232734486460685730e-02
1.501684635877609253e-02
1.456338539719581604e-02
1.396415755152702332e-02
1.304937526583671570e-02
8.902397938072681427e-03
2.383256144821643829e-02
1.597481407225131989e-02
2.148022688925266266e-02
2.105589397251605988e-02
1.159318629652261734e-02
1.925773359835147858e-02
2.003696747124195099e-02
2.094850316643714905e-02
1.329736411571502686e-02
1.439368166029453278e-02
1.750846020877361298e-02
1.513607613742351532e-02
1.359808165580034256e-02
1.304116006940603256e-02
1.080486271530389786e-02
1.645217463374137878e-02
3.232282027602195740e-02
1.317674759775400162e-02
1.929451897740364075e-02
1.285483222454786301e-02
2.935968339443206787e-02
1.280521135777235031e-02
3.277968242764472961e-02
1.342661119997501373e-02
1.383783761411905289e-02
2.775695919990539551e-02
1.583420298993587494e-02
1.732425950467586517e-02
2.037102542817592621e-02
1.982357166707515717e-02
1.900659315288066864e-02
2.187876217067241669e-02
1.064202748239040375e-02
2.597653865814208984e-02
3.662635013461112976e-02
1.733676530420780182e-02
2.756104059517383575e-02
1.582856848835945129e-02
1.287962030619382858e-02
1.363764423877000809e-02
2.192598022520542145e-02
1.589934341609477997e-02
1.492299977689981461e-02
1.705361716449260712e-02
2.495905570685863495e-02
1.680198870599269867e-02
2.317103184759616852e-02
2.380970679223537445e-02
9.854980744421482086e-03
1.267931703478097916e-02
2.183804474771022797e-02
8.577019907534122467e-03
1.614734902977943420e-02
1.700976490974426270e-02
5.978943314403295517e-03
1.327021513134241104e-02
2.060624398291110992e-02
1.174522284418344498e-02
1.010996103286743164e-02
2.388790808618068695e-02
1.233870163559913635e-02
1.324222423136234283e-02
2.627262286841869354e-02
8.934245444834232330e-03
1.577087864279747009e-02
1.109193637967109680e-02
1.970666646957397461e-02
1.290244981646537781e-02
1.545419078320264816e-02
6.945392582565546036e-03
1.023419480770826340e-02
1.157876849174499512e-02
1.922836340963840485e-02
1.374988071620464325e-02
4.337425902485847473e-02
1.177874859422445297e-02
1.514467783272266388e-02
2.307625673711299896e-02
2.961350046098232269e-02
1.114908978343009949e-02
1.353009603917598724e-02
1.985160261392593384e-02
1.959225907921791077e-02
2.096774056553840637e-02
8.641592226922512054e-03
1.555170398205518723e-02
5.108907353132963181e-03
2.195137180387973785e-02
1.077648345381021500e-02
1.325514260679483414e-02
1.886793784797191620e-02
3.835225850343704224e-02
2.470626495778560638e-02
9.920095093548297882e-03
9.378928691148757935e-03
1.381839625537395477e-02
2.895337529480457306e-02
1.412525027990341187e-02
9.484820067882537842e-03
2.773753926157951355e-02
2.959818206727504730e-02
1.172421220690011978e-02
2.523912675678730011e-02
1.888040266931056976e-02
1.744911074638366699e-02
3.315835818648338318e-02
2.599168755114078522e-02
2.222470939159393311e-02
1.524394471198320389e-02
1.567330211400985718e-02
2.449435740709304810e-02
1.847850903868675232e-02
2.733410708606243134e-02
1.341378036886453629e-02
1.324452180415391922e-02
6.578398868441581726e-03
1.375083811581134796e-02
2.067439071834087372e-02
8.849623613059520721e-03
1.717018708586692810e-02
1.622693054378032684e-02
2.103542350232601166e-02
1.537952385842800140e-02
8.344098925590515137e-03
2.395652234554290771e-02
2.491890452802181244e-02
1.706149429082870483e-02
1.981198973953723907e-02
2.063393779098987579e-02
1.820433139801025391e-02
2.089936845004558563e-02
1.331271138042211533e-02
1.464415155351161957e-02
1.416101306676864624e-02
1.970824971795082092e-02
2.565963380038738251e-02
2.649775519967079163e-02
1.714053750038146973e-02
1.669728010892868042e-02
3.784454241394996643e-02
1.331245619803667068e-02
1.124600600451231003e-02
1.524276193231344223e-02
1.329354662448167801e-02
1.169682759791612625e-02
2.728057838976383209e-02
1.310685649514198303e-02
1.091196201741695404e-02
2.631098777055740356e-02
1.543692778795957565e-02
1.367686875164508820e-02
1.150051038712263107e-02
1.889161579310894012e-02
2.998883277177810669e-02
1.599220931529998779e-02
1.406952366232872009e-02
1.062728185206651688e-02
1.587492786347866058e-02
1.628988981246948242e-02
1.701701618731021881e-02
1.866542547941207886e-02
1.321657653898000717e-02
1.291378214955329895e-02
1.823153346776962280e-02
1.326119620352983475e-02
2.575824968516826630e-02
1.530824694782495499e-02
1.019387319684028625e-02
2.231531590223312378e-02
1.319852285087108612e-02
1.352949906140565872e-02
1.076250988990068436e-02
1.971477642655372620e-02
1.323294825851917267e-02
2.224946580827236176e-02
2.294643409550189972e-02
2.308123931288719177e-02
3.250351175665855408e-02
1.041126530617475510e-02
1.848313957452774048e-02
2.217730507254600525e-02
1.849960349500179291e-02
2.038457430899143219e-02
1.794506609439849854e-02
3.174546733498573303e-02
1.486281026154756546e-02
2.986326813697814941e-02
1.747373118996620178e-02
1.979774422943592072e-02
1.334836147725582123e-02
1.981486566364765167e-02
1.018213853240013123e-02
2.969224005937576294e-02
1.145585160702466965e-02
1.297834143042564392e-02
1.621604710817337036e-02
1.085837092250585556e-02
2.061808668076992035e-02
9.824099950492382050e-03
1.585597358644008636e-02
1.402137428522109985e-02
1.480019092559814453e-02
2.587117068469524384e-02
1.586029864847660065e-02
2.385081350803375244e-02
2.180413343012332916e-02
1.474086008965969086e-02
1.574832946062088013e-02
1.118899974972009659e-02
9.178978390991687775e-03
1.073026750236749649e-02
2.748806588351726532e-02
9.325105696916580200e-03
9.995044209063053131e-03
1.851581782102584839e-02
3.199644014239311218e-02
1.678440347313880920e-02
1.007261686027050018e-02
8.489309810101985931e-03
1.515442598611116409e-02
2.018126286566257477e-02
2.032027021050453186e-02
2.372255362570285797e-02
1.826487295329570770e-02
1.027427613735198975e-02
1.558406464755535126e-02
1.987409591674804688e-02
1.387271564453840256e-02
1.090972125530242920e-02
2.577929943799972534e-02
1.971661858260631561e-02
2.276984043419361115e-02
1.777285337448120117e-02
1.004296448081731796e-02
1.270106993615627289e-02
1.616367697715759277e-02
9.289233945310115814e-03
2.552927471697330475e-02
3.678670525550842285e-02
1.098662521690130234e-02
2.272127382457256317e-02
1.437647733837366104e-02
1.965528540313243866e-02
1.013218797743320465e-02
1.048660371452569962e-02
1.860184408724308014e-02
1.268130261451005936e-02
1.717013120651245117e-02
2.362234331667423248e-02
1.597097329795360565e-02
1.124389003962278366e-02
1.851197704672813416e-02
1.199688669294118881e-02
5.883266218006610870e-03
1.260873395949602127e-02
1.652304641902446747e-02
2.191829495131969452e-02
1.302794739603996277e-02
1.157902833074331284e-02
1.364159304648637772e-02
1.916230283677577972e-02
1.838106289505958557e-02
1.701068133115768433e-02
1.131267007440328598e-02
1.791233569383621216e-02
1.943644694983959198e-02
1.358676049858331680e-02
1.381740719079971313e-02
1.990665867924690247e-02
1.719349622726440430e-02
1.523252669721841812e-02
9.620186872780323029e-03
1.030513178557157516e-02
1.113153714686632156e-02
8.740965276956558228e-03
1.879180036485195160e-02
1.856558397412300110e-02
1.729111559689044952e-02
1.044985931366682053e-02
4.326958581805229187e-02
1.483772043138742447e-02
1.124017871916294098e-02
3.074669092893600464e-02
2.207342535257339478e-02
2.249141782522201538e-02
2.727422490715980530e-02
1.017283461987972260e-02
1.661867275834083557e-02
6.006433162838220596e-03
1.279672048985958099e-02
2.917003259062767029e-02
2.400676161050796509e-02
2.637650817632675171e-02
1.981478370726108551e-02
1.185281481593847275e-02
3.121724724769592285e-02
9.184254333376884460e-03
1.793807186186313629e-02
1.373554207384586334e-02
3.543815016746520996e-02
1.365981157869100571e-02
1.578599959611892700e-02
1.673348061740398407e-02
1.757902279496192932e-02
2.682257071137428284e-02
2.310186065733432770e-02
1.226555183529853821e-02
1.910086721181869507e-02
1.415689941495656967e-02
2.664531767368316650e-02
1.088180672377347946e-02
1.653462275862693787e-02
1.518997922539710999e-02
1.815460436046123505e-02
1.758381724357604980e-02
1.367568504065275192e-02
2.113099023699760437e-02
1.769649237394332886e-02
1.490799337625503540e-02
1.764752529561519623e-02
1.664737425744533539e-02
1.843929290771484375e-02
1.463397033512592316e-02
1.697262749075889587e-02
1.597766391932964325e-02
2.116067148745059967e-02
1.635048538446426392e-02
9.778188541531562805e-03
1.433525700122117996e-02
1.323704887181520462e-02
9.092913009226322174e-03
1.901416853070259094e-02
3.200239315629005432e-02
3.750735521316528320e-02
1.821641437709331512e-02
9.731895290315151215e-03
1.934839226305484772e-02
1.881034672260284424e-02
1.123870536684989929e-02
1.130281947553157806e-02
2.878455631434917450e-02
1.507445424795150757e-02
8.222253993153572083e-03
1.355168130248785019e-02
1.777174323797225952e-02
1.498092617839574814e-02
1.252382062375545502e-02
2.653380483388900757e-02
2.596261352300643921e-02
1.205472555011510849e-02
1.753214374184608459e-02
2.622697688639163971e-02
2.663831599056720734e-02
1.274142507463693619e-02
1.245622429996728897e-02
1.514789089560508728e-02
9.416172280907630920e-03
1.036636065691709518e-02
1.318216975778341293e-02
2.076039649546146393e-02
2.224385365843772888e-02
4.021738842129707336e-02
2.327460050582885742e-02
1.512147486209869385e-02
2.242325618863105774e-02
1.936890557408332825e-02
1.609401404857635498e-02
1.363999769091606140e-02
1.590280421078205109e-02
1.050497498363256454e-02
1.550594810396432877e-02
9.987456724047660828e-03
1.236338727176189423e-02
6.875624880194664001e-03
1.854941248893737793e-02
1.202690415084362030e-02
1.413318142294883728e-02
1.487957406789064407e-02
2.303810976445674896e-02
1.030611246824264526e-02
4.195654392242431641e-02
1.723892427980899811e-02
1.434457488358020782e-02
2.346036024391651154e-02
2.259925194084644318e-02
9.183499030768871307e-03
2.078532055020332336e-02
1.451495476067066193e-02
2.233778499066829681e-02
1.769793406128883362e-02
1.501141395419836044e-02
2.039746567606925964e-02
1.698254048824310303e-02
5.778267048299312592e-03
1.736461371183395386e-02
1.126348506659269333e-02
2.104508876800537109e-02
1.721219345927238464e-02
2.359571866691112518e-02
1.247866358608007431e-02
8.820888586342334747e-03
1.504940725862979889e-02
9.271995164453983307e-03
1.372278761118650436e-02
1.588333584368228912e-02
2.772342413663864136e-02
1.658096723258495331e-02
3.006584011018276215e-02
5.909387487918138504e-03
1.831854321062564850e-02
1.721936836838722229e-02
1.963922195136547089e-02
1.624299585819244385e-02
2.112711593508720398e-02
1.663252338767051697e-02
8.768199943006038666e-03
2.714730240404605865e-02
1.963248290121555328e-02
1.505786739289760590e-02
1.997992768883705139e-02
2.460437081754207611e-02
2.099986746907234192e-02
8.082958869636058807e-03
1.361114624887704849e-02
1.050874963402748108e-02
2.043116278946399689e-02
2.847048640251159668e-02
2.118028327822685242e-02
1.534188538789749146e-02
8.767197839915752411e-03
2.309718728065490723e-02
2.381722629070281982e-02
1.720830425620079041e-02
2.041765302419662476e-02
8.696386590600013733e-03
2.441531047224998474e-02
3.091746196150779724e-02
2.727976813912391663e-02
8.539967238903045654e-03
2.307283133268356323e-02
2.976166829466819763e-02
8.574288338422775269e-03
1.977974362671375275e-02
1.441606413573026657e-02
7.871167734265327454e-03
1.831200532615184784e-02
3.015794791281223297e-02
1.418928056955337524e-02
1.023310329765081406e-02
2.082683145999908447e-02
1.594941504299640656e-02
1.072964165359735489e-02
1.925259828567504883e-02
2.258384972810745239e-02
1.078826747834682465e-02
1.923108100891113281e-02
1.291782502084970474e-02
1.683715917170047760e-02
1.336720585823059082e-02
1.359328627586364746e-02
1.665610633790493011e-02
2.557342126965522766e-02
1.263486966490745544e-02
1.391651853919029236e-02
1.856488361954689026e-02
9.130666963756084442e-03
1.359039917588233948e-02
2.172324433922767639e-02
1.960811577737331390e-02
1.361363288015127182e-02
1.390354428440332413e-02
1.838630996644496918e-02
2.352518774569034576e-02
1.502162776887416840e-02
1.402346324175596237e-02
2.331709675490856171e-02
1.977623626589775085e-02
2.041515335440635681e-02
2.280300110578536987e-02
1.030265167355537415e-02
1.220883429050445557e-02
1.701050437986850739e-02
9.012745693325996399e-03
1.843606866896152496e-02
1.812113076448440552e-02
2.062188461422920227e-02
1.125458162277936935e-02
2.068056911230087280e-02
1.610177010297775269e-02
1.793748140335083008e-02
1.164429169148206711e-02
1.436715666204690933e-02
1.815783977508544922e-02
1.907512359321117401e-02
1.920023187994956970e-02
2.339446172118186951e-02
1.813114061951637268e-02
2.439662255346775055e-02
1.853257417678833008e-02
9.477095678448677063e-03
1.837183162569999695e-02
1.351285725831985474e-02
1.069391239434480667e-02
1.312687527388334274e-02
1.177938841283321381e-02
9.498778730630874634e-03
1.808127760887145996e-02
1.372982840985059738e-02
1.136195659637451172e-02
1.407363265752792358e-02
2.960050664842128754e-02
8.494648151099681854e-03
1.022316701710224152e-02
2.006140910089015961e-02
2.023189142346382141e-02
2.188484184443950653e-02
1.530313584953546524e-02
1.953800953924655914e-02
2.669695764780044556e-02
1.104609575122594833e-02
1.427390240132808685e-02
2.410247921943664551e-02
2.205872908234596252e-02
2.607733383774757385e-02
1.625365577638149261e-02
2.506680414080619812e-02
1.105277426540851593e-02
2.517685480415821075e-02
1.120142079889774323e-02
1.513336878269910812e-02
2.457170188426971436e-02
2.248520590364933014e-02
1.517620217055082321e-02
1.557824574410915375e-02
2.489875257015228271e-02
1.661494188010692596e-02
1.062361337244510651e-02
1.092089433223009109e-02
1.149649918079376221e-02
8.548974059522151947e-03
2.187627926468849182e-02
1.011492870748043060e-02
2.041675895452499390e-02
8.063514716923236847e-03
7.478096522390842438e-03
8.783930912613868713e-03
2.161443792283535004e-02
2.148845046758651733e-02
2.161684446036815643e-02
1.408539898693561554e-02
8.326018229126930237e-03
9.929829277098178864e-03
7.191231474280357361e-03
1.336817909032106400e-02
1.583205163478851318e-02
1.261940691620111465e-02
7.852398790419101715e-03
1.585776358842849731e-02
1.443046424537897110e-02
2.284934185445308685e-02
1.844885386526584625e-02
2.629205584526062012e-02
1.248569786548614502e-02
9.770745411515235901e-03
1.639321632683277130e-02
1.759678311645984650e-02
9.551274590194225311e-03
1.439974270761013031e-02
2.020001411437988281e-02
8.815552107989788055e-03
1.790583319962024689e-02
6.586689502000808716e-03
1.680877432227134705e-02
1.687833480536937714e-02
1.442962791770696640e-02
1.608706265687942505e-02
1.306626107543706894e-02
1.400339230895042419e-02
1.489475369453430176e-02
1.581780239939689636e-02
1.392849162220954895e-02
1.759205944836139679e-02
1.811644434928894043e-02
9.182374924421310425e-03
1.430690288543701172e-02
1.372877974063158035e-02
2.253803238272666931e-02
2.369295805692672729e-02
1.720832288265228271e-02
1.652051135897636414e-02
1.406004466116428375e-02
6.432474590837955475e-03
1.330139115452766418e-02
1.469836384057998657e-02
2.163330651819705963e-02
1.509878784418106079e-02
1.448175497353076935e-02
2.383568510413169861e-02
2.519702725112438202e-02
2.616180479526519775e-02
1.483894325792789459e-02
1.168500259518623352e-02
3.270030766725540161e-02
1.004433725029230118e-02
3.088032081723213196e-02
1.369741745293140411e-02
1.223053038120269775e-02
1.310015004128217697e-02
3.959440067410469055e-02
1.444830931723117828e-02
1.672477088868618011e-02
2.624979801476001740e-02
2.329001575708389282e-02
1.567481085658073425e-02
1.458648499101400375e-02
1.513304188847541809e-02
1.398578751832246780e-02
1.355832442641258240e-02
8.480980992317199707e-03
2.555288560688495636e-02
1.395341381430625916e-02
1.059590093791484833e-02
2.562230266630649567e-02
1.334171555936336517e-02
2.039708010852336884e-02
1.255490351468324661e-02
1.370239164680242538e-02
1.458415202796459198e-02
2.278096787631511688e-02
3.171443939208984375e-02
1.902817934751510620e-02
1.477679144591093063e-02
3.002073056995868683e-02
1.845570467412471771e-02
7.334714755415916443e-03
1.696424558758735657e-02
1.897802762687206268e-02
1.684099808335304260e-02
2.609649300575256348e-02
1.165711972862482071e-02
8.969507180154323578e-03
2.917554229497909546e-02
1.365836709737777710e-02
2.404777146875858307e-02
1.714420877397060394e-02
1.405145414173603058e-02
1.961121521890163422e-02
1.683781109750270844e-02
1.229671295732259750e-02
3.417365998029708862e-02
1.899908669292926788e-02
2.033293992280960083e-02
2.308747172355651855e-02
2.210777625441551208e-02
1.929382979869842529e-02
8.492769673466682434e-03
9.815872646868228912e-03
1.786124520003795624e-02
8.562155067920684814e-03
1.311474665999412537e-02
1.567684859037399292e-02
1.183391548693180084e-02
2.828975208103656769e-02
1.646498963236808777e-02
1.083133369684219360e-02
1.860363967716693878e-02
2.075899019837379456e-02
8.926753886044025421e-03
2.160242758691310883e-02
1.419251784682273865e-02
1.488728262484073639e-02
1.479898672550916672e-02
1.260669343173503876e-02
1.489578094333410263e-02
1.783359423279762268e-02
1.814428158104419708e-02
1.385450083762407303e-02
1.885592006146907806e-02
3.924138844013214111e-02
1.900948025286197662e-02
2.240000665187835693e-02
1.536215376108884811e-02
3.202485665678977966e-02
1.335182040929794312e-02
3.675692901015281677e-02
1.530642062425613403e-02
1.461850292980670929e-02
1.798674277961254120e-02
1.947704330086708069e-02
1.281588897109031677e-02
1.002424675971269608e-02
2.832672186195850372e-02
1.279010716825723648e-02
1.144841779023408890e-02
2.252823114395141602e-02
1.026582624763250351e-02
1.905075646936893463e-02
3.112521581351757050e-02
1.847961917519569397e-02
1.403379440307617188e-02
1.902725547552108765e-02
2.531304582953453064e-02
1.304780412465333939e-02
9.708593599498271942e-03
1.933015696704387665e-02
1.301025040447711945e-02
1.029380317777395248e-02
1.292210258543491364e-02
1.560068223625421524e-02
8.561029098927974701e-03
2.009277977049350739e-02
1.303538400679826736e-02
1.902197301387786865e-02
2.190972864627838135e-02
1.181707624346017838e-02
2.238257229328155518e-02
2.161846309900283813e-02
2.021861076354980469e-02
2.471300959587097168e-02
9.053526446223258972e-03
1.363527309149503708e-02
1.306398957967758179e-02
1.556161418557167053e-02
1.918386109173297882e-02
2.451698482036590576e-02
2.076158858835697174e-02
1.451745349913835526e-02
1.389067154377698898e-02
1.561657525599002838e-02
2.119801193475723267e-02
3.232485800981521606e-02
2.168801985681056976e-02
1.956394128501415253e-02
1.191100291907787323e-02
1.677703298628330231e-02
1.966968365013599396e-02
2.964323200285434723e-02
2.432322502136230469e-02
1.294176094233989716e-02
2.236161008477210999e-02
2.256275154650211334e-02
2.674359828233718872e-02
2.647077664732933044e-02
2.630711533129215240e-02
1.060383580625057220e-02
2.153490297496318817e-02
1.827250979840755463e-02
1.194941252470016479e-02
3.981563448905944824e-02
1.791107468307018280e-02
2.006095834076404572e-02
2.097793482244014740e-02
1.800454407930374146e-02
2.033671736717224121e-02
1.052344683557748795e-02
8.324237540364265442e-03
1.452893018722534180e-02
1.877825334668159485e-02
1.372942794114351273e-02
7.158417720347642899e-03
2.302153967320919037e-02
2.909515239298343658e-02
1.319127529859542847e-02
1.234082225710153580e-02
1.967628672719001770e-02
2.207969687879085541e-02
1.962643675506114960e-02
1.111619640141725540e-02
9.244763292372226715e-03
1.456734817475080490e-02
1.359436195343732834e-02
2.470182441174983978e-02
2.414124086499214172e-02
1.133181992918252945e-02
2.276033908128738403e-02
2.266817167401313782e-02
1.873954944312572479e-02
2.577650360763072968e-02
1.688583754003047943e-02
1.145271584391593933e-02
1.939216814935207367e-02
1.136827562004327774e-02
1.988417841494083405e-02
2.156904339790344238e-02
1.181324664503335953e-02
2.338495664298534393e-02
1.548333279788494110e-02
6.831893697381019592e-03
8.522438816726207733e-03
1.549763139337301254e-02
2.227402292191982269e-02
1.866300031542778015e-02
1.542122848331928253e-02
1.452011335641145706e-02
2.360103651881217957e-02
1.538763009011745453e-02
2.506957389414310455e-02
7.718144915997982025e-03
1.116755325347185135e-02
1.780949532985687256e-02
3.237288445234298706e-02
1.635625027120113373e-02
1.989447139203548431e-02
1.639030501246452332e-02
9.138675406575202942e-03
9.522725827991962433e-03
1.448891777545213699e-02
1.296153478324413300e-02
2.166192047297954559e-02
2.138101868331432343e-02
1.486431714147329330e-02
8.775276131927967072e-03
2.444997988641262054e-02
1.252384390681982040e-02
1.078357268124818802e-02
2.061045542359352112e-02
2.744538709521293640e-02
1.826658286154270172e-02
2.193481475114822388e-02
1.451302412897348404e-02
1.205136999487876892e-02
2.005896158516407013e-02
1.710342057049274445e-02
2.440398000180721283e-02
1.240132842212915421e-02
1.236051693558692932e-02
1.614965684711933136e-02
1.636862941086292267e-02
1.410494279116392136e-02
9.586040861904621124e-03
1.184648089110851288e-02
1.181083545088768005e-02
2.757067047059535980e-02
1.498511899262666702e-02
1.554917171597480774e-02
1.261987537145614624e-02
1.995719969272613525e-02
1.614024862647056580e-02
1.581747271120548248e-02
9.766008704900741577e-03
1.674002781510353088e-02
1.152003463357686996e-02
9.641647338867187500e-03
2.479225955903530121e-02
2.608735114336013794e-02
1.779394596815109253e-02
1.497134938836097717e-02
1.929686032235622406e-02
2.818420529365539551e-02
1.408637408167123795e-02
1.523279026150703430e-02
1.355847157537937164e-02
2.650937624275684357e-02
2.218514308333396912e-02
1.085053849965333939e-02
1.882470771670341492e-02
2.630090899765491486e-02
1.754550449550151825e-02
1.530924718827009201e-02
2.561286278069019318e-02
1.279839314520359039e-02
3.340722993016242981e-02
1.350167766213417053e-02
3.788267821073532104e-02
1.347845792770385742e-02
2.414867095649242401e-02
1.475986000150442123e-02
1.390173379331827164e-02
1.998437754809856415e-02
1.203925162553787231e-02
2.017929404973983765e-02
1.267345529049634933e-02
1.782056316733360291e-02
1.200309395790100098e-02
1.036333851516246796e-02
1.856992766261100769e-02
1.074403803795576096e-02
1.803091168403625488e-02
1.677413471043109894e-02
1.635560765862464905e-02
1.339121069759130478e-02
1.487870048731565475e-02
1.615246012806892395e-02
1.916689425706863403e-02
3.085046447813510895e-02
1.430434361100196838e-02
1.292774081230163574e-02
1.420611795037984848e-02
1.491456571966409683e-02
2.701473049819469452e-02
1.399090047925710678e-02
1.506029814481735229e-02
2.072474546730518341e-02
7.033347152173519135e-03
1.795982010662555695e-02
1.968811638653278351e-02
1.885508559644222260e-02
1.579031534492969513e-02
2.786032669246196747e-02
1.451637968420982361e-02
1.243469770997762680e-02
1.260303612798452377e-02
1.452741865068674088e-02
1.768784597516059875e-02
1.448403578251600266e-02
2.126421965658664703e-02
1.850985921919345856e-02
1.536495052278041840e-02
9.222728200256824493e-03
1.116093993186950684e-02
1.726289466023445129e-02
1.835674606263637543e-02
3.449244797229766846e-02
2.276622317731380463e-02
1.321503054350614548e-02
9.843890555202960968e-03
1.740821264684200287e-02
1.138039026409387589e-02
1.559728849679231644e-02
1.518962904810905457e-02
2.728406526148319244e-02
1.759416796267032623e-02
2.816338837146759033e-02
2.479830384254455566e-02
1.448228210210800171e-02
1.464891154319047928e-02
2.116119489073753357e-02
1.591385155916213989e-02
1.039234455674886703e-02
1.138245873153209686e-02
2.427027374505996704e-02
1.204736717045307159e-02
1.192254666239023209e-02
1.493371650576591492e-02
1.661815121769905090e-02
1.739332824945449829e-02
1.574621908366680145e-02
3.258676081895828247e-02
2.014991827309131622e-02
1.910216733813285828e-02
1.216567307710647583e-02
1.981431804597377777e-02
2.653489634394645691e-02
2.027163840830326080e-02
1.144905667752027512e-02
2.040844969451427460e-02
3.440797701478004456e-02
2.699759602546691895e-02
9.892793372273445129e-03
1.059937849640846252e-02
1.095863990485668182e-02
1.525785867124795914e-02
1.704535447061061859e-02
1.307661272585391998e-02
1.352204196155071259e-02
2.216275595128536224e-02
1.102117728441953659e-02
2.681777812540531158e-02
2.503719180822372437e-02
9.595602750778198242e-03
1.551819033920764923e-02
1.147438306361436844e-02
2.202488668262958527e-02
1.778172329068183899e-02
1.389610301703214645e-02
1.167915016412734985e-02
1.391012594103813171e-02
1.583217270672321320e-02
1.780229061841964722e-02
2.377280965447425842e-02
1.945646665990352631e-02
2.179214917123317719e-02
9.695677086710929871e-03
2.268966287374496460e-02
2.851771563291549683e-02
1.281499583274126053e-02
1.729710400104522705e-02
9.615011513233184814e-03
9.337720461189746857e-03
2.108311466872692108e-02
9.771259501576423645e-03
8.327242918312549591e-03
1.264836452901363373e-02
1.441347785294055939e-02
1.002784818410873413e-02
1.790604554116725922e-02
8.389560505747795105e-03
1.807427033782005310e-02
1.851246692240238190e-02
1.701386459171772003e-02
4.470478277653455734e-03
2.319463714957237244e-02
1.181798614561557770e-02
1.128689758479595184e-02
2.397346869111061096e-02
1.563246734440326691e-02
3.725013881921768188e-02
2.861772477626800537e-02
2.384238876402378082e-02
9.883007034659385681e-03
1.477133017033338547e-02
2.244612388312816620e-02
1.121769938617944717e-02
1.210662350058555603e-02
8.694607764482498169e-03
1.013199985027313232e-02
1.257336232811212540e-02
1.841992698609828949e-02
1.339958142489194870e-02
3.217804431915283203e-02
1.801205240190029144e-02
9.228222072124481201e-03
1.117531396448612213e-02
2.628689818084239960e-02
2.230235375463962555e-02
1.055310573428869247e-02
9.257123805582523346e-03
2.040165662765502930e-02
1.286956854164600372e-02
1.897160522639751434e-02
2.030585706233978271e-02
2.017773129045963287e-02
2.208800241351127625e-02
2.055426873266696930e-02
1.881269365549087524e-02
1.053294632583856583e-02
2.495786361396312714e-02
1.280104741454124451e-02
1.265678741037845612e-02
8.050950244069099426e-03
1.704263873398303986e-02
1.565003022551536560e-02
1.986301504075527191e-02
1.489093806594610214e-02
1.342275924980640411e-02
1.732936874032020569e-02
1.316755637526512146e-02
1.918006315827369690e-02
2.155616320669651031e-02
1.143471151590347290e-02
2.088447660207748413e-02
2.449620701372623444e-02
1.798401959240436554e-02
2.863083221018314362e-02
2.267408929765224457e-02
1.854110881686210632e-02
1.396782323718070984e-02
2.310288138687610626e-02
2.174600213766098022e-02
1.253978349268436432e-02
1.363009028136730194e-02
1.888169907033443451e-02
2.506624348461627960e-02
1.433418504893779755e-02
5.058431997895240784e-03
2.429283596575260162e-02
9.450623765587806702e-03
2.046962454915046692e-02
1.453348901122808456e-02
2.249933034181594849e-02
1.158060692250728607e-02
2.522217482328414917e-02
2.080580405890941620e-02
3.080328367650508881e-02
1.529401727020740509e-02
1.101136021316051483e-02
1.583126746118068695e-02
1.644484326243400574e-02
2.055674977600574493e-02
1.591636426746845245e-02
1.487046852707862854e-02
2.139779925346374512e-02
1.989127509295940399e-02
1.121101621538400650e-02
8.472848683595657349e-03
1.686879619956016541e-02
2.200345136225223541e-02
1.518244203180074692e-02
1.460528559982776642e-02
1.478057727217674255e-02
1.408119965344667435e-02
1.415611151605844498e-02
1.423226576298475266e-02
3.366958722472190857e-02
2.236277423799037933e-02
1.549161039292812347e-02
1.524260733276605606e-02
2.308347634971141815e-02
2.468729019165039062e-02
1.869080588221549988e-02
1.119939703494310379e-02
1.495016086846590042e-02
7.695384789258241653e-03
1.983740366995334625e-02
1.023681648075580597e-02
1.459129340946674347e-02
1.197761949151754379e-02
1.220096647739410400e-02
1.589240692555904388e-02
1.527113281190395355e-02
1.640587113797664642e-02
1.445177104324102402e-02
2.298601716756820679e-02
1.888405159115791321e-02
9.722894988954067230e-03
1.375917904078960419e-02
9.063981473445892334e-03
2.454813756048679352e-02
1.902671158313751221e-02
2.343529090285301208e-02
1.428692135959863663e-02
1.320410426706075668e-02
2.138767577707767487e-02
2.159744128584861755e-02
3.171905502676963806e-02
6.409106310456991196e-03
2.114753797650337219e-02
1.717103086411952972e-02
2.041922323405742645e-02
1.257438119500875473e-02
4.468073323369026184e-02
1.441079750657081604e-02
9.338450618088245392e-03
9.988751262426376343e-03
1.054711174219846725e-02
1.321109756827354431e-02
1.767925173044204712e-02
1.703405752778053284e-02
2.135971374809741974e-02
3.200580924749374390e-02
1.372028514742851257e-02
1.864689774811267853e-02
1.714266277849674225e-02
7.308685686439275742e-03
1.434299349784851074e-02
1.434566173702478409e-02
2.438980340957641602e-02
2.137481421232223511e-02
1.899495907127857208e-02
1.926111988723278046e-02
1.110310759395360947e-02
1.554703060537576675e-02
1.544797420501708984e-02
1.136882416903972626e-02
9.138210676610469818e-03
1.578495278954505920e-02
1.642780937254428864e-02
1.849286444485187531e-02
1.581499166786670685e-02
2.421848475933074951e-02
2.863867580890655518e-02
1.621391996741294861e-02
1.948858052492141724e-02
1.013399660587310791e-02
1.410006824880838394e-02
5.516853649169206619e-03
1.839563250541687012e-02
2.404304221272468567e-02
7.463255897164344788e-03
1.255788002163171768e-02
1.730856671929359436e-02
1.264299917966127396e-02
1.616702973842620850e-02
1.387615408748388290e-02
1.456334907561540604e-02
8.795117028057575226e-03
1.781374402344226837e-02
2.499108016490936279e-02
7.193880621343851089e-03
2.928450889885425568e-02
9.889944456517696381e-03
2.606276795268058777e-02
9.980464354157447815e-03
1.753344759345054626e-02
7.754523772746324539e-03
2.170315571129322052e-02
1.711425371468067169e-02
1.294007990509271622e-02
1.366729848086833954e-02
1.146945077925920486e-02
2.383041754364967346e-02
1.074387691915035248e-02
9.482075460255146027e-03
7.915696129202842712e-03
8.953751996159553528e-03
1.856146380305290222e-02
2.569140680134296417e-02
1.456994842737913132e-02
2.758321166038513184e-02
1.534630917012691498e-02
1.574935764074325562e-02
1.528379879891872406e-02
1.406874321401119232e-02
1.830798760056495667e-02
2.502857521176338196e-02
1.305060181766748428e-02
8.500978350639343262e-03
1.783056929707527161e-02
1.248052064329385757e-02
1.635287702083587646e-02
1.713867485523223877e-02
2.538156881928443909e-02
1.108223665505647659e-02
2.232092060148715973e-02
1.184594444930553436e-02
1.734147220849990845e-02
1.572081819176673889e-02
1.701892726123332977e-02
2.048339881002902985e-02
1.978327520191669464e-02
2.064091898500919342e-02
2.272007055580615997e-02
9.223657660186290741e-03
8.701985701918601990e-03
1.236284617334604263e-02
9.963653050363063812e-03
1.219788659363985062e-02
1.473330706357955933e-02
1.623817719519138336e-02
1.280806493014097214e-02
1.662944443523883820e-02
1.802226342260837555e-02
2.109659649431705475e-02
1.377713494002819061e-02
3.287995979189872742e-02
8.784985169768333435e-03
1.254459470510482788e-02
1.812804862856864929e-02
1.392773259431123734e-02
1.157104782760143280e-02
1.337474305182695389e-02
1.539075188338756561e-02
2.201120369136333466e-02
1.552314125001430511e-02
2.394266426563262939e-02
2.691880427300930023e-02
1.374722272157669067e-02
6.574750877916812897e-03
1.738208346068859100e-02
1.967334188520908356e-02
2.333803847432136536e-02
1.509507931768894196e-02
2.190892025828361511e-02
1.916511729359626770e-02
1.409796811640262604e-02
1.331315655261278152e-02
6.877496838569641113e-03
1.872732117772102356e-02
1.052888669073581696e-02
1.234903931617736816e-02
1.826494373381137848e-02
1.079893391579389572e-02
2.263772115111351013e-02
1.457510795444250107e-02
2.385371923446655273e-02
1.895062252879142761e-02
1.249985862523317337e-02
1.050139963626861572e-02
1.814076490700244904e-02
9.500576183199882507e-03
3.280128538608551025e-02
8.514834567904472351e-03
1.480561215430498123e-02
9.018766693770885468e-03
2.771355584263801575e-02
2.725343778729438782e-02
6.238869857043027878e-03
2.141291834414005280e-02
1.967367343604564667e-02
1.632610522210597992e-02
1.161790173500776291e-02
1.444379612803459167e-02
1.255399826914072037e-02
2.273532561957836151e-02
1.780159398913383484e-02
9.344793856143951416e-03
2.353870309889316559e-02
1.172215398401021957e-02
1.483437139540910721e-02
2.187542803585529327e-02
1.339671760797500610e-02
1.023029536008834839e-02
2.001826651394367218e-02
1.619812846183776855e-02
1.293534692376852036e-02
8.059224113821983337e-03
1.443985290825366974e-02
1.343097351491451263e-02
1.412541512399911880e-02
1.765670068562030792e-02
1.257544197142124176e-02
1.997994072735309601e-02
2.382202818989753723e-02
1.607230119407176971e-02
1.219079270958900452e-02
1.791885122656822205e-02
5.716139916330575943e-03
1.521473098546266556e-02
2.437519282102584839e-02
1.320535689592361450e-02
1.704701036214828491e-02
1.745589822530746460e-02
1.182227209210395813e-02
1.355368550866842270e-02
1.421362999826669693e-02
1.670327596366405487e-02
1.162253413349390030e-02
1.178963109850883484e-02
1.594206131994724274e-02
1.452525705099105835e-02
1.630393788218498230e-02
1.155029051005840302e-02
5.981029476970434189e-03
1.964100450277328491e-02
8.422220125794410706e-03
1.274107210338115692e-02
1.085793320089578629e-02
1.077724993228912354e-02
2.173337340354919434e-02
1.915943622589111328e-02
1.409909874200820923e-02
1.779019087553024292e-02
1.335054915398359299e-02
3.436288982629776001e-02
1.103877928107976913e-02
1.070413459092378616e-02
3.146578371524810791e-02
3.395960479974746704e-02
1.723970100283622742e-02
1.633316278457641602e-02
1.470718532800674438e-02
1.140684448182582855e-02
2.557536028325557709e-02
1.445491705089807510e-02
1.600223220884799957e-02
9.434658102691173553e-03
5.676863715052604675e-03
1.233609858900308609e-02
1.707708276808261871e-02
1.354818139225244522e-02
1.359951589256525040e-02
9.707838296890258789e-03
1.975757442414760590e-02
1.072099339216947556e-02
1.033746544271707535e-02
2.003113552927970886e-02
1.201645843684673309e-02
2.666431106626987457e-02
1.723386906087398529e-02
2.223184145987033844e-02
2.205522917211055756e-02
1.260423474013805389e-02
3.395922109484672546e-02
1.512867771089076996e-02
8.829033002257347107e-03
1.374825462698936462e-02
1.475068461149930954e-02
1.143067702651023865e-02
1.784155517816543579e-02
3.984143957495689392e-02
1.405151560902595520e-02
1.204728893935680389e-02
2.354144863784313202e-02
1.721473038196563721e-02
3.071133792400360107e-02
1.689037680625915527e-02
1.899849437177181244e-02
1.948923803865909576e-02
1.919098384678363800e-02
9.465904906392097473e-03
1.294939592480659485e-02
1.250607706606388092e-02
2.231490984559059143e-02
3.149115294218063354e-02
1.181411929428577423e-02
7.138683926314115524e-03
1.911067031323909760e-02
1.504382677376270294e-02
2.477641403675079346e-02
7.270264904946088791e-03
2.449799142777919769e-02
7.282497361302375793e-03
8.567205630242824554e-03
1.131537742912769318e-02
1.116384007036685944e-02
3.023935109376907349e-02
7.319315802305936813e-03
9.317663498222827911e-03
9.655617177486419678e-03
2.105570770800113678e-02
1.689110323786735535e-02
1.541063655167818069e-02
2.164856530725955963e-02
6.210470106452703476e-03
8.373224176466464996e-03
1.291350554674863815e-02
2.193141914904117584e-02
8.373479358851909637e-03
2.289481274783611298e-02
1.508311554789543152e-02
1.276643853634595871e-02
1.703865639865398407e-02
7.138432934880256653e-03
2.247630245983600616e-02
1.144824828952550888e-02
1.358468085527420044e-02
2.312701754271984100e-02
1.924678497016429901e-02
2.183413319289684296e-02
1.525783259421586990e-02
2.347793057560920715e-02
1.896032877266407013e-02
2.164220064878463745e-02
1.020393148064613342e-02
1.663093268871307373e-02
2.051218599081039429e-02
1.058032456785440445e-02
1.038018241524696350e-02
1.827121712267398834e-02
3.081331774592399597e-02
1.556337624788284302e-02
2.545949071645736694e-02
1.650003343820571899e-02
1.994613558053970337e-02
1.742569543421268463e-02
7.404877338558435440e-03
2.617690339684486389e-02
3.617479652166366577e-02
2.275191619992256165e-02
1.493995264172554016e-02
9.386776015162467957e-03
1.077606156468391418e-02
1.694903336465358734e-02
9.942036122083663940e-03
3.436577692627906799e-02
2.235499396920204163e-02
1.328010391443967819e-02
1.415089424699544907e-02
2.385520935058593750e-02
1.057815551757812500e-02
1.428304612636566162e-02
1.657055877149105072e-02
1.964409276843070984e-02
9.905592538416385651e-03
1.440661121159791946e-02
9.800395928323268890e-03
6.883186753839254379e-03
1.188983395695686340e-02
1.331774424761533737e-02
1.350203901529312134e-02
1.160593517124652863e-02
1.053045317530632019e-02
9.957130998373031616e-03
1.761428639292716980e-02
1.815680228173732758e-02
1.034993398934602737e-02
7.784852292388677597e-03
2.076429501175880432e-02
3.387924283742904663e-02
2.255677804350852966e-02
5.505355540663003922e-03
2.929966710507869720e-02
2.645728550851345062e-02
1.235935371369123459e-02
2.636351436376571655e-02
1.693244650959968567e-02
1.761424727737903595e-02
1.846068724989891052e-02
3.110089898109436035e-02
9.623640216886997223e-03
2.237133122980594635e-02
9.490454569458961487e-03
1.810260675847530365e-02
1.392396166920661926e-02
2.526787668466567993e-02
2.896638959646224976e-02
1.290870551019906998e-02
1.445765327662229538e-02
8.193983696401119232e-03
1.128107402473688126e-02
1.818704232573509216e-02
2.120155282318592072e-02
1.343350764364004135e-02
8.106227032840251923e-03
2.079568430781364441e-02
1.044268533587455750e-02
1.333616022020578384e-02
9.392589330673217773e-03
8.239249698817729950e-03
2.409465424716472626e-02
1.610558480024337769e-02
2.059245668351650238e-02
1.031926088035106659e-02
2.146762423217296600e-02
1.257639843970537186e-02
1.468647923320531845e-02
1.974960044026374817e-02
1.844192855060100555e-02
1.889931783080101013e-02
2.175345830619335175e-02
2.039765380322933197e-02
1.402171608060598373e-02
1.472206227481365204e-02
1.744259707629680634e-02
8.973502553999423981e-03
2.008478343486785889e-02
1.355089433491230011e-02
1.625676266849040985e-02
9.708211757242679596e-03
1.051206327974796295e-02
1.280201226472854614e-02
2.880126982927322388e-02
3.662629052996635437e-02
1.008651964366436005e-02
1.678866893053054810e-02
1.302285026758909225e-02
1.572191342711448669e-02
9.969886392354965210e-03
7.990560494363307953e-03
1.411687210202217102e-02
1.342487242072820663e-02
1.302824635058641434e-02
1.046370435506105423e-02
2.472228556871414185e-02
1.834163628518581390e-02
9.752614423632621765e-03
1.393285952508449554e-02
2.254906296730041504e-02
1.326018664985895157e-02
2.028259076178073883e-02
1.137402746826410294e-02
1.370006427168846130e-02
1.527315657585859299e-02
1.005281414836645126e-02
1.612191461026668549e-02
5.093712359666824341e-03
1.427026465535163879e-02
1.637594215571880341e-02
9.746903553605079651e-03
2.077336236834526062e-02
1.702471263706684113e-02
2.494551055133342743e-02
8.787661790847778320e-03
1.026059594005346298e-02
1.346203964203596115e-02
1.477210968732833862e-02
2.117661014199256897e-02
1.105316728353500366e-02
1.835606992244720459e-02
2.104975096881389618e-02
2.531955018639564514e-02
1.286894828081130981e-02
1.745050773024559021e-02
1.095057744532823563e-02
5.255419295281171799e-03
1.066469959914684296e-02
1.185732427984476089e-02
1.087861694395542145e-02
2.584819681942462921e-02
1.849932223558425903e-02
9.196559898555278778e-03
2.039577066898345947e-02
1.521113142371177673e-02
1.317223999649286270e-02
2.698695473372936249e-02
1.150003913789987564e-02
8.617755956947803497e-03
9.168284945189952850e-03
1.577679440379142761e-02
1.537168491631746292e-02
1.325152255594730377e-02
2.226889878511428833e-02
1.279549859464168549e-02
1.215585879981517792e-02
1.169776916503906250e-02
1.189109683036804199e-02
1.072985213249921799e-02
1.991265825927257538e-02
1.914540491998195648e-02
2.304893732070922852e-02
1.248420216143131256e-02
2.132088690996170044e-02
2.958795800805091858e-02
1.051144488155841827e-02
1.226521749049425125e-02
6.441951729357242584e-03
1.779158785939216614e-02
1.820779591798782349e-02
2.085789851844310760e-02
1.234502345323562622e-02
1.621518097817897797e-02
1.124664954841136932e-02
1.580419577658176422e-02
8.273698389530181885e-03
1.752198114991188049e-02
9.852139279246330261e-03
2.028395421802997589e-02
3.213402256369590759e-02
1.509823556989431381e-02
1.934516057372093201e-02
1.247760280966758728e-02
1.520233880728483200e-02
2.022432908415794373e-02
2.109243720769882202e-02
1.398845668882131577e-02
8.846975862979888916e-03
1.735251769423484802e-02
1.245843805372714996e-02
1.111214235424995422e-02
1.741325668990612030e-02
9.522295556962490082e-03
1.633440330624580383e-02
1.513766869902610779e-02
1.340062078088521957e-02
1.775918900966644287e-02
8.349720388650894165e-03
3.745012730360031128e-02
1.728422939777374268e-02
1.397033128887414932e-02
2.629069238901138306e-02
8.139342069625854492e-03
1.634974032640457153e-02
2.331644482910633087e-02
2.214195579290390015e-02
1.993845030665397644e-02
1.891770772635936737e-02
2.712779492139816284e-02
1.897138170897960663e-02
1.385230850428342819e-02
1.095848530530929565e-02
1.266663707792758942e-02
3.764952719211578369e-02
1.631977222859859467e-02
1.242704037576913834e-02
6.523234304040670395e-03
9.472358040511608124e-03
1.607378758490085602e-02
1.629481837153434753e-02
6.948919966816902161e-03
2.461436763405799866e-02
2.452672831714153290e-02
1.354392617940902710e-02
2.476267702877521515e-02
1.567374356091022491e-02
5.191564094275236130e-03
8.592691272497177124e-03
1.783364452421665192e-02
1.697343215346336365e-02
1.542807929217815399e-02
1.891690120100975037e-02
2.560422569513320923e-02
1.755134947597980499e-02
6.755126640200614929e-03
2.903729677200317383e-02
1.041625067591667175e-02
1.378208305686712265e-02
2.010566741228103638e-02
7.186681032180786133e-03
1.494378037750720978e-02
2.433526515960693359e-02
1.375165116041898727e-02
1.290547568351030350e-02
1.774343289434909821e-02
1.039479020982980728e-02
1.989834196865558624e-02
9.522587992250919342e-03
1.621933281421661377e-02
1.049493160098791122e-02
2.256267517805099487e-02
1.435096561908721924e-02
1.233914215117692947e-02
1.107348501682281494e-02
1.831166632473468781e-02
1.752381399273872375e-02
1.403525471687316895e-02
1.832541823387145996e-02
3.164016455411911011e-02
2.070709131658077240e-02
1.008458156138658524e-02
2.499332465231418610e-02
2.665743976831436157e-02
1.428656280040740967e-02
2.421512641012668610e-02
1.295933779329061508e-02
1.539291534572839737e-02
2.983550168573856354e-02
1.506144460290670395e-02
1.339830737560987473e-02
1.329577621072530746e-02
1.070190593600273132e-02
1.751371845602989197e-02
1.447380613535642624e-02
2.118225954473018646e-02
1.656357012689113617e-02
1.607194170355796814e-02
7.785636465996503830e-03
6.292160134762525558e-03
1.430639438331127167e-02
1.415349915623664856e-02
1.626947894692420959e-02
1.249973941594362259e-02
1.110066100955009460e-02
1.297668740153312683e-02
1.411732286214828491e-02
2.364715933799743652e-02
2.200537919998168945e-02
1.817059144377708435e-02
1.386704947799444199e-02
2.132517471909523010e-02
1.826087199151515961e-02
1.514487713575363159e-02
1.153262145817279816e-02
1.736802607774734497e-02
1.160339917987585068e-02
1.852578297257423401e-02
2.413872443139553070e-02
1.578748039901256561e-02
2.070754021406173706e-02
1.142211258411407471e-02
1.473187282681465149e-02
2.568989805877208710e-02
1.361004915088415146e-02
1.052061840891838074e-02
1.796971820294857025e-02
1.029370073229074478e-02
1.674615219235420227e-02
1.908846013247966766e-02
2.282829768955707550e-02
1.832062564790248871e-02
1.187313813716173172e-02
4.971537273377180099e-03
3.164941817522048950e-02
1.165669504553079605e-02
1.210783235728740692e-02
1.483667921274900436e-02
1.785642467439174652e-02
1.429195795208215714e-02
1.202040724456310272e-02
1.074132975190877914e-02
1.790877245366573334e-02
1.272003259509801865e-02
1.358254160732030869e-02
8.923281915485858917e-03
1.197412423789501190e-02
1.818089559674263000e-02
1.843041554093360901e-02
1.913151890039443970e-02
1.791501231491565704e-02
1.637277938425540924e-02
1.483311969786882401e-02
1.887112483382225037e-02
1.773837395012378693e-02
1.588836312294006348e-02
1.741379499435424805e-02
1.941288076341152191e-02
3.282519429922103882e-02
1.550096087157726288e-02
9.407926350831985474e-03
7.296204101294279099e-03
2.129626832902431488e-02
1.959507539868354797e-02
1.833947189152240753e-02
1.232283376157283783e-02
1.373792160302400589e-02
2.133870311081409454e-02
1.106235571205615997e-02
1.630861312150955200e-02
2.060279063880443573e-02
2.000816166400909424e-02
1.745861768722534180e-02
2.948556095361709595e-02
2.433765307068824768e-02
1.192582212388515472e-02
2.036265097558498383e-02
1.819135807454586029e-02
1.167034171521663666e-02
1.587964780628681183e-02
1.423340849578380585e-02
1.549727097153663635e-02
1.350557710975408554e-02
1.080693863332271576e-02
9.515997022390365601e-03
2.155738510191440582e-02
1.910011097788810730e-02
1.450974680483341217e-02
1.384175941348075867e-02
1.760119013488292694e-02
1.306471135467290878e-02
1.914754882454872131e-02
2.133919857442378998e-02
1.229533739387989044e-02
1.499226689338684082e-02
1.889979839324951172e-02
9.944179095327854156e-03
1.039542537182569504e-02
2.284166403114795685e-02
2.299692295491695404e-02
1.422107592225074768e-02
1.387966703623533249e-02
1.269754860550165176e-02
1.809650845825672150e-02
1.911422237753868103e-02
1.014231238514184952e-02
1.847582869231700897e-02
1.072391960769891739e-02
1.067251246422529221e-02
2.275788970291614532e-02
2.554190717637538910e-02
9.152655489742755890e-03
1.697944290935993195e-02
9.939064271748065948e-03
1.229639630764722824e-02
1.569044776260852814e-02
1.012157462537288666e-02
2.228281646966934204e-02
2.242254838347434998e-02
3.528183326125144958e-02
1.501997839659452438e-02
1.669391989707946777e-02
2.192907221615314484e-02
1.182067859917879105e-02
1.963637582957744598e-02
1.523607876151800156e-02
1.349906902760267258e-02
1.321195997297763824e-02
1.652334444224834442e-02
2.464864216744899750e-02
8.436667732894420624e-03
1.806742511689662933e-02
6.097127217799425125e-03
8.826375938951969147e-03
1.775859296321868896e-02
1.702195219695568085e-02
1.918935589492321014e-02
2.833211049437522888e-02
1.567270979285240173e-02
3.540827333927154541e-02
1.002823840826749802e-02
2.199047990143299103e-02
1.705073751509189606e-02
1.582619175314903259e-02
1.593316718935966492e-02
2.423254214227199554e-02
1.115119270980358124e-02
1.914392784237861633e-02
1.304945908486843109e-02
7.420813199132680893e-03
2.555969171226024628e-02
8.244259282946586609e-03
1.190219540148973465e-02
1.952504739165306091e-02
1.408885512501001358e-02
2.505627647042274475e-02
1.380566880106925964e-02
1.911920867860317230e-02
1.622923091053962708e-02
1.345090661197900772e-02
2.887522242963314056e-02
1.815127022564411163e-02
1.310275681316852570e-02
2.109746262431144714e-02
1.173391938209533691e-02
1.327335182577371597e-02
3.616765886545181274e-02
1.247343141585588455e-02
7.076677400618791580e-03
2.046233043074607849e-02
2.346735261380672455e-02
1.797643490135669708e-02
2.090955711901187897e-02
2.775861695408821106e-02
1.666785776615142822e-02
1.015203353017568588e-02
1.304416358470916748e-02
1.966333389282226562e-02
2.705812826752662659e-02
1.189101114869117737e-02
1.237694919109344482e-02
1.110349036753177643e-02
2.966754883527755737e-02
1.658976078033447266e-02
1.441082637757062912e-02
1.259439531713724136e-02
1.902040466666221619e-02
1.294879615306854248e-02
1.063884235918521881e-02
1.147362776100635529e-02
9.962480515241622925e-03
2.102847956120967865e-02
1.396876946091651917e-02
2.632862143218517303e-02
1.650764606893062592e-02
1.699939928948879242e-02
2.163145504891872406e-02
1.719215326011180878e-02
2.059389278292655945e-02
6.723576691001653671e-03
2.337163500487804413e-02
1.599591970443725586e-02
2.584431879222393036e-02
1.281697489321231842e-02
1.226840540766716003e-02
1.878517679870128632e-02
1.507535204291343689e-02
1.364188268780708313e-02
1.410467922687530518e-02
2.461409382522106171e-02
2.066993527114391327e-02
1.641205884516239166e-02
6.658631842583417892e-03
3.520951047539710999e-02
1.329587679356336594e-02
2.885412238538265228e-02
1.061050035059452057e-02
1.891065575182437897e-02
1.115017291158437729e-02
8.811119943857192993e-03
1.260274741798639297e-02
6.510205101221799850e-03
8.869069628417491913e-03
9.465757757425308228e-03
2.549175918102264404e-02
1.062288507819175720e-02
2.420541644096374512e-02
1.674521341919898987e-02
1.293695438653230667e-02
1.849786564707756042e-02
2.683801390230655670e-02
1.539780851453542709e-02
1.779593527317047119e-02
9.466683492064476013e-03
1.675716228783130646e-02
7.035106420516967773e-03
9.414901956915855408e-03
1.971769332885742188e-02
1.868130266666412354e-02
1.260591670870780945e-02
2.169994078576564789e-02
1.223758142441511154e-02
1.501880120486021042e-02
1.068463549017906189e-02
3.371817618608474731e-02
1.790593191981315613e-02
1.459365617483854294e-02
1.480171550065279007e-02
2.168866246938705444e-02
1.889459043741226196e-02
1.343406550586223602e-02
2.778391912579536438e-02
1.507939957082271576e-02
4.083610698580741882e-02
7.908440195024013519e-03
7.649277802556753159e-03
1.550510805100202560e-02
2.097156271338462830e-02
1.760833896696567535e-02
7.962949573993682861e-03
1.320202928036451340e-02
2.421436458826065063e-02
3.449093922972679138e-02
2.202943712472915649e-02
9.116534143686294556e-03
1.409083977341651917e-02
1.966212503612041473e-02
1.803400553762912750e-02
1.317356433719396591e-02
1.599996536970138550e-02
2.031647227704524994e-02
1.342287939041852951e-02
8.724670857191085815e-03
2.230815030634403229e-02
2.247064933180809021e-02
2.386807650327682495e-02
1.712012663483619690e-02
1.639207452535629272e-02
1.155407261103391647e-02
1.550538279116153717e-02
1.035503763705492020e-02
1.650660485029220581e-02
1.865748316049575806e-02
2.955495193600654602e-02
2.422999776899814606e-02
1.731822639703750610e-02
1.431743428111076355e-02
1.212171837687492371e-02
9.796820580959320068e-03
7.235440425574779510e-03
1.436440926045179367e-02
1.803383789956569672e-02
1.114600989967584610e-02
1.634671352803707123e-02
3.585715591907501221e-02
1.307988539338111877e-02
1.536090206354856491e-02
1.753455959260463715e-02
1.980550773441791534e-02
1.301556825637817383e-02
2.520488388836383820e-02
2.182122878730297089e-02
1.559592224657535553e-02
1.435528229922056198e-02
2.169252373278141022e-02
8.832358755171298981e-03
1.217318512499332428e-02
3.131904080510139465e-02
1.513889618217945099e-02
2.289286255836486816e-02
1.271857414394617081e-02
1.340630091726779938e-02
1.413096114993095398e-02
3.032059967517852783e-02
1.942175999283790588e-02
1.197019685059785843e-02
9.250507690012454987e-03
1.160350628197193146e-02
1.000147312879562378e-02
1.819982938468456268e-02
1.165543496608734131e-02
9.933213703334331512e-03
1.005669776350259781e-02
2.247539162635803223e-02
9.158158674836158752e-03
3.229094296693801880e-02
2.546306140720844269e-02
1.916945725679397583e-02
2.383743785321712494e-02
6.481916643679141998e-03
1.531631592661142349e-02
2.335960045456886292e-02
9.476318955421447754e-03
1.911408081650733948e-02
7.429786492139101028e-03
1.292130071669816971e-02
9.385723620653152466e-03
9.510406292974948883e-03
1.406007446348667145e-02
2.193884365260601044e-02
1.934404484927654266e-02
2.884685806930065155e-02
1.787386275827884674e-02
1.738842390477657318e-02
9.224503301084041595e-03
1.317810267210006714e-02
8.515019901096820831e-03
1.522750314325094223e-02
1.980790309607982635e-02
1.409852784126996994e-02
1.488149911165237427e-02
1.713687554001808167e-02
1.190562918782234192e-02
1.941423304378986359e-02
1.081779133528470993e-02
1.255001593381166458e-02
1.136614754796028137e-02
1.403458416461944580e-02
1.653156615793704987e-02
1.391423493623733521e-02
1.384643930941820145e-02
2.203113958239555359e-02
1.225066557526588440e-02
1.104028150439262390e-02
1.266895327717065811e-02
2.098835445940494537e-02
8.415936492383480072e-03
1.680817455053329468e-02
5.477386061102151871e-03
1.190209202468395233e-02
8.950973860919475555e-03
1.722704432904720306e-02
3.437688201665878296e-02
1.363817974925041199e-02
1.976139843463897705e-02
1.179228164255619049e-02
1.568765752017498016e-02
1.582353003323078156e-02
1.633848808705806732e-02
1.980638690292835236e-02
1.492307800799608231e-02
1.559318508952856064e-02
2.494629658758640289e-02
7.809383329004049301e-03
2.764050289988517761e-02
1.454891823232173920e-02
3.026768565177917480e-02
1.529863942414522171e-02
1.221731770783662796e-02
2.104552090167999268e-02
1.624445058405399323e-02
5.090165883302688599e-03
1.177222374826669693e-02
1.094400510191917419e-02
1.395774818956851959e-02
1.301984116435050964e-02
1.077066268771886826e-02
2.178572304546833038e-02
1.707010157406330109e-02
1.324947364628314972e-02
1.515408977866172791e-02
1.058449689298868179e-02
8.483164943754673004e-03
1.468018442392349243e-02
1.696663908660411835e-02
1.173263322561979294e-02
1.763441041111946106e-02
9.640212170779705048e-03
1.012158859521150589e-02
1.154683902859687805e-02
2.530209720134735107e-02
1.042683888226747513e-02
1.864598877727985382e-02
6.326823960989713669e-03
1.355943921953439713e-02
1.776164211332798004e-02
9.434365667402744293e-03
2.067804895341396332e-02
1.380060613155364990e-02
1.169656217098236084e-02
1.864440552890300751e-02
1.079481188207864761e-02
8.071818388998508453e-03
1.472465600818395615e-02
2.384212985634803772e-02
1.605362817645072937e-02
2.132474072277545929e-02
8.604022674262523651e-03
2.345724217593669891e-02
1.241571176797151566e-02
1.600105129182338715e-02
9.877552278339862823e-03
6.607920397073030472e-03
1.173133589327335358e-02
9.736160747706890106e-03
1.656252145767211914e-02
1.810372993350028992e-02
4.951008129864931107e-03
1.894728280603885651e-02
2.359575219452381134e-02
2.278738468885421753e-02
8.654377423226833344e-03
1.148550305515527725e-02
1.397440768778324127e-02
2.190511859953403473e-02
1.703001186251640320e-02
1.375406328588724136e-02
1.040239073336124420e-02
2.252290770411491394e-02
8.031553588807582855e-03
3.903761878609657288e-02
1.300976425409317017e-02
1.413595862686634064e-02
1.218560338020324707e-02
1.685050129890441895e-02
1.882878504693508148e-02
2.220294997096061707e-02
2.299821190536022186e-02
2.041016519069671631e-02
1.641150377690792084e-02
1.841650158166885376e-02
1.670181751251220703e-02
1.289529446512460709e-02
1.604351401329040527e-02
1.720431633293628693e-02
1.144008617848157883e-02
1.613754965364933014e-02
1.847641356289386749e-02
1.380698848515748978e-02
9.170961566269397736e-03
1.474774349480867386e-02
2.226938493549823761e-02
1.097159460186958313e-02
1.180585008114576340e-02
2.223741821944713593e-02
1.440101396292448044e-02
1.733686216175556183e-02
1.755493693053722382e-02
1.174185890704393387e-02
1.947809755802154541e-02
1.760898344218730927e-02
1.702115125954151154e-02
2.290290966629981995e-02
1.148658618330955505e-02
3.125501796603202820e-02
1.504770852625370026e-02
1.908979378640651703e-02
9.644839912652969360e-03
6.179097108542919159e-03
2.461975067853927612e-02
6.289675366133451462e-03
1.677492447197437286e-02
1.884596794843673706e-02
2.000198327004909515e-02
1.212107390165328979e-02
1.327000651508569717e-02
1.436649076640605927e-02
1.970591768622398376e-02
1.668479852378368378e-02
2.276727929711341858e-02
2.421176619827747345e-02
2.884026803076267242e-02
4.869458079338073730e-02
2.211965806782245636e-02
2.019997872412204742e-02
1.635385118424892426e-02
2.005716972053050995e-02
1.048524677753448486e-02
2.617234550416469574e-02
9.784936904907226562e-03
3.222718089818954468e-02
1.225678622722625732e-02
1.809370145201683044e-02
6.409130059182643890e-03
2.043021097779273987e-02
1.697998493909835815e-02
1.734667830169200897e-02
7.352575194090604782e-03
1.682936958968639374e-02
2.225684560835361481e-02
1.514484174549579620e-02
1.306816283613443375e-02
1.515141036361455917e-02
1.201854366809129715e-02
1.336273830384016037e-02
1.822171546518802643e-02
1.558823324739933014e-02
1.108415145426988602e-02
1.328730676323175430e-02
1.718471199274063110e-02
1.168347708880901337e-02
1.611540652811527252e-02
1.177579816430807114e-02
1.815938763320446014e-02
1.326791755855083466e-02
1.670296303927898407e-02
1.571445167064666748e-02
1.512174028903245926e-02
1.962724700570106506e-02
1.283633708953857422e-02
1.377640198916196823e-02
1.446700841188430786e-02
9.213729761540889740e-03
1.075771450996398926e-02
1.613556966185569763e-02
1.344475988298654556e-02
7.947426289319992065e-03
2.465083077549934387e-02
9.860380552709102631e-03
1.818240620195865631e-02
9.125376120209693909e-03
2.046473138034343719e-02
1.045696996152400970e-02
9.305729530751705170e-03
1.157141104340553284e-02
1.937405206263065338e-02
6.965564563870429993e-03
1.434795744717121124e-02
2.123945020139217377e-02
6.439870689064264297e-03
1.396724209189414978e-02
1.753890700638294220e-02
1.463634148240089417e-02
1.043185591697692871e-02
3.219550102949142456e-02
1.177135203033685684e-02
2.258210442960262299e-02
7.877359166741371155e-03
1.128535624593496323e-02
1.000652555376291275e-02
1.179219130426645279e-02
1.324271783232688904e-02
1.554639451205730438e-02
2.248094603419303894e-02
1.548711396753787994e-02
1.683845743536949158e-02
1.387896575033664703e-02
1.565722748637199402e-02
1.945773139595985413e-02
7.824108004570007324e-03
5.825223866850137711e-03
8.022899739444255829e-03
2.769829146564006805e-02
1.107262261211872101e-02
2.012418769299983978e-02
6.999518256634473801e-03
1.178312301635742188e-02
1.382558979094028473e-02
2.232817001640796661e-02
1.642888970673084259e-02
1.224594563245773315e-02
1.989395916461944580e-02
8.871693164110183716e-03
7.155940402299165726e-03
1.665050350129604340e-02
9.710005484521389008e-03
2.168435789644718170e-02
2.284206077456474304e-02
7.453997619450092316e-03
1.434145495295524597e-02
2.167405188083648682e-02
2.017772570252418518e-02
1.562570780515670776e-02
1.337458379566669464e-02
5.219537299126386642e-03
1.748131215572357178e-02
1.983408816158771515e-02
1.019138749688863754e-02
3.461124747991561890e-02
7.271272130310535431e-03
1.553973741829395294e-02
1.607565581798553467e-02
1.859780214726924896e-02
9.200073778629302979e-03
1.789374276995658875e-02
8.243447169661521912e-03
1.367725897580385208e-02
1.659786328673362732e-02
1.736089587211608887e-02
2.242947369813919067e-02
1.988496631383895874e-02
2.937189675867557526e-02
9.092140942811965942e-03
5.564321763813495636e-03
1.720078289508819580e-02
2.039240486919879913e-02
1.670057885348796844e-02
2.771449834108352661e-02
1.177993416786193848e-02
1.111678965389728546e-02
1.851749233901500702e-02
2.558211050927639008e-02
7.040961645543575287e-03
3.143144398927688599e-02
1.595331169664859772e-02
1.461305562406778336e-02
9.891540743410587311e-03
2.580338902771472931e-02
1.173981092870235443e-02
9.872556664049625397e-03
8.298152126371860504e-03
1.916981860995292664e-02
8.995282463729381561e-03
2.156910113990306854e-02
1.981544680893421173e-02
1.898851245641708374e-02
7.556434255093336105e-03
8.417945355176925659e-03
2.423248440027236938e-02
2.586445212364196777e-02
8.908518590033054352e-03
2.234926261007785797e-02
1.612359844148159027e-02
1.337315980345010757e-02
1.506827678531408310e-02
1.352468319237232208e-02
1.275325939059257507e-02
2.352233976125717163e-02
1.270930934697389603e-02
1.193841733038425446e-02
1.635394990444183350e-02
9.436570107936859131e-03
8.132339455187320709e-03
1.042737811803817749e-02
9.362529963254928589e-03
1.961900293827056885e-02
6.031168159097433090e-03
1.034379005432128906e-02
1.503959577530622482e-02
7.124245166778564453e-03
5.026079248636960983e-03
9.110478684306144714e-03
1.703755371272563934e-02
2.278659306466579437e-02
1.332707796245813370e-02
2.923280559480190277e-02
1.857828535139560699e-02
2.007651887834072113e-02
9.301326237618923187e-03
1.951147802174091339e-02
1.548537891358137131e-02
2.806255593895912170e-02
1.553699560463428497e-02
2.202945388853549957e-02
2.401116490364074707e-02
2.444042265415191650e-02
1.750740408897399902e-02
1.200705207884311676e-02
1.459633000195026398e-02
9.613892994821071625e-03
2.957355231046676636e-02
1.805860549211502075e-02
1.130088046193122864e-02
1.094562932848930359e-02
2.006065472960472107e-02
1.521057449281215668e-02
1.492327451705932617e-02
1.893080584704875946e-02
2.270700223743915558e-02
1.946830376982688904e-02
1.592761278152465820e-02
7.575389463454484940e-03
1.744126901030540466e-02
1.354916486889123917e-02
1.586582325398921967e-02
2.535737864673137665e-02
2.688010782003402710e-02
1.002949103713035583e-02
1.216044370085000992e-02
2.560518495738506317e-02
2.334903180599212646e-02
1.207991316914558411e-02
1.992076076567173004e-02
9.982686489820480347e-03
1.836447417736053467e-02
8.914391510188579559e-03
6.369976326823234558e-03
8.428730070590972900e-03
1.821769773960113525e-02
1.520294975489377975e-02
1.554976310580968857e-02
2.667872980237007141e-02
2.201119624078273773e-02
1.183690410107374191e-02
1.015608943998813629e-02
2.141741476953029633e-02
1.276570931077003479e-02
1.520388387143611908e-02
1.165322307497262955e-02
8.685229346156120300e-03
1.292408071458339691e-02
1.336165890097618103e-02
7.452371530234813690e-03
9.929357096552848816e-03
2.194514498114585876e-02
2.420001477003097534e-02
1.287511549890041351e-02
2.107476443052291870e-02
2.205249853432178497e-02
2.186035737395286560e-02
1.472701504826545715e-02
1.651128008961677551e-02
1.030252221971750259e-02
2.144603990018367767e-02
9.859669953584671021e-03
2.677305787801742554e-02
9.525486268103122711e-03
1.592868939042091370e-02
2.611329965293407440e-02
1.233951468020677567e-02
1.377320010215044022e-02
2.288522385060787201e-02
1.285818871110677719e-02
6.395169068127870560e-03
1.565424725413322449e-02
7.869943045079708099e-03
1.340186875313520432e-02
1.755786873400211334e-02
2.902009710669517517e-02
1.148422993719577789e-02
5.393564235419034958e-03
5.745570175349712372e-03
1.329708844423294067e-02
9.557493962347507477e-03
1.551600918173789978e-02
1.561980322003364563e-02
1.489434484392404556e-02
1.430348027497529984e-02
8.912041783332824707e-03
2.882416173815727234e-02
1.204412430524826050e-02
2.554004080593585968e-02
5.746916402131319046e-03
2.271828986704349518e-02
8.816450834274291992e-03
7.989458739757537842e-03
1.758247241377830505e-02
1.392530277371406555e-02
1.440504472702741623e-02
1.153912395238876343e-02
9.599875658750534058e-03
1.300433091819286346e-02
2.418356761336326599e-02
1.058385241776704788e-02
1.370280236005783081e-02
1.603243499994277954e-02
7.919805124402046204e-03
1.681954786181449890e-02
6.238555070012807846e-03
1.183665357530117035e-02
1.985511370003223419e-02
1.908424124121665955e-02
1.261937990784645081e-02
1.651023887097835541e-02
1.484888792037963867e-02
1.169342920184135437e-02
1.383676659315824509e-02
2.449693530797958374e-02
1.852621324360370636e-02
2.697632089257240295e-02
8.364928886294364929e-03
1.261611282825469971e-02
2.609885856509208679e-02
1.345886755734682083e-02
1.161952037364244461e-02
1.278810668736696243e-02
1.480090431869029999e-02
2.290742844343185425e-02
6.914722733199596405e-03
1.624085009098052979e-02
2.900876663625240326e-02
2.853902615606784821e-02
1.874463632702827454e-02
9.180219843983650208e-03
2.764544449746608734e-02
1.226617116481065750e-02
1.854867301881313324e-02
3.018150851130485535e-02
6.646756082773208618e-03
1.746672764420509338e-02
1.176350563764572144e-02
2.348976582288742065e-02
8.830246515572071075e-03
1.119880191981792450e-02
8.351789787411689758e-03
1.456451043486595154e-02
9.707373566925525665e-03
1.871149614453315735e-02
8.831251412630081177e-03
2.236553840339183807e-02
1.762787625193595886e-02
1.295797433704137802e-02
1.072068046778440475e-02
1.504111383110284805e-02
8.433641865849494934e-03
1.745249144732952118e-02
1.412599626928567886e-02
1.434987224638462067e-02
8.218481205403804779e-03
2.134329080581665039e-02
1.044826861470937729e-02
7.862627506256103516e-03
1.549674570560455322e-02
1.985931955277919769e-02
1.690918393433094025e-02
9.340618737041950226e-03
1.166263688355684280e-02
1.398821268230676651e-02
1.259109005331993103e-02
1.411427371203899384e-02
1.172311417758464813e-02
1.181478239595890045e-02
1.676869951188564301e-02
3.174853324890136719e-02
4.707138519734144211e-03
1.178942341357469559e-02
2.885096706449985504e-02
1.057054568082094193e-02
1.254234090447425842e-02
1.186979748308658600e-02
1.499996520578861237e-02
1.435789559036493301e-02
2.106648311018943787e-02
1.411353144794702530e-02
1.520382054150104523e-02
1.592623069882392883e-02
1.110940519720315933e-02
2.724903076887130737e-02
3.143281862139701843e-02
2.003362774848937988e-02
3.088090196251869202e-02
1.473984122276306152e-02
1.231501344591379166e-02
1.295991986989974976e-02
2.177846431732177734e-02
1.914548501372337341e-02
1.166439615190029144e-02
5.545948166400194168e-03
1.630242355167865753e-02
1.894222013652324677e-02
1.652586273849010468e-02
9.883857332170009613e-03
1.015277672559022903e-02
3.375837951898574829e-02
2.603657916188240051e-02
1.577621139585971832e-02
1.177760213613510132e-02
6.914949975907802582e-03
1.886327005922794342e-02
2.088165841996669769e-02
1.969044841825962067e-02
1.860603690147399902e-02
1.655142568051815033e-02
1.312866061925888062e-02
2.075014635920524597e-02
2.826411277055740356e-02
8.613684214651584625e-03
1.386575028300285339e-02
1.115058083087205887e-02
1.084755640476942062e-02
1.027502492070198059e-02
7.197715807706117630e-03
4.211409483104944229e-03
2.127091772854328156e-02
1.396704092621803284e-02
1.868890598416328430e-02
1.457750331610441208e-02
1.339965313673019409e-02
1.595811173319816589e-02
1.793630979955196381e-02
1.566322147846221924e-02
8.971111848950386047e-03
1.773759350180625916e-02
1.837694831192493439e-02
1.640249416232109070e-02
2.044204249978065491e-02
8.336026221513748169e-03
1.023498270660638809e-02
1.960211060941219330e-02
2.275791577994823456e-02
1.304827444255352020e-02
2.430867031216621399e-02
1.055493578314781189e-02
1.888751611113548279e-02
1.683976128697395325e-02
1.107791438698768616e-02
2.250687405467033386e-02
2.342313714325428009e-02
1.779324375092983246e-02
1.387380156666040421e-02
1.288556959480047226e-02
1.291053742170333862e-02
1.425620634108781815e-02
9.317258372902870178e-03
1.121930591762065887e-02
3.402562439441680908e-02
1.179615966975688934e-02
1.777781546115875244e-02
1.530457101762294769e-02
1.750373281538486481e-02
1.258399523794651031e-02
2.973789349198341370e-02
1.108291931450366974e-02
1.303115487098693848e-02
1.544323191046714783e-02
2.510851435363292694e-02
8.518050424754619598e-03
9.148698300123214722e-03
2.162396162748336792e-02
9.317590855062007904e-03
9.645449928939342499e-03
2.407510206103324890e-02
1.379906944930553436e-02
1.483530644327402115e-02
1.312035974115133286e-02
1.608307287096977234e-02
1.636629737913608551e-02
3.166509792208671570e-02
1.761639676988124847e-02
2.084801532328128815e-02
7.184458430856466293e-03
7.618054281920194626e-03
3.129005059599876404e-02
1.025858893990516663e-02
8.313260041177272797e-03
1.881311461329460144e-02
1.013910863548517227e-02
9.399045258760452271e-03
1.165527198463678360e-02
1.841870322823524475e-02
1.880149543285369873e-02
1.346214395016431808e-02
2.013127878308296204e-02
1.461074128746986389e-02
1.270598638802766800e-02
1.745432056486606598e-02
1.046586968004703522e-02
1.587203517556190491e-02
1.665110327303409576e-02
2.224587462842464447e-02
1.306527946144342422e-02
1.817862875759601593e-02
1.465151552110910416e-02
1.539134886115789413e-02
1.601826027035713196e-02
1.732639595866203308e-02
1.648021116852760315e-02
1.650249399244785309e-02
1.806256733834743500e-02
1.800206117331981659e-02
1.908441819250583649e-02
1.492685452103614807e-02
1.002798229455947876e-02
1.731776818633079529e-02
1.866030693054199219e-02
5.944808945059776306e-03
1.364320144057273865e-02
8.978131227195262909e-03
1.206450071185827255e-02
1.022973190993070602e-02
2.162303030490875244e-02
1.731869578361511230e-02
1.199223939329385757e-02
1.670677028596401215e-02
4.514402709901332855e-03
1.764370314776897430e-02
1.333393715322017670e-02
1.225904095917940140e-02
2.680875733494758606e-02
7.823140360414981842e-03
1.557821501046419144e-02
1.348478812724351883e-02
1.816113106906414032e-02
1.311461254954338074e-02
2.110354602336883545e-02
1.601505465805530548e-02
1.152042765170335770e-02
1.515128463506698608e-02
9.720844216644763947e-03
1.616489700973033905e-02
1.287952251732349396e-02
1.846500486135482788e-02
1.483807805925607681e-02
1.052513998001813889e-02
1.087412890046834946e-02
1.702284254133701324e-02
1.450969744473695755e-02
1.004426740109920502e-02
1.514273788779973984e-02
9.299932047724723816e-03
9.925570338964462280e-03
1.553184445947408676e-02
1.893326826393604279e-02
1.153354439884424210e-02
1.665185764431953430e-02
2.279119566082954407e-02
2.759135887026786804e-02
1.097684819251298904e-02
1.596681773662567139e-02
1.143570337444543839e-02
1.000809390097856522e-02
1.789281703531742096e-02
1.123930234462022781e-02
1.958999969065189362e-02
7.918725721538066864e-03
1.631249301135540009e-02
1.157114654779434204e-02
2.161050774157047272e-02
2.175990492105484009e-02
1.668990962207317352e-02
1.599048264324665070e-02
2.668956480920314789e-02
2.103697508573532104e-02
1.386192720383405685e-02
2.070393972098827362e-02
1.808686368167400360e-02
1.231028884649276733e-02
1.576226390898227692e-02
1.472240779548883438e-02
1.644239574670791626e-02
1.538354810327291489e-02
2.108322642743587494e-02
2.531339973211288452e-02
1.084261294454336166e-02
1.871700026094913483e-02
1.273010950535535812e-02
7.512059994041919708e-03
1.578532159328460693e-02
1.767229661345481873e-02
1.035932078957557678e-02
8.105393499135971069e-03
1.144537795335054398e-02
1.259640417993068695e-02
1.998073793947696686e-02
1.004717592149972916e-02
1.132551766932010651e-02
2.160549163818359375e-02
1.752226240932941437e-02
1.695082895457744598e-02
9.836953133344650269e-03
2.486642077565193176e-02
1.045132800936698914e-02
1.851637102663516998e-02
1.262017618864774704e-02
1.535443775355815887e-02
1.826135255396366119e-02
3.331452608108520508e-02
1.265809591859579086e-02
1.504777371883392334e-02
1.771354302763938904e-02
1.368608511984348297e-02
1.707932911813259125e-02
1.445777341723442078e-02
2.002058550715446472e-02
1.996518671512603760e-02
1.031205989420413971e-02
1.461958885192871094e-02
1.597220823168754578e-02
1.244660466909408569e-02
2.105579897761344910e-02
1.610991731286048889e-02
2.952411212027072906e-02
3.286357969045639038e-02
1.417475193738937378e-02
9.817838668823242188e-03
7.114085834473371506e-03
2.374695055186748505e-02
2.681772969663143158e-02
1.404161844402551651e-02
1.559715997427701950e-02
2.392158284783363342e-02
8.788096718490123749e-03
1.915220543742179871e-02
1.290008798241615295e-02
1.830510236322879791e-02
1.433791592717170715e-02
1.307914126664400101e-02
1.671942509710788727e-02
1.093722786754369736e-02
1.699070818722248077e-02
1.311729382723569870e-02
1.228154823184013367e-02
8.698469959199428558e-03
1.460028067231178284e-02
1.887503638863563538e-02
2.171529270708560944e-02
1.754307001829147339e-02
2.613718435168266296e-02
8.122074417769908905e-03
2.441977709531784058e-02
1.509871613234281540e-02
2.650024928152561188e-02
2.074842527508735657e-02
1.654498279094696045e-02
1.194555219262838364e-02
1.721940562129020691e-02
7.095875684171915054e-03
1.391335297375917435e-02
1.743715628981590271e-02
8.641733787953853607e-03
8.761914446949958801e-03
3.324000164866447449e-02
1.801630668342113495e-02
1.565349102020263672e-02
1.566760241985321045e-02
1.034570764750242233e-02
1.750120148062705994e-02
1.132151391357183456e-02
8.800107985734939575e-03
1.533701643347740173e-02
2.261287905275821686e-02
1.565727218985557556e-02
1.051414106041193008e-02
9.664330631494522095e-03
1.424357201904058456e-02
1.109516434371471405e-02
1.423401758074760437e-02
1.221509091556072235e-02
1.679155603051185608e-02
1.298221759498119354e-02
1.181037910282611847e-02
1.872542127966880798e-02
1.820405572652816772e-02
1.656427420675754547e-02
1.764389686286449432e-02
2.609325014054775238e-02
9.093103930354118347e-03
5.701665300875902176e-03
9.255813434720039368e-03
2.657072618603706360e-02
1.514667179435491562e-02
1.242638006806373596e-02
2.378030866384506226e-02
2.272173576056957245e-02
1.408999878913164139e-02
1.109440531581640244e-02
1.292069721966981888e-02
3.593543916940689087e-02
1.574492640793323517e-02
1.859287172555923462e-02
1.405402459204196930e-02
2.233610488474369049e-02
7.422848604619503021e-03
2.084980346262454987e-02
1.406040973961353302e-02
1.760316640138626099e-02
1.746435090899467468e-02
9.852796792984008789e-03
1.324450690299272537e-02
1.671716943383216858e-02
1.353178918361663818e-02
1.491156779229640961e-02
1.367858983576297760e-02
1.256768219172954559e-02
1.501699816435575485e-02
1.697281189262866974e-02
1.022987905889749527e-02
1.107183098793029785e-02
1.808137446641921997e-02
2.777417935431003571e-02
1.736691221594810486e-02
1.401824597269296646e-02
1.547724660485982895e-02
1.282542198896408081e-02
1.596625149250030518e-02
1.073645520955324173e-02
1.954321004450321198e-02
1.340744830667972565e-02
1.464507821947336197e-02
3.264461830258369446e-02
1.805615425109863281e-02
1.713692024350166321e-02
1.613000221550464630e-02
1.703333482146263123e-02
1.319994870573282242e-02
1.227100938558578491e-02
1.420147530734539032e-02
2.212252467870712280e-02
9.891115128993988037e-03
1.973539032042026520e-02
2.252560481429100037e-02
1.295370422303676605e-02
2.080566994845867157e-02
1.400081440806388855e-02
7.804320659488439560e-03
7.247307337820529938e-03
4.934191238135099411e-03
1.602120883762836456e-02
2.897173725068569183e-02
1.098895445466041565e-02
1.998655870556831360e-02
1.117986626923084259e-02
1.017159409821033478e-02
1.293334737420082092e-02
2.196698822081089020e-02
2.132054418325424194e-02
1.353432144969701767e-02
1.035690587013959885e-02
1.419471669942140579e-02
1.919890567660331726e-02
9.537136182188987732e-03
2.054855972528457642e-02
2.519661188125610352e-02
1.654614880681037903e-02
5.140107125043869019e-03
1.934510469436645508e-02
2.562448009848594666e-02
7.358981762081384659e-03
2.399306558072566986e-02
1.728829741477966309e-02
6.934740580618381500e-03
1.931266114115715027e-02
1.096446439623832703e-02
3.227416053414344788e-02
1.470766682177782059e-02
1.590139977633953094e-02
2.087196707725524902e-02
1.421846915036439896e-02
1.633179932832717896e-02
8.511590771377086639e-03
1.148861460387706757e-02
1.924996450543403625e-02
1.974854059517383575e-02
1.509799994528293610e-02
1.138809695839881897e-02
2.202260680496692657e-02
9.038684889674186707e-03
2.467955276370048523e-02
1.219614502042531967e-02
1.902887038886547089e-02
2.158262394368648529e-02
1.052094530314207077e-02
1.958064176142215729e-02
1.367414742708206177e-02
1.681130565702915192e-02
2.605472691357135773e-02
1.966642774641513824e-02
1.188367884606122971e-02
2.631375938653945923e-02
6.621344015002250671e-03
1.086776424199342728e-02
1.420706603676080704e-02
1.349078118801116943e-02
1.890010200440883636e-02
2.355464175343513489e-02
1.837699115276336670e-02
1.338766608387231827e-02
1.401372347027063370e-02
2.363872155547142029e-02
1.459725573658943176e-02
1.192681957036256790e-02
1.867382228374481201e-02
9.959544986486434937e-03
1.348335202783346176e-02
1.112580485641956329e-02
1.705959066748619080e-02
2.564584277570247650e-02
2.313601784408092499e-02
1.859317347407341003e-02
9.200456552207469940e-03
2.451426163315773010e-02
1.117124594748020172e-02
7.722993846982717514e-03
1.681061461567878723e-02
1.757295057177543640e-02
1.567533425986766815e-02
1.384279876947402954e-02
1.193380821496248245e-02
2.472649142146110535e-02
1.066729053854942322e-02
1.287068054080009460e-02
1.264358591288328171e-02
2.042164467275142670e-02
1.100060064345598221e-02
2.614893391728401184e-02
1.917707361280918121e-02
2.458435669541358948e-02
1.850921474397182465e-02
1.615897566080093384e-02
6.056950427591800690e-03
1.194700412452220917e-02
1.327258627861738205e-02
1.143845729529857635e-02
6.693967618048191071e-03
2.167841978371143341e-02
1.832236349582672119e-02
1.563664898276329041e-02
1.148902438580989838e-02
1.180532015860080719e-02
9.809409268200397491e-03
1.471663266420364380e-02
7.919196970760822296e-03
1.019741035997867584e-02
1.567119732499122620e-02
1.458547543734312057e-02
1.772675849497318268e-02
1.143395900726318359e-02
1.051207352429628372e-02
1.845732703804969788e-02
1.681650429964065552e-02
1.851313188672065735e-02
3.083989024162292480e-02
1.538299769163131714e-02
1.727670617401599884e-02
8.156068623065948486e-03
9.670596569776535034e-03
1.129320077598094940e-02
1.580910943448543549e-02
8.060028776526451111e-03
1.269717700779438019e-02
6.361871957778930664e-03
1.167728845030069351e-02
9.228168055415153503e-03
1.522831991314888000e-02
2.523616328835487366e-02
2.530889213085174561e-02
3.239887952804565430e-02
1.238772086799144745e-02
2.277399227023124695e-02
8.504720404744148254e-03
1.964405551552772522e-02
7.633781991899013519e-03
2.361737936735153198e-02
8.878093212842941284e-03
1.673556677997112274e-02
2.111709304153919220e-02
2.202432788908481598e-02
1.219634991139173508e-02
1.937944628298282623e-02
1.335859671235084534e-02
1.957299560308456421e-02
1.839436963200569153e-02
1.242664176970720291e-02
1.664908602833747864e-02
1.727897115051746368e-02
2.459650300443172455e-02
1.642417162656784058e-02
2.263985574245452881e-02
1.565838605165481567e-02
1.296697929501533508e-02
1.659779995679855347e-02
1.199589297175407410e-02
1.426063850522041321e-02
1.178508810698986053e-02
2.356471680104732513e-02
1.231938879936933517e-02
1.455740444362163544e-02
2.541580609977245331e-02
2.221504226326942444e-02
8.999101817607879639e-03
1.150054112076759338e-02
1.141536142677068710e-02
7.639741525053977966e-03
1.562488637864589691e-02
1.281390991061925888e-02
2.527509629726409912e-02
1.502229552716016769e-02
1.639186218380928040e-02
1.132538355886936188e-02
1.043231319636106491e-02
1.373878587037324905e-02
1.729050092399120331e-02
1.915339194238185883e-02
1.643141545355319977e-02
1.077289786189794540e-02
2.554579637944698334e-02
1.877727173268795013e-02
1.758420653641223907e-02
2.013207413256168365e-02
1.510137878358364105e-02
1.463768258690834045e-02
1.468305196613073349e-02
5.402131471782922745e-03
1.037319656461477280e-02
1.041726302355527878e-02
1.273260079324245453e-02
9.197416715323925018e-03
1.055050548166036606e-02
1.642718911170959473e-02
8.798770606517791748e-03
1.252435985952615738e-02
1.696316897869110107e-02
1.666957885026931763e-02
1.592641882598400116e-02
1.059340126812458038e-02
1.679219864308834076e-02
9.076580405235290527e-03
1.950473897159099579e-02
7.698337547481060028e-03
1.434409711509943008e-02
9.949504397809505463e-03
1.015755906701087952e-02
1.475765183568000793e-02
9.572145529091358185e-03
9.070813655853271484e-03
1.730577088892459869e-02
1.154746115207672119e-02
2.262617275118827820e-02
1.119547523558139801e-02
1.515514869242906570e-02
1.362655870616436005e-02
1.277303602546453476e-02
1.442023739218711853e-02
1.607217267155647278e-02
1.095816399902105331e-02
1.334446854889392853e-02
7.535003591328859329e-03
1.164516247808933258e-02
3.000110574066638947e-02
2.802381478250026703e-02
1.787047833204269409e-02
2.749473229050636292e-02
2.412280999124050140e-02
1.709534972906112671e-02
1.310376357287168503e-02
1.046779938042163849e-02
1.363616716116666794e-02
1.139705535024404526e-02
9.471110068261623383e-03
7.149531506001949310e-03
1.524913311004638672e-02
1.132389344274997711e-02
1.591848023235797882e-02
1.570827513933181763e-02
1.303766760975122452e-02
1.139476336538791656e-02
1.621377840638160706e-02
2.498927898705005646e-02
1.777823455631732941e-02
1.345850899815559387e-02
3.178934007883071899e-02
1.756327971816062927e-02
1.651431061327457428e-02
1.566583849489688873e-02
2.638025209307670593e-02
1.871203817427158356e-02
1.021077297627925873e-02
1.694739982485771179e-02
1.596709154546260834e-02
1.543030235916376114e-02
1.694632135331630707e-02
1.615334115922451019e-02
1.200341153889894485e-02
1.626097038388252258e-02
1.030927151441574097e-02
1.628355123102664948e-02
2.193011343479156494e-02
1.472053863108158112e-02
1.307395752519369125e-02
1.218553632497787476e-02
1.244969200342893600e-02
1.246929727494716644e-02
2.449906617403030396e-02
1.036159228533506393e-02
6.545712240040302277e-03
1.555828563868999481e-02
2.328136377036571503e-02
7.285293657332658768e-03
2.213725261390209198e-02
1.735137403011322021e-02
1.615605689585208893e-02
3.010158427059650421e-02
1.503534521907567978e-02
1.116518955677747726e-02
1.000066101551055908e-02
7.974589243531227112e-03
1.256303116679191589e-02
9.602003730833530426e-03
1.461384911090135574e-02
8.225574158132076263e-03
1.312837935984134674e-02
2.489505894482135773e-02
1.422657910734415054e-02
1.098470576107501984e-02
1.529199164360761642e-02
1.080618333071470261e-02
1.039339695125818253e-02
1.962565630674362183e-02
1.022592745721340179e-02
1.078731752932071686e-02
1.797286421060562134e-02
1.446835789829492569e-02
1.218357961624860764e-02
1.115658506751060486e-02
1.749932952225208282e-02
1.453763525933027267e-02
1.648534275591373444e-02
1.432363130152225494e-02
1.408642251044511795e-02
1.159464009106159210e-02
1.773039065301418304e-02
1.357400696724653244e-02
2.376979961991310120e-02
1.155205909162759781e-02
1.504555530846118927e-02
1.754723861813545227e-02
9.121121838688850403e-03
1.665882207453250885e-02
1.130865793675184250e-02
2.378185279667377472e-02
1.138905528932809830e-02
2.304730564355850220e-02
1.701135188341140747e-02
2.204612269997596741e-02
1.082311663776636124e-02
1.596646010875701904e-02
1.620976068079471588e-02
1.477960404008626938e-02
1.770628429949283600e-02
2.148500643670558929e-02
1.389932166785001755e-02
2.527847327291965485e-02
1.763782836496829987e-02
1.639468781650066376e-02
1.239324454218149185e-02
1.251821871846914291e-02
1.436546910554170609e-02
1.656088791787624359e-02
1.570086181163787842e-02
1.380870677530765533e-02
1.478763483464717865e-02
1.896953955292701721e-02
1.375038921833038330e-02
1.157052721828222275e-02
2.439491264522075653e-02
2.174615859985351562e-02
2.232419140636920929e-02
7.229691836982965469e-03
1.868843659758567810e-02
1.021159999072551727e-02
2.535605616867542267e-02
6.702465005218982697e-03
1.079363562166690826e-02
1.219792943447828293e-02
1.069992966949939728e-02
1.694840751588344574e-02
1.777884550392627716e-02
1.679448783397674561e-02
1.694416068494319916e-02
1.622484065592288971e-02
1.415461488068103790e-02
1.370743103325366974e-02
1.607174426317214966e-02
1.028210297226905823e-02
2.169710211455821991e-02
8.096447214484214783e-03
9.771564044058322906e-03
9.083148092031478882e-03
1.629186794161796570e-02
1.052978169173002243e-02
1.126554608345031738e-02
1.429196726530790329e-02
1.747064478695392609e-02
1.563576608896255493e-02
1.634395681321620941e-02
1.051422487944364548e-02
9.859396144747734070e-03
1.953804492950439453e-02
1.871231757104396820e-02
1.623462326824665070e-02
1.071282010525465012e-02
1.536734309047460556e-02
1.348141673952341080e-02
1.358080189675092697e-02
1.432647556066513062e-02
1.621130295097827911e-02
1.717606186866760254e-02
1.288872398436069489e-02
1.243025902658700943e-02
1.413139980286359787e-02
1.523830555379390717e-02
1.790646277368068695e-02
5.692460574209690094e-03
1.215430162847042084e-02
1.354489382356405258e-02
1.181514654308557510e-02
1.563405804336071014e-02
1.787521690130233765e-02
1.736451126635074615e-02
1.030764356255531311e-02
1.840444281697273254e-02
2.655607275664806366e-02
1.323078107088804245e-02
1.609305478632450104e-02
2.223813906311988831e-02
9.507012553513050079e-03
1.217416301369667053e-02
2.652448788285255432e-02
9.720829315483570099e-03
1.241471339017152786e-02
2.012286521494388580e-02
2.194042876362800598e-02
2.069476060569286346e-02
1.832585595548152924e-02
2.062829025089740753e-02
1.603001169860363007e-02
1.514924969524145126e-02
1.776500418782234192e-02
2.166841179132461548e-02
3.101622126996517181e-02
1.847295463085174561e-02
2.330425009131431580e-02
2.305445075035095215e-02
1.525397971272468567e-02
1.851184293627738953e-02
1.490757148712873459e-02
2.043152786791324615e-02
1.428929902613162994e-02
1.071000564843416214e-02
1.096472796052694321e-02
1.638957858085632324e-02
1.716993004083633423e-02
9.931729175150394440e-03
8.750980719923973083e-03
1.559063512831926346e-02
1.792321167886257172e-02
1.926527172327041626e-02
1.551325526088476181e-02
1.357074268162250519e-02
1.053802203387022018e-02
1.166411489248275757e-02
1.080312114208936691e-02
1.492804102599620819e-02
3.139868751168251038e-02
1.587088219821453094e-02
1.475063990801572800e-02
1.523016113787889481e-02
2.578197047114372253e-02
1.386632025241851807e-02
2.290949225425720215e-02
1.942772604525089264e-02
1.002898719161748886e-02
2.342178672552108765e-02
1.727633178234100342e-02
1.741110160946846008e-02
1.341607887297868729e-02
2.147740311920642853e-02
1.848559454083442688e-02
1.246636081486940384e-02
1.267483085393905640e-02
2.365159988403320312e-02
8.617782033979892731e-03
1.041289232671260834e-02
7.091669365763664246e-03
8.492756634950637817e-03
6.785377394407987595e-03
1.347197312861680984e-02
2.378296293318271637e-02
1.197800319641828537e-02
1.534014381468296051e-02
1.635382696986198425e-02
1.421398855745792389e-02
7.237899117171764374e-03
1.898102648556232452e-02
1.492305286228656769e-02
9.039688855409622192e-03
2.398863807320594788e-02
1.473508868366479874e-02
2.228475920855998993e-02
1.530991494655609131e-02
8.448121137917041779e-03
1.224365457892417908e-02
1.228478178381919861e-02
5.511128343641757965e-03
1.604839600622653961e-02
1.143847312778234482e-02
1.223189849406480789e-02
1.737273484468460083e-02
7.488893810659646988e-03
1.462852675467729568e-02
1.438539195805788040e-02
7.848369888961315155e-03
1.163361035287380219e-02
2.011967264115810394e-02
1.678955368697643280e-02
1.433182880282402039e-02
9.963165037333965302e-03
5.274694878607988358e-03
1.704551838338375092e-02
1.229162979871034622e-02
1.226205844432115555e-02
1.942565478384494781e-02
1.143963821232318878e-02
1.198923867195844650e-02
1.419429108500480652e-02
9.206874296069145203e-03
7.976257242262363434e-03
2.366520650684833527e-02
8.853841572999954224e-03
1.335449051111936569e-02
1.429361011832952499e-02
8.903577923774719238e-03
8.259505964815616608e-03
1.000350527465343475e-02
2.068237774074077606e-02
1.807241886854171753e-02
8.295952342450618744e-03
9.656410664319992065e-03
1.631613075733184814e-02
2.262754365801811218e-02
1.517887786030769348e-02
1.049929950386285782e-02
1.193350460380315781e-02
1.741147041320800781e-02
1.830002106726169586e-02
1.128544565290212631e-02
1.491235848516225815e-02
1.790934801101684570e-02
2.109904773533344269e-02
1.615115255117416382e-02
8.825218304991722107e-03
1.902593299746513367e-02
1.424364279955625534e-02
1.389006990939378738e-02
2.166593261063098907e-02
1.180170290172100067e-02
1.765856333076953888e-02
1.168704871088266373e-02
1.957551948726177216e-02
8.766381070017814636e-03
8.408350870013237000e-03
1.673432067036628723e-02
2.510295622050762177e-02
1.796307228505611420e-02
1.095653418451547623e-02
1.802072860300540924e-02
2.802107483148574829e-02
1.248808763921260834e-02
8.646043017506599426e-03
6.822666618973016739e-03
1.144192833453416824e-02
1.093940716236829758e-02
2.546577900648117065e-02
2.377723529934883118e-02
1.487205270677804947e-02
1.303735375404357910e-02
1.631334796547889709e-02
1.229680888354778290e-02
2.332870848476886749e-02
2.249701507389545441e-02
1.688601262867450714e-02
1.168323960155248642e-02
2.832399494946002960e-02
1.054824423044919968e-02
1.307021360844373703e-02
9.453219361603260040e-03
8.375547826290130615e-03
1.869787275791168213e-02
9.471320547163486481e-03
1.601164601743221283e-02
1.341805048286914825e-02
3.242405131459236145e-02
1.803760603070259094e-02
2.492404170334339142e-02
1.392553094774484634e-02
1.392885856330394745e-02
1.151429396122694016e-02
1.348902564495801926e-02
1.881130225956439972e-02
7.950054481625556946e-03
1.680942997336387634e-02
2.434724569320678711e-02
9.331121109426021576e-03
1.688508875668048859e-02
1.417221501469612122e-02
2.811637520790100098e-02
1.562589220702648163e-02
1.274156756699085236e-02
1.285591535270214081e-02
1.871954463422298431e-02
1.042731571942567825e-02
1.711238920688629150e-02
2.271219156682491302e-02
1.579428650438785553e-02
1.464290358126163483e-02
1.553579047322273254e-02
2.307844348251819611e-02
1.668202877044677734e-02
2.038836851716041565e-02
1.463968213647603989e-02
1.407774258404970169e-02
1.698747277259826660e-02
1.439466699957847595e-02
1.403522491455078125e-02
1.439208630472421646e-02
2.269359678030014038e-02
1.222787797451019287e-02
1.685287989675998688e-02
9.204413741827011108e-03
1.517937798053026199e-02
7.782218512147665024e-03
1.896586455404758453e-02
1.380707230418920517e-02
2.199177816510200500e-02
6.634753197431564331e-03
1.620207354426383972e-02
1.055324170738458633e-02
1.168332342058420181e-02
1.954934746026992798e-02
1.287868060171604156e-02
2.457961067557334900e-02
1.279178541153669357e-02
1.358770858496427536e-02
1.617376320064067841e-02
2.199592813849449158e-02
1.351597439497709274e-02
1.502880174666643143e-02
5.046421196311712265e-03
2.358348481357097626e-02
2.187737263739109039e-02
1.358734443783760071e-02
1.625617034733295441e-02
1.523299887776374817e-02
1.544435042887926102e-02
6.797424983233213425e-03
2.176952920854091644e-02
1.679791323840618134e-02
6.330912001430988312e-03
1.912797056138515472e-02
1.086085196584463120e-02
1.387144345790147781e-02
1.446133479475975037e-02
1.535028219223022461e-02
1.381175871938467026e-02
1.735718175768852234e-02
1.279581151902675629e-02
1.097141858190298080e-02
2.797114476561546326e-02
1.972120814025402069e-02
1.476114336401224136e-02
1.455269381403923035e-02
1.073678676038980484e-02
1.171466242522001266e-02
7.877874188125133514e-03
9.908155538141727448e-03
1.341498084366321564e-02
1.450664736330509186e-02
1.062793936580419540e-02
6.783948279917240143e-03
1.545816939324140549e-02
1.992459036409854889e-02
7.468113675713539124e-03
1.525069773197174072e-02
2.157223224639892578e-02
1.380949281156063080e-02
5.599194206297397614e-03
1.537186745554208755e-02
1.109465118497610092e-02
1.216215360909700394e-02
1.047551538795232773e-02
1.188095286488533020e-02
1.338879577815532684e-02
2.229522913694381714e-02
1.449713483452796936e-02
9.118472225964069366e-03
2.616435661911964417e-02
1.029461808502674103e-02
1.357586029917001724e-02
2.307486161589622498e-02
2.687219344079494476e-02
1.631183736026287079e-02
1.457910146564245224e-02
6.585371680557727814e-03
1.053374726325273514e-02
7.039856631308794022e-03
1.064418535679578781e-02
1.392856519669294357e-02
2.296297252178192139e-02
1.703231967985630035e-02
7.209210190922021866e-03
2.954814583063125610e-02
2.324093505740165710e-02
1.725873164832592010e-02
1.394561585038900375e-02
1.061851438134908676e-02
1.190208829939365387e-02
1.201401464641094208e-02
1.135669182986021042e-02
1.335156895220279694e-02
9.418470785021781921e-03
2.459031715989112854e-02
1.172988396137952805e-02
7.278363686054944992e-03
1.230611372739076614e-02
1.067148242145776749e-02
1.642612740397453308e-02
1.849185302853584290e-02
4.267342388629913330e-03
2.500122226774692535e-02
1.896282285451889038e-02
1.025064010173082352e-02
1.634855382144451141e-02
1.508222240954637527e-02
1.012520492076873779e-02
1.988534070551395416e-02
7.459688000380992889e-03
2.463049255311489105e-02
2.305486425757408142e-02
2.031116187572479248e-02
1.195024233311414719e-02
2.096416987478733063e-02
1.359903905540704727e-02
1.080563198775053024e-02
2.203004248440265656e-02
1.551742758601903915e-02
7.517385296523571014e-03
1.553069800138473511e-02
1.980412192642688751e-02
1.623521186411380768e-02
2.023170888423919678e-02
1.318668667227029800e-02
2.365594729781150818e-02
1.600438915193080902e-02
1.900268346071243286e-02
1.604794338345527649e-02
1.872287504374980927e-02
2.356726862490177155e-02
1.270324550569057465e-02
2.334496378898620605e-02
7.912137545645236969e-03
1.597708277404308319e-02
1.399115007370710373e-02
6.928126327693462372e-03
9.589835070073604584e-03
1.526367384940385818e-02
7.617167662829160690e-03
1.203054655343294144e-02
1.970241405069828033e-02
1.341629307717084885e-02
1.119898632168769836e-02
1.465912070125341415e-02
1.084419153630733490e-02
9.065648540854454041e-03
1.092613302171230316e-02
1.683094725012779236e-02
1.980552449822425842e-02
2.347347512841224670e-02
2.420805580914020538e-02
8.633980527520179749e-03
9.904794394969940186e-03
1.215694751590490341e-02
8.986284025013446808e-03
1.933190226554870605e-02
1.050076913088560104e-02
1.009206473827362061e-02
2.286173775792121887e-02
8.956829085946083069e-03
1.415218506008386612e-02
2.020886726677417755e-02
1.798805221915245056e-02
1.119930576533079147e-02
1.262805610895156860e-02
1.227567996829748154e-02
2.961198799312114716e-02
7.118867710232734680e-03
1.457347255200147629e-02
3.449209034442901611e-02
1.849776878952980042e-02
2.574700675904750824e-02
2.173963934183120728e-02
8.541502989828586578e-03
3.115649148821830750e-02
2.691582590341567993e-02
1.114093139767646790e-02
1.536364760249853134e-02
8.636950515210628510e-03
1.680797897279262543e-02
1.776014082133769989e-02
1.815277151763439178e-02
2.608068659901618958e-02
1.287988480180501938e-02
2.177377790212631226e-02
1.153728831559419632e-02
1.189031172543764114e-02
7.555125281214714050e-03
1.470722723752260208e-02
3.731443313881754875e-03
1.409844681620597839e-02
1.108620036393404007e-02
2.143239229917526245e-02
1.998754031956195831e-02
3.513368964195251465e-02
1.619699783623218536e-02
2.856668829917907715e-02
8.653971366584300995e-03
1.534104626625776291e-02
1.764384657144546509e-02
2.484599314630031586e-02
2.084398083388805389e-02
1.287165191024541855e-02
1.840698532760143280e-02
1.138348877429962158e-02
1.672410964965820312e-02
1.393381599336862564e-02
2.713830396533012390e-02
8.495906367897987366e-03
1.512900833040475845e-02
1.831863634288311005e-02
1.333682890981435776e-02
1.747099123895168304e-02
1.179569121450185776e-02
1.389726251363754272e-02
1.493007782846689224e-02
7.032361812889575958e-03
2.191928587853908539e-02
1.219103764742612839e-02
3.264325205236673355e-03
1.846466585993766785e-02
1.411290559917688370e-02
8.616913110017776489e-03
1.601028628647327423e-02
1.032570097595453262e-02
1.874355040490627289e-02
1.302564144134521484e-02
7.748106960207223892e-03
1.115040667355060577e-02
1.793486811220645905e-02
1.252452563494443893e-02
7.968128658831119537e-03
2.838690020143985748e-02
1.152766030281782150e-02
1.173192076385021210e-02
2.014585584402084351e-02
1.344988588243722916e-02
1.817696169018745422e-02
6.901029497385025024e-03
1.104241888970136642e-02
1.254411041736602783e-02
1.167365349829196930e-02
1.587251387536525726e-02
1.519857160747051239e-02
9.985730983316898346e-03
1.257386803627014160e-02
1.425596978515386581e-02
1.135991234332323074e-02
1.093496289104223251e-02
8.980896323919296265e-03
8.231406100094318390e-03
1.036113221198320389e-02
7.351098582148551941e-03
8.802899159491062164e-03
1.797224022448062897e-02
2.083617635071277618e-02
1.024855580180883408e-02
1.816475205123424530e-02
1.349527854472398758e-02
9.980585426092147827e-03
1.312184333801269531e-02
1.220065541565418243e-02
2.851606532931327820e-02
1.806575618684291840e-02
1.462368573993444443e-02
1.195633225142955780e-02
2.609813399612903595e-02
7.829255424439907074e-03
1.431064587086439133e-02
2.921484224498271942e-02
1.821193657815456390e-02
1.254495419561862946e-02
6.873527541756629944e-03
1.273363269865512848e-02
1.900576800107955933e-02
1.537429448217153549e-02
1.589970290660858154e-02
1.208810321986675262e-02
1.281734369695186615e-02
1.955073513090610504e-02
1.319529395550489426e-02
1.916936971247196198e-02
7.473534438759088516e-03
2.308930829167366028e-02
2.003800310194492340e-02
1.366187818348407745e-02
1.541525125503540039e-02
2.286270819604396820e-02
2.762168645858764648e-02
7.719578221440315247e-03
1.708474196493625641e-02
1.369786821305751801e-02
1.400430593639612198e-02
1.116327382624149323e-02
1.282182708382606506e-02
1.910180598497390747e-02
9.433123283088207245e-03
1.125214900821447372e-02
2.036260440945625305e-02
7.195726502686738968e-03
1.470939069986343384e-02
1.448409631848335266e-02
