2.082963287830352783e-01
7.244563102722167969e-01
9.936474561691284180e-01
1.024149656295776367e+00
1.071742177009582520e+00
1.111541509628295898e+00
1.155522108078002930e+00
1.176910758018493652e+00
1.198135733604431152e+00
1.209424972534179688e+00
1.223547458648681641e+00
1.225742340087890625e+00
1.238500714302062988e+00
1.238338589668273926e+00
1.247440338134765625e+00
1.240452766418457031e+00
1.240505695343017578e+00
1.249598741531372070e+00
1.240578889846801758e+00
1.237970113754272461e+00
1.249638438224792480e+00
1.237434148788452148e+00
1.234033823013305664e+00
1.228438854217529297e+00
1.221164464950561523e+00
1.204637408256530762e+00
1.223938226699829102e+00
1.201110482215881348e+00
1.181174635887145996e+00
1.167634010314941406e+00
1.186080813407897949e+00
1.184643507003784180e+00
1.151250243186950684e+00
1.142017364501953125e+00
1.103931903839111328e+00
1.084115862846374512e+00
1.085752487182617188e+00
1.058559179306030273e+00
1.070106267929077148e+00
9.860582351684570312e-01
1.049136400222778320e+00
1.049100875854492188e+00
1.074406147003173828e+00
1.066501379013061523e+00
1.045370817184448242e+00
1.017689347267150879e+00
1.081827878952026367e+00
1.091990470886230469e+00
1.059104800224304199e+00
1.044979691505432129e+00
1.041555523872375488e+00
1.033346176147460938e+00
1.079102873802185059e+00
1.055536866188049316e+00
1.060405611991882324e+00
1.076394796371459961e+00
1.083147287368774414e+00
1.094713568687438965e+00
1.078220605850219727e+00
1.081789970397949219e+00
1.093106508255004883e+00
1.124151229858398438e+00
1.122625470161437988e+00
1.132074713706970215e+00
1.094055175781250000e+00
1.092736721038818359e+00
1.105504989624023438e+00
1.124937057495117188e+00
1.120499849319458008e+00
1.078707456588745117e+00
1.094475269317626953e+00
1.086308240890502930e+00
1.080794572830200195e+00
1.083699107170104980e+00
1.098139166831970215e+00
1.111866235733032227e+00
1.104328632354736328e+00
1.130024671554565430e+00
1.115433454513549805e+00
1.100849509239196777e+00
1.109453558921813965e+00
1.058231234550476074e+00
1.113463640213012695e+00
1.127355575561523438e+00
1.121807932853698730e+00
1.088425517082214355e+00
1.112834930419921875e+00
1.097189903259277344e+00
1.121987104415893555e+00
1.101943969726562500e+00
1.128190994262695312e+00
1.131481289863586426e+00
1.077942371368408203e+00
1.091294884681701660e+00
1.105689048767089844e+00
1.107374072074890137e+00
1.118875265121459961e+00
1.094087362289428711e+00
1.125868082046508789e+00
1.082091212272644043e+00
1.118232011795043945e+00
1.074660897254943848e+00
1.105731010437011719e+00
1.070382833480834961e+00
1.060525417327880859e+00
1.092482566833496094e+00
1.118992447853088379e+00
1.129268288612365723e+00
1.087962865829467773e+00
1.133326411247253418e+00
1.116878509521484375e+00
1.102795362472534180e+00
1.066321492195129395e+00
1.093311548233032227e+00
1.092162847518920898e+00
1.073481082916259766e+00
1.056809544563293457e+00
1.075061678886413574e+00
1.049946069717407227e+00
1.076845884323120117e+00
1.080806732177734375e+00
1.093560695648193359e+00
1.065527200698852539e+00
1.107589721679687500e+00
1.092305898666381836e+00
1.072291612625122070e+00
1.081733703613281250e+00
1.100442171096801758e+00
1.098633766174316406e+00
1.063323616981506348e+00
1.069184064865112305e+00
1.106053948402404785e+00
1.072769165039062500e+00
1.111370801925659180e+00
1.083209276199340820e+00
1.085800290107727051e+00
1.101106166839599609e+00
1.090638160705566406e+00
1.108191967010498047e+00
1.098526000976562500e+00
1.097514629364013672e+00
1.020155191421508789e+00
1.065451502799987793e+00
1.125332951545715332e+00
1.112249135971069336e+00
1.059455275535583496e+00
1.059417366981506348e+00
1.077446460723876953e+00
1.075565934181213379e+00
1.086576700210571289e+00
1.114022254943847656e+00
1.088598966598510742e+00
1.095883011817932129e+00
1.109566807746887207e+00
1.121038317680358887e+00
1.145141124725341797e+00
1.131415128707885742e+00
1.108333826065063477e+00
1.126682281494140625e+00
1.114350557327270508e+00
1.144056797027587891e+00
1.142143487930297852e+00
1.108417034149169922e+00
1.122880697250366211e+00
1.094418764114379883e+00
1.140182018280029297e+00
1.121554136276245117e+00
1.121429681777954102e+00
1.112595558166503906e+00
1.100741386413574219e+00
1.106507897377014160e+00
1.105271100997924805e+00
1.063540577888488770e+00
1.092888832092285156e+00
1.071198105812072754e+00
1.058837771415710449e+00
1.113643646240234375e+00
1.079104781150817871e+00
1.066924571990966797e+00
1.092962265014648438e+00
1.096457958221435547e+00
1.049978375434875488e+00
1.038738965988159180e+00
1.019838094711303711e+00
1.066470146179199219e+00
1.082824707031250000e+00
1.082518458366394043e+00
1.079871177673339844e+00
1.066071391105651855e+00
1.043455004692077637e+00
1.066126227378845215e+00
1.108872890472412109e+00
1.103616237640380859e+00
1.120620369911193848e+00
1.105583906173706055e+00
1.087474584579467773e+00
1.067376375198364258e+00
1.096541523933410645e+00
1.107769966125488281e+00
1.072907567024230957e+00
1.075165987014770508e+00
1.072190403938293457e+00
1.100337743759155273e+00
1.078762531280517578e+00
1.057979702949523926e+00
1.111122608184814453e+00
1.053364276885986328e+00
1.051179647445678711e+00
1.085359334945678711e+00
1.084069132804870605e+00
1.058213591575622559e+00
1.071771383285522461e+00
1.021471738815307617e+00
1.058607578277587891e+00
1.101280927658081055e+00
1.072189092636108398e+00
1.089597582817077637e+00
1.076411724090576172e+00
1.036240577697753906e+00
1.057330012321472168e+00
1.102287530899047852e+00
1.117569565773010254e+00
1.099221467971801758e+00
1.053078770637512207e+00
1.081062078475952148e+00
1.087773799896240234e+00
1.129523992538452148e+00
1.086475133895874023e+00
1.083666205406188965e+00
1.101639509201049805e+00
1.040422677993774414e+00
1.108227014541625977e+00
1.056278347969055176e+00
1.085329294204711914e+00
1.089469194412231445e+00
1.073774814605712891e+00
1.106872439384460449e+00
1.122517108917236328e+00
1.117334365844726562e+00
1.052460551261901855e+00
1.030170917510986328e+00
1.092452883720397949e+00
1.116635799407958984e+00
1.147158622741699219e+00
1.128719329833984375e+00
1.100945234298706055e+00
1.076132535934448242e+00
1.110307931900024414e+00
1.111627817153930664e+00
1.089576005935668945e+00
1.127676725387573242e+00
1.095463156700134277e+00
1.115793347358703613e+00
1.090833902359008789e+00
1.110310554504394531e+00
1.078854084014892578e+00
1.098529934883117676e+00
1.028651118278503418e+00
1.110639214515686035e+00
1.157483696937561035e+00
1.117907047271728516e+00
1.052589058876037598e+00
1.031684160232543945e+00
1.083859443664550781e+00
1.078348159790039062e+00
1.049892187118530273e+00
1.051342844963073730e+00
1.082309246063232422e+00
1.078326940536499023e+00
1.084327101707458496e+00
1.145779848098754883e+00
1.066056966781616211e+00
1.054667472839355469e+00
9.846404790878295898e-01
1.122766137123107910e+00
1.142118692398071289e+00
1.161846876144409180e+00
1.088632822036743164e+00
1.088060021400451660e+00
1.128013849258422852e+00
1.164567589759826660e+00
1.121498107910156250e+00
1.100309610366821289e+00
1.107568502426147461e+00
1.033666849136352539e+00
1.100285291671752930e+00
1.058712720870971680e+00
1.068079590797424316e+00
1.078697919845581055e+00
1.099563360214233398e+00
1.063869953155517578e+00
1.072085618972778320e+00
1.064253330230712891e+00
1.047968387603759766e+00
1.192612409591674805e+00
1.160439491271972656e+00
1.072694301605224609e+00
1.044032216072082520e+00
1.147887587547302246e+00
1.095231771469116211e+00
1.048808932304382324e+00
1.063831329345703125e+00
1.082850337028503418e+00
1.102498412132263184e+00
1.050141572952270508e+00
1.044254541397094727e+00
1.052963733673095703e+00
1.090645790100097656e+00
1.057436943054199219e+00
1.115743637084960938e+00
1.080832004547119141e+00
1.008683204650878906e+00
1.088149785995483398e+00
1.059523582458496094e+00
1.077760338783264160e+00
1.133243799209594727e+00
1.105369925498962402e+00
1.083205699920654297e+00
9.923760294914245605e-01
1.041340112686157227e+00
1.014884471893310547e+00
1.098340272903442383e+00
1.095811128616333008e+00
1.091436028480529785e+00
1.065383195877075195e+00
1.079190254211425781e+00
1.050590395927429199e+00
1.045907616615295410e+00
1.068530082702636719e+00
1.078967452049255371e+00
1.083487749099731445e+00
1.084649324417114258e+00
1.103282690048217773e+00
1.116374611854553223e+00
1.048709392547607422e+00
1.087325572967529297e+00
1.059152841567993164e+00
1.059886693954467773e+00
1.035779833793640137e+00
1.071616291999816895e+00
1.112321615219116211e+00
1.085383653640747070e+00
1.059456825256347656e+00
1.103187441825866699e+00
1.090643048286437988e+00
1.121597886085510254e+00
1.135218143463134766e+00
1.042835235595703125e+00
1.037526249885559082e+00
1.082977056503295898e+00
1.071519613265991211e+00
1.081366539001464844e+00
1.073883295059204102e+00
1.134069204330444336e+00
1.101505637168884277e+00
1.128797531127929688e+00
1.101392745971679688e+00
1.074823617935180664e+00
1.037536144256591797e+00
1.127747774124145508e+00
1.122249841690063477e+00
1.102380275726318359e+00
1.058289289474487305e+00
1.085640788078308105e+00
1.125215053558349609e+00
1.072080850601196289e+00
1.123346567153930664e+00
1.061249494552612305e+00
1.063862562179565430e+00
1.123742103576660156e+00
1.047367453575134277e+00
1.103083372116088867e+00
1.105964422225952148e+00
1.128280639648437500e+00
1.111191749572753906e+00
1.115721702575683594e+00
1.112348318099975586e+00
1.119230389595031738e+00
1.103366255760192871e+00
1.126882076263427734e+00
1.100410223007202148e+00
1.090193510055541992e+00
1.124625563621520996e+00
1.142896533012390137e+00
1.125574827194213867e+00
1.162736415863037109e+00
1.177246093750000000e+00
1.112900495529174805e+00
1.122766494750976562e+00
1.153323650360107422e+00
1.135420322418212891e+00
1.121773958206176758e+00
1.091059327125549316e+00
1.128998756408691406e+00
1.129212975502014160e+00
1.091662168502807617e+00
1.121682405471801758e+00
1.113324522972106934e+00
1.112027883529663086e+00
1.100707769393920898e+00
1.092068791389465332e+00
1.080791473388671875e+00
1.058862447738647461e+00
1.083014249801635742e+00
1.070595741271972656e+00
1.123501777648925781e+00
1.079741835594177246e+00
1.106176018714904785e+00
9.933323264122009277e-01
1.062469482421875000e+00
1.054669618606567383e+00
1.073120594024658203e+00
1.115366458892822266e+00
1.022009372711181641e+00
1.055242180824279785e+00
1.079349994659423828e+00
1.065620899200439453e+00
1.003957509994506836e+00
1.064487576484680176e+00
1.045444965362548828e+00
1.079535245895385742e+00
1.097927808761596680e+00
1.133684396743774414e+00
1.101539492607116699e+00
1.157461524009704590e+00
1.145132899284362793e+00
1.175171494483947754e+00
1.192902565002441406e+00
1.180662155151367188e+00
1.199202299118041992e+00
1.188994288444519043e+00
1.177758932113647461e+00
1.179518461227416992e+00
1.139630556106567383e+00
1.189291834831237793e+00
1.144868612289428711e+00
1.100609660148620605e+00
1.147274613380432129e+00
1.124479055404663086e+00
1.113726615905761719e+00
1.105985403060913086e+00
1.113157510757446289e+00
1.162203550338745117e+00
1.140490055084228516e+00
1.061662316322326660e+00
1.084853649139404297e+00
1.052582979202270508e+00
1.079488277435302734e+00
1.127029418945312500e+00
1.068017721176147461e+00
1.060367107391357422e+00
1.077250242233276367e+00
1.119708538055419922e+00
1.120815634727478027e+00
1.123611688613891602e+00
1.159086108207702637e+00
1.048574090003967285e+00
9.742633104324340820e-01
1.075170755386352539e+00
1.145468473434448242e+00
1.113461494445800781e+00
1.122798562049865723e+00
1.129563212394714355e+00
1.134737253189086914e+00
1.111148953437805176e+00
1.142103672027587891e+00
1.165621757507324219e+00
1.094230890274047852e+00
1.117249488830566406e+00
1.107376337051391602e+00
1.129498481750488281e+00
1.128544211387634277e+00
1.138744711875915527e+00
1.118464946746826172e+00
1.159142732620239258e+00
1.118869304656982422e+00
1.108635425567626953e+00
1.143022060394287109e+00
1.120788812637329102e+00
1.082803010940551758e+00
1.110201835632324219e+00
1.093199133872985840e+00
1.134718298912048340e+00
1.139534354209899902e+00
1.074594378471374512e+00
1.099889755249023438e+00
1.105797052383422852e+00
1.142202615737915039e+00
1.157700061798095703e+00
1.100875139236450195e+00
1.143226623535156250e+00
1.139486908912658691e+00
1.182882189750671387e+00
1.140267729759216309e+00
1.144713163375854492e+00
1.147806882858276367e+00
1.099647521972656250e+00
1.105128169059753418e+00
1.038735270500183105e+00
1.081682920455932617e+00
1.080482959747314453e+00
1.061996936798095703e+00
1.156890988349914551e+00
1.104916810989379883e+00
1.133562088012695312e+00
1.105372905731201172e+00
1.106688261032104492e+00
1.151983261108398438e+00
1.112195730209350586e+00
1.105377674102783203e+00
1.108378767967224121e+00
1.077342748641967773e+00
1.084487199783325195e+00
1.063436031341552734e+00
1.063596725463867188e+00
1.066023349761962891e+00
1.132730960845947266e+00
1.099353551864624023e+00
1.120769262313842773e+00
1.115494132041931152e+00
1.072850823402404785e+00
1.118354558944702148e+00
1.107343435287475586e+00
1.101162672042846680e+00
1.128386735916137695e+00
1.103707551956176758e+00
1.124761700630187988e+00
1.137711882591247559e+00
1.137690663337707520e+00
1.115813493728637695e+00
1.106778264045715332e+00
1.152844667434692383e+00
1.127760052680969238e+00
1.125379562377929688e+00
1.122453689575195312e+00
1.160059213638305664e+00
1.108030438423156738e+00
1.124059081077575684e+00
1.105404376983642578e+00
1.050987839698791504e+00
1.043216109275817871e+00
1.037492513656616211e+00
1.072714805603027344e+00
1.003997802734375000e+00
1.007805466651916504e+00
9.676922559738159180e-01
9.325332641601562500e-01
9.949741363525390625e-01
1.063329577445983887e+00
1.092616200447082520e+00
1.120445728302001953e+00
1.094152450561523438e+00
1.089431881904602051e+00
1.117205381393432617e+00
1.152063846588134766e+00
1.200758695602416992e+00
1.149562835693359375e+00
1.192374706268310547e+00
1.164020061492919922e+00
1.163702964782714844e+00
1.168868660926818848e+00
1.159096956253051758e+00
1.157776832580566406e+00
1.159835457801818848e+00
1.164692282676696777e+00
1.145777106285095215e+00
1.094908952713012695e+00
1.096390008926391602e+00
1.040562748908996582e+00
1.081389904022216797e+00
1.002985000610351562e+00
9.427255392074584961e-01
9.593149423599243164e-01
9.525758624076843262e-01
9.555472731590270996e-01
9.523526430130004883e-01
9.456075429916381836e-01
1.026565194129943848e+00
9.204076528549194336e-01
1.002952337265014648e+00
1.069835066795349121e+00
1.000229358673095703e+00
1.060352325439453125e+00
1.056142568588256836e+00
9.651596546173095703e-01
1.056802749633789062e+00
1.050878763198852539e+00
1.022416591644287109e+00
1.007392406463623047e+00
1.086802840232849121e+00
1.076297402381896973e+00
1.139384031295776367e+00
1.162329912185668945e+00
1.090248942375183105e+00
1.043498873710632324e+00
1.059651136398315430e+00
1.009489655494689941e+00
1.062911510467529297e+00
1.059170007705688477e+00
9.753085970878601074e-01
1.019589424133300781e+00
9.777636528015136719e-01
1.063907980918884277e+00
1.076015830039978027e+00
1.075363039970397949e+00
1.134864568710327148e+00
1.092611193656921387e+00
1.136600732803344727e+00
1.073695659637451172e+00
1.097355842590332031e+00
1.077128887176513672e+00
1.123969793319702148e+00
1.073760032653808594e+00
1.024638175964355469e+00
1.072715401649475098e+00
1.011683702468872070e+00
1.030680894851684570e+00
9.174456000328063965e-01
9.547520875930786133e-01
8.746897578239440918e-01
8.459414839744567871e-01
9.170274138450622559e-01
8.406407237052917480e-01
8.473842144012451172e-01
9.106382727622985840e-01
7.870514392852783203e-01
8.242521286010742188e-01
9.144505262374877930e-01
8.636180758476257324e-01
8.703265190124511719e-01
8.014118075370788574e-01
8.530918359756469727e-01
8.993777036666870117e-01
8.592303991317749023e-01
7.054672241210937500e-01
6.799414157867431641e-01
7.700626254081726074e-01
7.113050222396850586e-01
6.757740378379821777e-01
6.067711114883422852e-01
6.244435310363769531e-01
7.871370315551757812e-01
8.242983222007751465e-01
7.454683184623718262e-01
7.010055780410766602e-01
8.436838984489440918e-01
6.372238397598266602e-01
7.151145935058593750e-01
7.729775905609130859e-01
8.261823654174804688e-01
7.847413420677185059e-01
8.055686354637145996e-01
7.785460948944091797e-01
9.396270513534545898e-01
1.062837004661560059e+00
7.842425107955932617e-01
7.807297110557556152e-01
8.298387527465820312e-01
9.398819804191589355e-01
1.154822587966918945e+00
1.413393974304199219e+00
1.106160879135131836e+00
1.181125402450561523e+00
1.244694471359252930e+00
1.221765041351318359e+00
1.408656477928161621e+00
1.228880167007446289e+00
1.238615512847900391e+00
1.642740726470947266e+00
1.822247505187988281e+00
1.815215587615966797e+00
1.792532205581665039e+00
2.081516504287719727e+00
1.816903948783874512e+00
1.947377920150756836e+00
1.663360118865966797e+00
1.846909284591674805e+00
2.140224218368530273e+00
2.381999254226684570e+00
1.951609611511230469e+00
1.903759717941284180e+00
1.346259951591491699e+00
1.162471175193786621e+00
1.187063455581665039e+00
1.193472385406494141e+00
1.034307122230529785e+00
1.182533144950866699e+00
8.820826411247253418e-01
1.115857124328613281e+00
1.106379628181457520e+00
5.323184728622436523e-01
8.883189558982849121e-01
7.909370660781860352e-01
1.103315830230712891e+00
1.515262842178344727e+00
9.898294210433959961e-01
6.378037929534912109e-01
3.948298096656799316e-01
7.585074901580810547e-01
9.303802847862243652e-01
1.149787068367004395e+00
5.348132848739624023e-01
9.445964097976684570e-01
8.383518457412719727e-01
3.514277637004852295e-01
1.048095583915710449e+00
5.227783322334289551e-01
7.083566188812255859e-01
9.325077533721923828e-01
1.555072784423828125e+00
1.412896037101745605e+00
1.008867025375366211e+00
6.749013662338256836e-01
6.963338255882263184e-01
6.906358003616333008e-01
4.652729928493499756e-01
9.597296118736267090e-01
1.343539476394653320e+00
8.942582607269287109e-01
9.672709703445434570e-01
9.133653640747070312e-01
1.400234580039978027e+00
9.734003543853759766e-01
1.510786056518554688e+00
7.127609252929687500e-01
6.901764869689941406e-01
4.356583356857299805e-01
1.158242106437683105e+00
7.979322671890258789e-01
4.978147447109222412e-01
7.193011641502380371e-01
4.953798949718475342e-01
6.831425428390502930e-01
4.901718497276306152e-01
4.766607880592346191e-01
6.102883815765380859e-01
4.847093224525451660e-01
6.781246066093444824e-01
7.918460369110107422e-01
3.752927482128143311e-01
4.947111010551452637e-01
5.707052946090698242e-01
8.292251825332641602e-01
6.094953417778015137e-01
5.547543764114379883e-01
2.526870965957641602e-01
4.018270969390869141e-01
1.130390048027038574e+00
6.081318855285644531e-01
5.872521996498107910e-01
9.859356880187988281e-01
8.045737147331237793e-01
7.349588871002197266e-01
6.225060820579528809e-01
6.179095506668090820e-01
7.949514389038085938e-01
8.171862959861755371e-01
9.226786494255065918e-01
1.012758493423461914e+00
8.308769464492797852e-01
1.369561672210693359e+00
3.561025261878967285e-01
7.207436561584472656e-01
6.488254666328430176e-01
9.074470400810241699e-01
1.042581796646118164e+00
5.394228696823120117e-01
8.365013003349304199e-01
1.129772663116455078e+00
1.102354049682617188e+00
9.401106834411621094e-01
5.834738016128540039e-01
6.439307928085327148e-01
3.861639201641082764e-01
4.229076504707336426e-01
2.826189994812011719e-01
9.429726600646972656e-01
3.933789730072021484e-01
4.668981730937957764e-01
4.719125032424926758e-01
6.559911966323852539e-01
1.095438003540039062e+00
7.774062156677246094e-01
2.828088402748107910e-01
3.804215192794799805e-01
5.935432910919189453e-01
9.257766604423522949e-01
3.403902053833007812e-01
5.063616037368774414e-01
2.469118535518646240e-01
6.025177836418151855e-01
5.138463377952575684e-01
5.315327644348144531e-01
4.079677760601043701e-01
3.296775221824645996e-01
3.061611950397491455e-01
6.638686656951904297e-01
6.169831752777099609e-01
6.838909387588500977e-01
8.187064528465270996e-01
4.349915385246276855e-01
3.485333919525146484e-01
3.052862286567687988e-01
5.506882667541503906e-01
2.756917476654052734e-01
4.395262598991394043e-01
5.201116800308227539e-01
5.278007388114929199e-01
6.168901324272155762e-01
5.698746442794799805e-01
9.410492777824401855e-01
7.811874151229858398e-01
5.680552721023559570e-01
7.409195899963378906e-01
5.180811882019042969e-01
6.511615514755249023e-01
6.144888401031494141e-01
4.491001367568969727e-01
7.381398081779479980e-01
6.585019230842590332e-01
5.256214141845703125e-01
8.516349196434020996e-01
7.869451045989990234e-01
7.760989069938659668e-01
8.073856830596923828e-01
7.210656404495239258e-01
7.493459582328796387e-01
8.120344877243041992e-01
5.997725129127502441e-01
4.440363049507141113e-01
6.741414070129394531e-01
7.031053304672241211e-01
8.190429210662841797e-01
1.014526486396789551e+00
1.008484959602355957e+00
1.190333485603332520e+00
3.832162022590637207e-01
1.084614396095275879e+00
1.158597230911254883e+00
8.570029735565185547e-01
1.063259124755859375e+00
1.200685024261474609e+00
1.142752647399902344e+00
5.549242496490478516e-01
1.036523580551147461e+00
5.654693841934204102e-01
1.643268465995788574e+00
6.955409049987792969e-01
1.257387399673461914e+00
1.189889073371887207e+00
1.298958063125610352e+00
9.075658321380615234e-01
1.216117382049560547e+00
7.845247983932495117e-01
1.142683863639831543e+00
4.391801953315734863e-01
1.564952254295349121e+00
1.058981657028198242e+00
6.976197957992553711e-01
1.120204329490661621e+00
1.276417374610900879e+00
1.106166839599609375e+00
5.943800210952758789e-01
1.087217330932617188e+00
1.416095495223999023e+00
1.210860252380371094e+00
1.423203706741333008e+00
1.557576060295104980e+00
7.855861186981201172e-01
1.110695362091064453e+00
9.822465777397155762e-01
1.043249130249023438e+00
1.050611615180969238e+00
9.189796447753906250e-01
9.161376357078552246e-01
1.097244501113891602e+00
1.586159706115722656e+00
7.782157659530639648e-01
1.211850762367248535e+00
1.231540918350219727e+00
9.066815376281738281e-01
1.130613565444946289e+00
1.461593985557556152e+00
8.139907121658325195e-01
1.001550078392028809e+00
9.713279008865356445e-01
6.056720018386840820e-01
7.166007757186889648e-01
5.695711970329284668e-01
8.826090693473815918e-01
5.322028398513793945e-01
1.061932206153869629e+00
9.475471973419189453e-01
9.503834247589111328e-01
8.699039816856384277e-01
7.108079195022583008e-01
7.826972007751464844e-01
9.351558089256286621e-01
9.458796381950378418e-01
9.693409204483032227e-01
8.526932597160339355e-01
8.390812873840332031e-01
9.854927062988281250e-01
9.513434171676635742e-01
1.154677152633666992e+00
1.165475130081176758e+00
9.138069152832031250e-01
7.114739418029785156e-01
1.379734992980957031e+00
1.250714302062988281e+00
1.399703383445739746e+00
1.406505346298217773e+00
5.305979251861572266e-01
1.094452381134033203e+00
1.396357059478759766e+00
1.615239143371582031e+00
9.601140022277832031e-01
1.414501428604125977e+00
1.006277203559875488e+00
9.010659456253051758e-01
7.803687453269958496e-01
6.508524417877197266e-01
1.269660234451293945e+00
1.138621091842651367e+00
1.261354923248291016e+00
8.371571898460388184e-01
1.416188955307006836e+00
9.006958007812500000e-01
9.659630656242370605e-01
1.268173694610595703e+00
1.141272306442260742e+00
1.160958647727966309e+00
7.547717094421386719e-01
6.079230308532714844e-01
1.057198286056518555e+00
1.047137975692749023e+00
1.220306396484375000e+00
3.799458742141723633e-01
1.262257218360900879e+00
5.078828334808349609e-01
1.395670175552368164e+00
1.123158931732177734e+00
6.309443116188049316e-01
1.063245058059692383e+00
8.935434222221374512e-01
1.051859617233276367e+00
8.299930095672607422e-01
9.691736698150634766e-01
6.006834506988525391e-01
1.133888483047485352e+00
8.399910330772399902e-01
5.471735596656799316e-01
1.344224691390991211e+00
1.095762848854064941e+00
7.558168768882751465e-01
7.093089818954467773e-01
8.839054107666015625e-01
1.164412617683410645e+00
1.274594068527221680e+00
1.023894309997558594e+00
1.237973451614379883e+00
6.207302808761596680e-01
6.527639627456665039e-01
1.154950737953186035e+00
7.689387798309326172e-01
7.008386850357055664e-01
9.542390108108520508e-01
1.127003550529479980e+00
1.253848791122436523e+00
5.858430266380310059e-01
1.866612434387207031e+00
1.000064849853515625e+00
7.929775714874267578e-01
5.974473953247070312e-01
7.657300829887390137e-01
9.531220793724060059e-01
4.789295196533203125e-01
1.020577907562255859e+00
7.046586871147155762e-01
7.339521646499633789e-01
9.359203577041625977e-01
6.150819659233093262e-01
5.213491916656494141e-01
1.088518142700195312e+00
1.281500458717346191e+00
1.022822141647338867e+00
1.367414951324462891e+00
6.779918670654296875e-01
7.889120578765869141e-01
1.150533914566040039e+00
1.064235806465148926e+00
1.091288208961486816e+00
1.251903057098388672e+00
1.503402590751647949e+00
5.101375579833984375e-01
1.179888129234313965e+00
1.154610157012939453e+00
1.035410165786743164e+00
8.138849139213562012e-01
6.095501184463500977e-01
9.228596687316894531e-01
8.817197680473327637e-01
7.111353874206542969e-01
5.910241603851318359e-01
6.966108083724975586e-01
6.254538297653198242e-01
3.717818260192871094e-01
5.675879716873168945e-01
8.610460758209228516e-01
8.686951398849487305e-01
1.178260445594787598e+00
1.421541690826416016e+00
9.585740566253662109e-01
6.457452774047851562e-01
7.674927115440368652e-01
9.443234801292419434e-01
1.021096467971801758e+00
1.124572873115539551e+00
1.242394089698791504e+00
1.226620912551879883e+00
8.255237340927124023e-01
8.437052965164184570e-01
1.071915864944458008e+00
8.330184817314147949e-01
9.665285348892211914e-01
5.257011055946350098e-01
6.611689329147338867e-01
1.025082826614379883e+00
8.996881842613220215e-01
1.744982004165649414e+00
4.089402556419372559e-01
8.984651565551757812e-01
9.872803092002868652e-01
6.757015585899353027e-01
1.354370594024658203e+00
1.346268057823181152e+00
1.161077141761779785e+00
5.982514023780822754e-01
7.843901515007019043e-01
8.536976575851440430e-01
7.840046882629394531e-01
9.127406477928161621e-01
1.250352382659912109e+00
9.484409093856811523e-01
9.731857180595397949e-01
4.643727242946624756e-01
1.135356664657592773e+00
1.052631735801696777e+00
1.239245533943176270e+00
7.546641826629638672e-01
6.538137793540954590e-01
7.822942137718200684e-01
1.323691725730895996e+00
7.288368940353393555e-01
7.271198630332946777e-01
6.180696487426757812e-01
9.605339765548706055e-01
8.339455127716064453e-01
8.268934488296508789e-01
1.148939371109008789e+00
1.242329359054565430e+00
6.197589635848999023e-01
1.209032535552978516e+00
5.233588814735412598e-01
6.297292709350585938e-01
9.883662462234497070e-01
5.501177310943603516e-01
1.550289392471313477e+00
7.052878737449645996e-01
7.650348544120788574e-01
4.654706120491027832e-01
1.025318384170532227e+00
5.896643400192260742e-01
6.108843088150024414e-01
1.057139277458190918e+00
1.088273882865905762e+00
8.575437068939208984e-01
8.469619750976562500e-01
6.904880404472351074e-01
5.865630507469177246e-01
9.584856033325195312e-01
1.029267072677612305e+00
7.554869055747985840e-01
1.142769813537597656e+00
1.048159718513488770e+00
6.163737773895263672e-01
1.048632383346557617e+00
1.130271434783935547e+00
5.189609527587890625e-01
5.844461321830749512e-01
6.148563623428344727e-01
1.136418581008911133e+00
8.324140310287475586e-01
9.794484376907348633e-01
8.327981829643249512e-01
8.221918940544128418e-01
6.506049633026123047e-01
9.020666480064392090e-01
4.853326678276062012e-01
8.340607881546020508e-01
8.629805445671081543e-01
1.056343793869018555e+00
7.914897203445434570e-01
8.899985551834106445e-01
9.735246896743774414e-01
7.738639116287231445e-01
8.769950270652770996e-01
1.230264902114868164e+00
7.870615720748901367e-01
6.290000081062316895e-01
4.198637902736663818e-01
5.928790569305419922e-01
8.717133402824401855e-01
6.632130742073059082e-01
9.098398089408874512e-01
8.626355528831481934e-01
8.963466882705688477e-01
1.110384583473205566e+00
7.814154028892517090e-01
9.978705644607543945e-01
1.146334648132324219e+00
1.063090562820434570e+00
7.150282263755798340e-01
1.000072002410888672e+00
6.661098003387451172e-01
5.910569429397583008e-01
1.301251649856567383e+00
6.741153597831726074e-01
7.553526759147644043e-01
7.134780883789062500e-01
1.028237104415893555e+00
7.716829776763916016e-01
1.014048814773559570e+00
1.044164180755615234e+00
4.948916137218475342e-01
8.444957137107849121e-01
7.025033831596374512e-01
7.974897623062133789e-01
9.972707033157348633e-01
1.207186222076416016e+00
7.298111319541931152e-01
1.367269039154052734e+00
7.340595722198486328e-01
5.413202047348022461e-01
7.363910079002380371e-01
7.942357063293457031e-01
6.796621680259704590e-01
7.352580428123474121e-01
1.161136865615844727e+00
9.357625842094421387e-01
1.212348699569702148e+00
9.854474067687988281e-01
8.310365080833435059e-01
6.468056440353393555e-01
1.005739569664001465e+00
9.226405620574951172e-01
1.256736993789672852e+00
7.869548797607421875e-01
8.955118060111999512e-01
1.226193070411682129e+00
1.580728292465209961e+00
8.152242898941040039e-01
1.520510911941528320e+00
1.024649858474731445e+00
6.197887063026428223e-01
1.031257629394531250e+00
7.478713989257812500e-01
7.232427000999450684e-01
1.034917354583740234e+00
1.361264467239379883e+00
8.077136874198913574e-01
6.068133115768432617e-01
7.653027772903442383e-01
8.603895902633666992e-01
7.728674411773681641e-01
6.720331907272338867e-01
4.991655349731445312e-01
7.307688593864440918e-01
7.589596509933471680e-01
3.931686878204345703e-01
7.752556204795837402e-01
9.106720685958862305e-01
9.118360877037048340e-01
7.765052318572998047e-01
5.940523147583007812e-01
9.988445639610290527e-01
1.010266065597534180e+00
9.588042497634887695e-01
5.244568586349487305e-01
7.057461738586425781e-01
6.635254621505737305e-01
1.361667037010192871e+00
1.740908384323120117e+00
9.371018409729003906e-01
8.005387187004089355e-01
7.306916117668151855e-01
1.309273004531860352e+00
1.200284719467163086e+00
9.435393810272216797e-01
8.527986407279968262e-01
1.011355757713317871e+00
1.360766649246215820e+00
5.275143384933471680e-01
1.378096938133239746e+00
8.863759040832519531e-01
6.719888448715209961e-01
4.636985063552856445e-01
8.831617832183837891e-01
1.121266007423400879e+00
9.659492969512939453e-01
1.193229436874389648e+00
1.203545093536376953e+00
1.006871461868286133e+00
7.700815200805664062e-01
1.001612663269042969e+00
1.089851617813110352e+00
9.921172857284545898e-01
7.310984134674072266e-01
1.064468622207641602e+00
1.071820735931396484e+00
6.454170346260070801e-01
1.274171113967895508e+00
6.604972481727600098e-01
8.371175527572631836e-01
6.322599649429321289e-01
8.346623182296752930e-01
5.865278244018554688e-01
9.021794795989990234e-01
1.165368556976318359e+00
1.271887898445129395e+00
1.132329106330871582e+00
1.052516579627990723e+00
1.217707395553588867e+00
9.410669207572937012e-01
1.160688877105712891e+00
9.414459466934204102e-01
1.556801795959472656e+00
1.387186408042907715e+00
1.039512157440185547e+00
7.391555309295654297e-01
8.751063346862792969e-01
1.123890042304992676e+00
1.395676851272583008e+00
1.233558893203735352e+00
1.329589247703552246e+00
1.528353095054626465e+00
1.020796895027160645e+00
5.230528116226196289e-01
5.476822853088378906e-01
7.482278347015380859e-01
7.337846755981445312e-01
1.524819612503051758e+00
7.400174140930175781e-01
1.093046545982360840e+00
7.038373351097106934e-01
8.284294009208679199e-01
6.979417204856872559e-01
9.689438343048095703e-01
9.181215167045593262e-01
7.515059709548950195e-01
5.324810743331909180e-01
4.777276515960693359e-01
1.408730864524841309e+00
1.313560605049133301e+00
8.769342899322509766e-01
1.072067975997924805e+00
8.873657584190368652e-01
9.037174582481384277e-01
5.402611494064331055e-01
8.278418779373168945e-01
7.807376384735107422e-01
4.638950228691101074e-01
1.579297900199890137e+00
1.093158006668090820e+00
1.076328992843627930e+00
1.061924099922180176e+00
5.247447490692138672e-01
6.157231926918029785e-01
5.204839706420898438e-01
7.593793272972106934e-01
1.134042859077453613e+00
4.870286583900451660e-01
8.532412052154541016e-01
6.589753627777099609e-01
9.838802218437194824e-01
5.716478824615478516e-01
5.131222605705261230e-01
7.997127771377563477e-01
9.827291369438171387e-01
1.202863693237304688e+00
7.991912364959716797e-01
9.700968265533447266e-01
8.947702646255493164e-01
8.049920797348022461e-01
8.422694206237792969e-01
8.513440489768981934e-01
8.883390426635742188e-01
6.345165967941284180e-01
6.336780786514282227e-01
6.517422199249267578e-01
6.326888799667358398e-01
4.873713850975036621e-01
4.061356484889984131e-01
7.951473593711853027e-01
3.354324698448181152e-01
9.305295348167419434e-01
6.597042083740234375e-01
9.345452189445495605e-01
7.747821211814880371e-01
6.570513248443603516e-01
1.080331206321716309e+00
1.183090090751647949e+00
9.180409312248229980e-01
8.092637062072753906e-01
1.260105133056640625e+00
1.065070390701293945e+00
1.280576825141906738e+00
1.696578025817871094e+00
1.186318397521972656e+00
8.958694338798522949e-01
1.314717531204223633e+00
1.257447481155395508e+00
1.208787918090820312e+00
1.221757173538208008e+00
1.185226202011108398e+00
1.653539896011352539e+00
1.124111294746398926e+00
1.048432111740112305e+00
9.231263399124145508e-01
8.276683688163757324e-01
1.441593408584594727e+00
6.176295280456542969e-01
6.077167391777038574e-01
7.311279773712158203e-01
4.687747955322265625e-01
6.903097629547119141e-01
4.495503604412078857e-01
8.399746417999267578e-01
5.988130569458007812e-01
8.191291689872741699e-01
6.730346083641052246e-01
6.217319965362548828e-01
4.000373780727386475e-01
5.935411453247070312e-01
6.998831033706665039e-01
5.336149930953979492e-01
7.597322463989257812e-01
7.500894069671630859e-01
5.910595655441284180e-01
8.262081146240234375e-01
5.308857560157775879e-01
4.851554632186889648e-01
7.948028445243835449e-01
8.441113233566284180e-01
7.778421640396118164e-01
7.005144357681274414e-01
6.743978261947631836e-01
7.615091204643249512e-01
9.254218935966491699e-01
7.255644798278808594e-01
6.505341529846191406e-01
7.729194164276123047e-01
8.618472814559936523e-01
9.192020893096923828e-01
7.611932754516601562e-01
6.272905468940734863e-01
8.995586633682250977e-01
7.366756200790405273e-01
9.383222460746765137e-01
1.205863595008850098e+00
6.818162798881530762e-01
5.877475738525390625e-01
4.847996234893798828e-01
3.469482064247131348e-01
4.352062344551086426e-01
4.006989598274230957e-01
6.681091189384460449e-01
5.747872591018676758e-01
5.878102779388427734e-01
1.137346982955932617e+00
9.737738370895385742e-01
9.135888814926147461e-01
7.021112442016601562e-01
7.138339281082153320e-01
8.082977533340454102e-01
7.240337729454040527e-01
6.724979877471923828e-01
8.589184284210205078e-01
9.342136383056640625e-01
7.374736070632934570e-01
9.595476388931274414e-01
5.809959173202514648e-01
6.551172137260437012e-01
1.476852178573608398e+00
1.250535011291503906e+00
1.245865225791931152e+00
1.235836148262023926e+00
1.030527949333190918e+00
6.937862634658813477e-01
6.714777946472167969e-01
6.059437990188598633e-01
5.467953681945800781e-01
5.343014001846313477e-01
5.324956178665161133e-01
4.580883383750915527e-01
5.338830947875976562e-01
8.363993167877197266e-01
6.781281232833862305e-01
7.628085017204284668e-01
1.097159385681152344e+00
5.508769750595092773e-01
4.890920519828796387e-01
9.498526453971862793e-01
8.433355689048767090e-01
1.017568945884704590e+00
2.115066051483154297e+00
1.070129632949829102e+00
7.982020378112792969e-01
1.340384840965270996e+00
1.101900577545166016e+00
1.217137098312377930e+00
1.099863052368164062e+00
4.533506333827972412e-01
9.943790435791015625e-01
7.442606687545776367e-01
7.353887557983398438e-01
8.686295747756958008e-01
1.038488507270812988e+00
7.781512141227722168e-01
8.199016451835632324e-01
9.816725254058837891e-01
7.946870326995849609e-01
6.974642276763916016e-01
6.126409769058227539e-01
9.464480280876159668e-01
1.175905227661132812e+00
1.045011281967163086e+00
1.295173406600952148e+00
9.396631121635437012e-01
1.097502946853637695e+00
8.503202795982360840e-01
1.145602226257324219e+00
7.582275867462158203e-01
1.324008464813232422e+00
1.364738941192626953e+00
8.337227702140808105e-01
1.785073637962341309e+00
1.149861574172973633e+00
6.881208419799804688e-01
9.078016281127929688e-01
8.066009283065795898e-01
8.720092773437500000e-01
9.104387760162353516e-01
9.471135139465332031e-01
1.063792586326599121e+00
9.748534560203552246e-01
1.371364593505859375e+00
1.196702599525451660e+00
1.033733844757080078e+00
8.519269227981567383e-01
1.571221709251403809e+00
8.834511637687683105e-01
5.313940048217773438e-01
6.452681422233581543e-01
5.808662772178649902e-01
7.100469470024108887e-01
3.549233675003051758e-01
5.039708614349365234e-01
5.280914306640625000e-01
2.638026177883148193e-01
4.837717711925506592e-01
6.082750558853149414e-01
6.477861404418945312e-01
3.907291293144226074e-01
4.587253332138061523e-01
4.787737727165222168e-01
6.974086761474609375e-01
7.269979715347290039e-01
6.910945773124694824e-01
1.055586099624633789e+00
6.791843175888061523e-01
8.534282445907592773e-01
6.707549095153808594e-01
9.946029186248779297e-01
5.166284441947937012e-01
8.449292182922363281e-01
7.947043776512145996e-01
7.140504717826843262e-01
7.457622289657592773e-01
9.023868441581726074e-01
9.461604356765747070e-01
9.004874229431152344e-01
8.804976940155029297e-01
8.590892553329467773e-01
8.452662229537963867e-01
7.472514510154724121e-01
1.163446903228759766e+00
1.154769539833068848e+00
8.985768556594848633e-01
7.535765171051025391e-01
9.819302558898925781e-01
9.441972970962524414e-01
1.146921157836914062e+00
9.494853019714355469e-01
8.678125739097595215e-01
6.775347590446472168e-01
5.646568536758422852e-01
7.353150248527526855e-01
7.488343715667724609e-01
9.140521883964538574e-01
7.124537825584411621e-01
7.158781290054321289e-01
8.190320730209350586e-01
6.287962198257446289e-01
7.499758601188659668e-01
1.084039926528930664e+00
8.274459242820739746e-01
6.015406847000122070e-01
6.481570005416870117e-01
9.470738172531127930e-01
6.584138274192810059e-01
1.155663251876831055e+00
1.123774528503417969e+00
7.916347384452819824e-01
8.437094092369079590e-01
1.084802508354187012e+00
5.070204138755798340e-01
6.353214979171752930e-01
5.608867406845092773e-01
6.040341854095458984e-01
7.378741502761840820e-01
1.005153775215148926e+00
6.521428823471069336e-01
1.059842348098754883e+00
6.059250235557556152e-01
9.298121333122253418e-01
5.096796751022338867e-01
6.763110160827636719e-01
5.709524154663085938e-01
7.650496363639831543e-01
5.446136593818664551e-01
9.204826354980468750e-01
1.116479396820068359e+00
5.629700422286987305e-01
8.244822025299072266e-01
4.004163444042205811e-01
8.065158724784851074e-01
5.746658444404602051e-01
5.636458992958068848e-01
8.410215377807617188e-01
8.056761622428894043e-01
9.151234626770019531e-01
9.456731081008911133e-01
6.574188470840454102e-01
1.241705298423767090e+00
5.692166090011596680e-01
6.243847608566284180e-01
7.419251203536987305e-01
5.865125656127929688e-01
8.876566886901855469e-01
1.033869504928588867e+00
1.303865432739257812e+00
1.260282039642333984e+00
9.648863077163696289e-01
1.034886002540588379e+00
1.552606821060180664e+00
9.937382936477661133e-01
6.851005554199218750e-01
8.719321489334106445e-01
7.441815137863159180e-01
9.285223484039306641e-01
9.998297691345214844e-01
1.142973542213439941e+00
1.285986542701721191e+00
6.655681729316711426e-01
6.877467036247253418e-01
8.186509013175964355e-01
7.570373415946960449e-01
8.096355199813842773e-01
8.067601919174194336e-01
1.125590562820434570e+00
8.466615676879882812e-01
6.582383513450622559e-01
1.248168587684631348e+00
1.196475982666015625e+00
1.151211619377136230e+00
7.275032997131347656e-01
7.580976486206054688e-01
1.194981336593627930e+00
1.163662910461425781e+00
1.154809713363647461e+00
1.345702648162841797e+00
1.070868372917175293e+00
8.308915495872497559e-01
7.571613192558288574e-01
9.780105948448181152e-01
7.049931883811950684e-01
7.491642236709594727e-01
7.371281981468200684e-01
6.620684266090393066e-01
6.055043935775756836e-01
7.211405038833618164e-01
5.818366408348083496e-01
4.411710500717163086e-01
5.529490709304809570e-01
4.778501987457275391e-01
1.005336284637451172e+00
4.343468844890594482e-01
6.120424866676330566e-01
7.963809967041015625e-01
1.152439236640930176e+00
6.038261055946350098e-01
5.889678001403808594e-01
6.405508518218994141e-01
8.019657135009765625e-01
5.803216695785522461e-01
8.316205739974975586e-01
4.629103541374206543e-01
9.559187889099121094e-01
5.985815525054931641e-01
7.259723544120788574e-01
7.872068881988525391e-01
9.997607469558715820e-01
6.368038654327392578e-01
7.273876070976257324e-01
5.978472828865051270e-01
5.241244435310363770e-01
8.344022035598754883e-01
4.468006491661071777e-01
5.903148651123046875e-01
5.353457927703857422e-01
7.411967515945434570e-01
5.718885064125061035e-01
9.162704944610595703e-01
7.467451095581054688e-01
7.581968307495117188e-01
8.004510402679443359e-01
6.701841354370117188e-01
8.234486579895019531e-01
6.064801812171936035e-01
5.687687397003173828e-01
5.818847417831420898e-01
8.284970521926879883e-01
5.853105783462524414e-01
7.589569091796875000e-01
1.073825836181640625e+00
9.269768595695495605e-01
1.290695071220397949e+00
9.447999000549316406e-01
7.039149999618530273e-01
7.874071598052978516e-01
1.028850555419921875e+00
9.928508996963500977e-01
8.333166837692260742e-01
7.665314078330993652e-01
6.002612113952636719e-01
5.574321746826171875e-01
7.284055948257446289e-01
9.267828464508056641e-01
5.030221939086914062e-01
9.484027624130249023e-01
8.245462775230407715e-01
4.765919446945190430e-01
9.056465029716491699e-01
8.973552584648132324e-01
6.776327490806579590e-01
6.565083265304565430e-01
7.456312179565429688e-01
5.348290801048278809e-01
7.108788490295410156e-01
7.462152838706970215e-01
8.873558044433593750e-01
1.084661245346069336e+00
8.328961133956909180e-01
8.601335883140563965e-01
7.417125701904296875e-01
8.028418421745300293e-01
1.037604212760925293e+00
4.490192830562591553e-01
8.208333253860473633e-01
9.525036215782165527e-01
7.652832865715026855e-01
1.043184041976928711e+00
7.603578567504882812e-01
9.428166747093200684e-01
6.447418928146362305e-01
8.338831663131713867e-01
9.210778474807739258e-01
7.988793253898620605e-01
7.308166027069091797e-01
9.795698523521423340e-01
7.027873992919921875e-01
1.216440439224243164e+00
1.049549341201782227e+00
8.644804954528808594e-01
1.918117523193359375e+00
1.055092811584472656e+00
1.185772657394409180e+00
1.161333560943603516e+00
1.030841112136840820e+00
9.698401689529418945e-01
1.183745384216308594e+00
6.138713359832763672e-01
8.725006580352783203e-01
1.026675820350646973e+00
9.955824613571166992e-01
1.007697463035583496e+00
1.254507422447204590e+00
9.420606493949890137e-01
7.741440534591674805e-01
7.829941511154174805e-01
1.236673116683959961e+00
1.088088274002075195e+00
5.987891554832458496e-01
6.257998943328857422e-01
5.571304559707641602e-01
6.478108763694763184e-01
8.440684080123901367e-01
5.664913654327392578e-01
7.162536978721618652e-01
3.744056820869445801e-01
7.241804003715515137e-01
7.910713553428649902e-01
6.957696676254272461e-01
5.463929176330566406e-01
5.597248077392578125e-01
4.367665052413940430e-01
5.811561346054077148e-01
8.545436859130859375e-01
6.220750808715820312e-01
9.827260971069335938e-01
8.255252242088317871e-01
1.014912605285644531e+00
8.321673274040222168e-01
5.307872295379638672e-01
7.879557013511657715e-01
7.880579233169555664e-01
9.373895525932312012e-01
6.853193044662475586e-01
9.322922229766845703e-01
8.281922340393066406e-01
9.093815684318542480e-01
8.046059012413024902e-01
7.575321197509765625e-01
1.060343265533447266e+00
9.062787890434265137e-01
6.255835890769958496e-01
1.024847030639648438e+00
9.929837584495544434e-01
1.209461450576782227e+00
8.832036852836608887e-01
1.169471979141235352e+00
1.267069458961486816e+00
8.351107835769653320e-01
7.810678482055664062e-01
1.157368779182434082e+00
7.720823287963867188e-01
7.360662221908569336e-01
5.626078844070434570e-01
7.651126384735107422e-01
5.949068069458007812e-01
8.102752566337585449e-01
7.403966784477233887e-01
7.884041666984558105e-01
6.016151905059814453e-01
5.481836199760437012e-01
8.709155321121215820e-01
7.364787459373474121e-01
6.868138313293457031e-01
6.831573247909545898e-01
6.285534501075744629e-01
8.188142180442810059e-01
9.118151664733886719e-01
7.225469350814819336e-01
1.024213790893554688e+00
9.356397390365600586e-01
6.720306873321533203e-01
6.885253787040710449e-01
8.109279870986938477e-01
4.903588294982910156e-01
9.486055374145507812e-01
8.589100837707519531e-01
8.524925112724304199e-01
6.948015093803405762e-01
9.006201028823852539e-01
1.183133125305175781e+00
1.121213197708129883e+00
1.400319337844848633e+00
1.266370296478271484e+00
5.835332870483398438e-01
6.314195394515991211e-01
6.678513288497924805e-01
9.323015213012695312e-01
9.604909420013427734e-01
6.971051096916198730e-01
6.205516457557678223e-01
5.270735025405883789e-01
5.941952466964721680e-01
5.136981010437011719e-01
4.455614686012268066e-01
5.742950439453125000e-01
5.730475187301635742e-01
5.616489648818969727e-01
3.939376771450042725e-01
7.008846998214721680e-01
7.024332880973815918e-01
9.741275310516357422e-01
4.742193222045898438e-01
1.187533140182495117e+00
7.465558052062988281e-01
7.065594196319580078e-01
6.716217398643493652e-01
6.990433931350708008e-01
1.131438970565795898e+00
7.968906760215759277e-01
1.176277756690979004e+00
8.270058631896972656e-01
1.115653991699218750e+00
1.031364917755126953e+00
8.389250636100769043e-01
1.115128993988037109e+00
9.815151095390319824e-01
9.952467679977416992e-01
7.687741518020629883e-01
5.966415405273437500e-01
1.109382510185241699e+00
5.849771499633789062e-01
5.239533782005310059e-01
5.297380685806274414e-01
5.006017088890075684e-01
6.672148704528808594e-01
7.830179929733276367e-01
5.816928744316101074e-01
8.134185671806335449e-01
1.178897619247436523e+00
6.468678712844848633e-01
8.810435533523559570e-01
6.249169707298278809e-01
6.204085946083068848e-01
8.439449071884155273e-01
4.594197869300842285e-01
7.408849596977233887e-01
5.819591283798217773e-01
6.095914840698242188e-01
5.649706721305847168e-01
6.402688026428222656e-01
7.644419670104980469e-01
3.466799259185791016e-01
6.102955937385559082e-01
4.464276731014251709e-01
2.377591729164123535e-01
2.315381616353988647e-01
4.016063809394836426e-01
5.052989721298217773e-01
4.727246463298797607e-01
7.520978450775146484e-01
3.803369998931884766e-01
5.312469601631164551e-01
5.808785557746887207e-01
6.008102893829345703e-01
4.402453899383544922e-01
4.672735333442687988e-01
5.717561244964599609e-01
9.912595748901367188e-01
4.929181337356567383e-01
8.592377901077270508e-01
5.325092077255249023e-01
1.012758970260620117e+00
9.743134379386901855e-01
6.912229061126708984e-01
2.931089103221893311e-01
2.908681631088256836e-01
3.112753629684448242e-01
2.182878255844116211e-01
2.697973251342773438e-01
2.497360706329345703e-01
1.629163324832916260e-01
1.571654677391052246e-01
1.453863680362701416e-01
2.406789958477020264e-01
2.955235540866851807e-01
1.433112025260925293e-01
2.184044122695922852e-01
1.880884468555450439e-01
3.860444426536560059e-01
2.207257151603698730e-01
3.063264191150665283e-01
1.772872507572174072e-01
3.573552370071411133e-01
4.881628751754760742e-01
3.825386762619018555e-01
3.975178599357604980e-01
1.768010556697845459e-01
5.223859548568725586e-01
4.156774282455444336e-01
4.729612469673156738e-01
3.585314154624938965e-01
2.936636209487915039e-01
5.066932439804077148e-01
5.448645949363708496e-01
5.135388374328613281e-01
4.836039245128631592e-01
2.965751290321350098e-01
6.433031558990478516e-01
7.074471712112426758e-01
4.156714081764221191e-01
4.127193391323089600e-01
6.814899444580078125e-01
6.197019219398498535e-01
3.456975221633911133e-01
5.065352320671081543e-01
6.426873207092285156e-01
8.988783359527587891e-01
5.924854278564453125e-01
7.391443252563476562e-01
7.530398368835449219e-01
4.358506798744201660e-01
6.564354300498962402e-01
5.216339230537414551e-01
6.677643656730651855e-01
6.013256311416625977e-01
5.001000761985778809e-01
5.342464447021484375e-01
6.496831178665161133e-01
4.181509017944335938e-01
7.849177122116088867e-01
8.694920539855957031e-01
7.487480044364929199e-01
8.107824325561523438e-01
8.144794702529907227e-01
7.867392301559448242e-01
6.429007053375244141e-01
7.744931578636169434e-01
8.250569701194763184e-01
8.274082541465759277e-01
6.512938737869262695e-01
8.540508151054382324e-01
3.809160590171813965e-01
8.674520254135131836e-01
7.355194091796875000e-01
9.478811025619506836e-01
7.794239521026611328e-01
6.717230677604675293e-01
6.161906719207763672e-01
6.214810609817504883e-01
9.113489389419555664e-01
7.420632243156433105e-01
5.505545735359191895e-01
7.239806056022644043e-01
6.859147548675537109e-01
5.721556544303894043e-01
5.068503022193908691e-01
6.055284738540649414e-01
6.716594696044921875e-01
6.953476667404174805e-01
7.855888605117797852e-01
5.642968416213989258e-01
1.032729506492614746e+00
7.983043193817138672e-01
6.746076941490173340e-01
7.692836523056030273e-01
7.282828688621520996e-01
6.761249303817749023e-01
1.278168439865112305e+00
8.766223192214965820e-01
1.182034730911254883e+00
1.172338724136352539e+00
7.595136165618896484e-01
7.134773731231689453e-01
7.789387106895446777e-01
1.057609558105468750e+00
1.039237976074218750e+00
1.152657866477966309e+00
9.071912765502929688e-01
1.384271502494812012e+00
1.546229362487792969e+00
1.292999029159545898e+00
6.032882928848266602e-01
8.770649433135986328e-01
8.126580119132995605e-01
5.660686492919921875e-01
4.840043485164642334e-01
5.376684665679931641e-01
8.852819204330444336e-01
6.134376525878906250e-01
6.710841059684753418e-01
7.519950270652770996e-01
9.700430631637573242e-01
8.078750967979431152e-01
7.039211988449096680e-01
4.444217085838317871e-01
7.276898622512817383e-01
3.539353013038635254e-01
9.158246517181396484e-01
6.335828900337219238e-01
1.049608111381530762e+00
1.071606636047363281e+00
6.297823190689086914e-01
9.493485689163208008e-01
6.145129203796386719e-01
6.708322763442993164e-01
1.202039003372192383e+00
1.217235684394836426e+00
9.239296317100524902e-01
1.258873462677001953e+00
9.963390231132507324e-01
9.706693887710571289e-01
7.144523859024047852e-01
7.220422029495239258e-01
6.209631562232971191e-01
5.288596749305725098e-01
8.116470575332641602e-01
6.101394891738891602e-01
5.587017536163330078e-01
5.421323180198669434e-01
8.421957492828369141e-01
7.320730686187744141e-01
4.111393094062805176e-01
2.801991701126098633e-01
4.446706175804138184e-01
7.191236019134521484e-01
5.512171983718872070e-01
3.371023833751678467e-01
4.016797542572021484e-01
7.519948482513427734e-01
8.890408277511596680e-01
5.101580619812011719e-01
4.821169972419738770e-01
6.472403407096862793e-01
5.483286380767822266e-01
6.877741217613220215e-01
7.891632914543151855e-01
6.593872904777526855e-01
5.503912568092346191e-01
9.217669367790222168e-01
9.880544543266296387e-01
8.980755805969238281e-01
5.784376263618469238e-01
6.769549846649169922e-01
4.711707830429077148e-01
1.068524837493896484e+00
6.955219507217407227e-01
9.862202405929565430e-01
5.420616269111633301e-01
5.912611484527587891e-01
5.921499729156494141e-01
7.736339569091796875e-01
2.370832860469818115e-01
3.703829646110534668e-01
6.731917262077331543e-01
7.176156044006347656e-01
5.694503784179687500e-01
5.680043697357177734e-01
9.385988712310791016e-01
8.459753394126892090e-01
6.924082636833190918e-01
7.003613710403442383e-01
4.735747575759887695e-01
3.578924536705017090e-01
7.525188922882080078e-01
1.164614677429199219e+00
7.569286823272705078e-01
1.062663197517395020e+00
9.630376100540161133e-01
1.373060941696166992e+00
9.262373447418212891e-01
8.871691226959228516e-01
6.927585601806640625e-01
5.873461961746215820e-01
9.714698195457458496e-01
8.657233715057373047e-01
1.021116971969604492e+00
1.197233557701110840e+00
9.723755121231079102e-01
4.496950805187225342e-01
7.031115889549255371e-01
5.860480070114135742e-01
9.266381263732910156e-01
8.164451122283935547e-01
8.995356559753417969e-01
1.065100550651550293e+00
8.657896518707275391e-01
9.811719655990600586e-01
8.736919760704040527e-01
8.085156679153442383e-01
8.369914889335632324e-01
6.205112934112548828e-01
8.693748712539672852e-01
1.136444807052612305e+00
9.101151227951049805e-01
6.590573787689208984e-01
7.254630327224731445e-01
5.682114362716674805e-01
7.742645740509033203e-01
8.406519293785095215e-01
9.049015045166015625e-01
8.669626712799072266e-01
1.900377511978149414e+00
6.044753789901733398e-01
1.024174809455871582e+00
3.405963778495788574e-01
7.017905712127685547e-01
7.670120000839233398e-01
7.463082075119018555e-01
8.470631837844848633e-01
3.854699134826660156e-01
6.550437211990356445e-01
6.725510954856872559e-01
6.813033819198608398e-01
7.819310426712036133e-01
7.832601070404052734e-01
6.248471140861511230e-01
5.651247501373291016e-01
6.884660124778747559e-01
9.245973825454711914e-01
6.888363361358642578e-01
6.609932780265808105e-01
1.147090315818786621e+00
1.282925963401794434e+00
5.254251956939697266e-01
3.267857432365417480e-01
6.649371385574340820e-01
9.693679213523864746e-01
5.590481758117675781e-01
4.680839180946350098e-01
4.228119552135467529e-01
6.695584654808044434e-01
8.637265563011169434e-01
5.016139149665832520e-01
1.009179949760437012e+00
4.459958970546722412e-01
4.888843297958374023e-01
5.815514326095581055e-01
8.397120237350463867e-01
5.484675168991088867e-01
6.421067714691162109e-01
5.799608826637268066e-01
5.482676029205322266e-01
7.563156485557556152e-01
7.024731040000915527e-01
7.150198221206665039e-01
5.028567910194396973e-01
4.036980271339416504e-01
4.193204641342163086e-01
4.117868542671203613e-01
5.495686531066894531e-01
4.796355664730072021e-01
5.327224731445312500e-01
6.294758915901184082e-01
6.917212009429931641e-01
7.992990016937255859e-01
2.806127071380615234e-01
4.703846871852874756e-01
6.090182065963745117e-01
5.433976054191589355e-01
2.837123870849609375e-01
6.438190937042236328e-01
6.528565287590026855e-01
5.830789208412170410e-01
8.462079763412475586e-01
5.166379213333129883e-01
7.673498392105102539e-01
7.040004730224609375e-01
5.247617363929748535e-01
1.549408435821533203e+00
8.802997469902038574e-01
1.050822734832763672e+00
8.728305697441101074e-01
7.733389139175415039e-01
1.177126407623291016e+00
1.043766975402832031e+00
7.600595951080322266e-01
7.565213441848754883e-01
6.921841502189636230e-01
1.059338092803955078e+00
1.161229252815246582e+00
1.278096079826354980e+00
7.181618213653564453e-01
1.367600440979003906e+00
1.165068864822387695e+00
1.222238063812255859e+00
1.055139064788818359e+00
7.341974973678588867e-01
6.282454729080200195e-01
1.168631792068481445e+00
6.721724271774291992e-01
3.939453959465026855e-01
7.055506110191345215e-01
9.090304374694824219e-01
4.995816648006439209e-01
5.837153196334838867e-01
6.431965231895446777e-01
5.657597184181213379e-01
6.338149309158325195e-01
7.887095808982849121e-01
6.021007895469665527e-01
4.402085244655609131e-01
4.325959384441375732e-01
7.493097782135009766e-01
6.261327862739562988e-01
5.165268182754516602e-01
7.135016322135925293e-01
5.354614257812500000e-01
2.990852296352386475e-01
5.282141566276550293e-01
5.822096467018127441e-01
4.185953140258789062e-01
6.039873957633972168e-01
8.009543418884277344e-01
7.238273024559020996e-01
5.741964578628540039e-01
6.868542432785034180e-01
5.235378146171569824e-01
5.994645357131958008e-01
7.725331187248229980e-01
9.161776900291442871e-01
5.744550824165344238e-01
4.851141870021820068e-01
4.133235812187194824e-01
4.431039988994598389e-01
4.492664337158203125e-01
4.096547067165374756e-01
6.421193480491638184e-01
5.714364051818847656e-01
7.966157197952270508e-01
7.151994705200195312e-01
9.092257022857666016e-01
9.642304182052612305e-01
7.283557653427124023e-01
9.180434942245483398e-01
5.042033195495605469e-01
5.561165809631347656e-01
8.022477626800537109e-01
6.640012860298156738e-01
5.130100250244140625e-01
8.356069922447204590e-01
8.326064348220825195e-01
5.561511516571044922e-01
5.063271522521972656e-01
6.147701740264892578e-01
1.120296955108642578e+00
6.896452903747558594e-01
7.479315996170043945e-01
7.835282087326049805e-01
1.293301820755004883e+00
1.081281423568725586e+00
6.536684632301330566e-01
5.308791399002075195e-01
5.777523517608642578e-01
6.982375979423522949e-01
6.391661167144775391e-01
6.036082506179809570e-01
7.353688478469848633e-01
7.369198203086853027e-01
6.698099970817565918e-01
5.849304199218750000e-01
1.122780442237854004e+00
7.500386238098144531e-01
5.277180671691894531e-01
6.420055031776428223e-01
6.007648110389709473e-01
6.234967708587646484e-01
8.295788168907165527e-01
6.143085956573486328e-01
7.356272935867309570e-01
5.276587605476379395e-01
6.497950553894042969e-01
9.673272967338562012e-01
6.501812338829040527e-01
3.662962615489959717e-01
5.904733538627624512e-01
4.962480068206787109e-01
7.340973615646362305e-01
2.161292284727096558e-01
7.150303721427917480e-01
4.903816878795623779e-01
6.127148866653442383e-01
7.476107478141784668e-01
4.900878369808197021e-01
4.905365109443664551e-01
5.329612493515014648e-01
3.816349506378173828e-01
7.267183065414428711e-01
7.542450428009033203e-01
4.608103036880493164e-01
6.528784036636352539e-01
5.954993963241577148e-01
5.457636117935180664e-01
9.747223258018493652e-01
3.106629252433776855e-01
4.410384893417358398e-01
3.582364022731781006e-01
8.536368608474731445e-01
3.907302320003509521e-01
6.613875627517700195e-01
5.234978199005126953e-01
9.159883856773376465e-01
5.322333574295043945e-01
8.820858001708984375e-01
3.071201741695404053e-01
8.784323930740356445e-01
5.683580636978149414e-01
6.809114217758178711e-01
4.902607798576354980e-01
1.014656543731689453e+00
7.094247341156005859e-01
7.185199260711669922e-01
8.877096176147460938e-01
8.018874526023864746e-01
8.475227355957031250e-01
5.720977783203125000e-01
1.403084158897399902e+00
1.119811892509460449e+00
1.037324666976928711e+00
7.909585833549499512e-01
7.943760156631469727e-01
5.595676898956298828e-01
9.934281706809997559e-01
6.532032489776611328e-01
6.638022661209106445e-01
7.442070841789245605e-01
7.071321010589599609e-01
9.661366939544677734e-01
7.460903525352478027e-01
9.294957518577575684e-01
1.288819551467895508e+00
9.685550928115844727e-01
9.312397241592407227e-01
1.111986756324768066e+00
7.881950736045837402e-01
6.299839615821838379e-01
8.650807142257690430e-01
9.457113146781921387e-01
7.019047141075134277e-01
1.015363454818725586e+00
7.221376299858093262e-01
9.619308710098266602e-01
6.251838207244873047e-01
7.107958793640136719e-01
7.557529807090759277e-01
4.941034913063049316e-01
4.306795001029968262e-01
4.763307571411132812e-01
7.729126811027526855e-01
5.527391433715820312e-01
7.854262590408325195e-01
4.711842536926269531e-01
9.652539491653442383e-01
3.973371982574462891e-01
4.689867198467254639e-01
5.216006040573120117e-01
8.031232357025146484e-01
6.084462404251098633e-01
6.316537857055664062e-01
9.100076556205749512e-01
1.356514453887939453e+00
9.082819819450378418e-01
8.914437294006347656e-01
1.090973019599914551e+00
8.345479965209960938e-01
9.315950870513916016e-01
7.308208942413330078e-01
9.622505903244018555e-01
8.002240061759948730e-01
1.223893404006958008e+00
6.885771751403808594e-01
9.002811908721923828e-01
1.418691039085388184e+00
7.099419832229614258e-01
8.051635622978210449e-01
9.153193831443786621e-01
5.822085738182067871e-01
9.701440334320068359e-01
9.505646228790283203e-01
9.147130846977233887e-01
9.248704314231872559e-01
9.980090856552124023e-01
1.121291518211364746e+00
8.480531573295593262e-01
5.331861376762390137e-01
5.214040279388427734e-01
6.285822391510009766e-01
5.600054264068603516e-01
3.756672143936157227e-01
4.571604430675506592e-01
5.710490942001342773e-01
9.201437830924987793e-01
7.093896269798278809e-01
5.532406568527221680e-01
7.739552855491638184e-01
7.192128896713256836e-01
1.317185759544372559e+00
8.290800452232360840e-01
9.897160530090332031e-01
1.673010230064392090e+00
9.556972384452819824e-01
1.008837103843688965e+00
1.898138523101806641e+00
1.000133752822875977e+00
1.047077894210815430e+00
9.011172652244567871e-01
9.335149526596069336e-01
7.144207358360290527e-01
9.361826181411743164e-01
8.604707717895507812e-01
6.680159568786621094e-01
6.303675770759582520e-01
6.078352928161621094e-01
7.613929510116577148e-01
7.736625671386718750e-01
5.546292662620544434e-01
6.199714541435241699e-01
5.844121575355529785e-01
5.436363816261291504e-01
8.936464190483093262e-01
8.420377969741821289e-01
4.302372336387634277e-01
4.788318574428558350e-01
8.342849016189575195e-01
5.607628226280212402e-01
5.564381480216979980e-01
8.282204866409301758e-01
8.849701881408691406e-01
6.357122063636779785e-01
5.182088613510131836e-01
6.669648885726928711e-01
4.131009280681610107e-01
3.910954892635345459e-01
7.442569732666015625e-01
4.326460361480712891e-01
5.426062941551208496e-01
5.809356570243835449e-01
6.458045244216918945e-01
7.118498086929321289e-01
6.264795064926147461e-01
7.509267330169677734e-01
5.424777865409851074e-01
6.354055404663085938e-01
6.832647323608398438e-01
4.850707650184631348e-01
6.564409136772155762e-01
3.995227813720703125e-01
3.508128821849822998e-01
4.904643893241882324e-01
6.908673644065856934e-01
6.865844726562500000e-01
4.755463302135467529e-01
6.753380298614501953e-01
4.297440648078918457e-01
2.148566246032714844e-01
6.630086898803710938e-01
5.604165196418762207e-01
4.931227862834930420e-01
6.012389659881591797e-01
7.134460210800170898e-01
8.052402734756469727e-01
1.037027478218078613e+00
7.444342374801635742e-01
7.026866674423217773e-01
7.165391445159912109e-01
5.958079099655151367e-01
9.723725318908691406e-01
8.610366582870483398e-01
9.231526851654052734e-01
1.049533247947692871e+00
8.179387450218200684e-01
1.127746462821960449e+00
7.458185553550720215e-01
1.050076365470886230e+00
6.541457772254943848e-01
1.108214974403381348e+00
7.386476397514343262e-01
8.294070959091186523e-01
1.333401083946228027e+00
9.470623731613159180e-01
1.007120609283447266e+00
6.466048359870910645e-01
1.093425512313842773e+00
1.322811961174011230e+00
8.579072952270507812e-01
7.806667685508728027e-01
7.857343554496765137e-01
6.568047404289245605e-01
1.234276294708251953e+00
1.205612421035766602e+00
1.064641475677490234e+00
7.941974401473999023e-01
9.109212756156921387e-01
1.012295603752136230e+00
5.893660783767700195e-01
1.039415955543518066e+00
8.174573183059692383e-01
7.323436737060546875e-01
1.096305608749389648e+00
9.549450278282165527e-01
9.699032306671142578e-01
1.236485362052917480e+00
4.583094716072082520e-01
6.519117355346679688e-01
8.794037699699401855e-01
6.905003786087036133e-01
6.832587122917175293e-01
5.013266801834106445e-01
5.303908586502075195e-01
4.064120054244995117e-01
7.404782772064208984e-01
3.603214919567108154e-01
6.217334270477294922e-01
4.238126277923583984e-01
4.333133101463317871e-01
6.649382114410400391e-01
4.209921360015869141e-01
7.176057696342468262e-01
4.622766971588134766e-01
3.198292553424835205e-01
4.160560965538024902e-01
7.582570314407348633e-01
4.056175649166107178e-01
4.728007912635803223e-01
3.824750781059265137e-01
6.362479925155639648e-01
5.363685488700866699e-01
2.599413990974426270e-01
4.808866977691650391e-01
3.216353952884674072e-01
4.573946893215179443e-01
5.195279121398925781e-01
4.511331319808959961e-01
4.595562219619750977e-01
4.177424311637878418e-01
4.742287397384643555e-01
2.584484219551086426e-01
4.273609817028045654e-01
4.399791359901428223e-01
5.177156925201416016e-01
7.137938737869262695e-01
5.981135368347167969e-01
6.995641589164733887e-01
6.582733392715454102e-01
2.627326250076293945e-01
4.747583866119384766e-01
4.114161431789398193e-01
3.748203516006469727e-01
3.420278429985046387e-01
2.923083305358886719e-01
3.243949413299560547e-01
4.486581087112426758e-01
3.067873716354370117e-01
4.369829893112182617e-01
4.891976118087768555e-01
2.857209444046020508e-01
3.432748019695281982e-01
3.132010102272033691e-01
3.347792327404022217e-01
1.269174218177795410e-01
2.641102373600006104e-01
2.747910022735595703e-01
2.718893587589263916e-01
4.350384473800659180e-01
5.295130610466003418e-01
2.624523043632507324e-01
2.331270277500152588e-01
2.109836339950561523e-01
3.279423713684082031e-01
2.971299588680267334e-01
2.337042093276977539e-01
1.886194646358489990e-01
2.701217830181121826e-01
2.231638282537460327e-01
2.462718486785888672e-01
1.570015549659729004e-01
3.653005063533782959e-01
2.596384882926940918e-01
2.670539319515228271e-01
2.369215935468673706e-01
2.273492217063903809e-01
1.574085950851440430e-01
1.615932881832122803e-01
1.547748893499374390e-01
1.626082509756088257e-01
2.013435065746307373e-01
1.900442093610763550e-01
3.653931617736816406e-01
1.723999381065368652e-01
2.541831731796264648e-01
3.030701875686645508e-01
3.383135795593261719e-01
2.115486562252044678e-01
2.657766044139862061e-01
3.466983437538146973e-01
2.842820286750793457e-01
4.347035586833953857e-01
1.730897277593612671e-01
3.412014245986938477e-01
4.172676503658294678e-01
3.942112922668457031e-01
3.570471704006195068e-01
3.605667948722839355e-01
4.907148480415344238e-01
4.589540958404541016e-01
4.453198313713073730e-01
4.718559682369232178e-01
5.342810153961181641e-01
6.242961287498474121e-01
7.459506392478942871e-01
6.511744260787963867e-01
7.486996054649353027e-01
4.999918639659881592e-01
7.604014277458190918e-01
5.339546799659729004e-01
5.827621221542358398e-01
3.262050747871398926e-01
4.745514094829559326e-01
6.526735424995422363e-01
4.272428750991821289e-01
4.750295281410217285e-01
3.686938881874084473e-01
5.554088354110717773e-01
5.157085657119750977e-01
5.592804551124572754e-01
4.876310527324676514e-01
7.159516811370849609e-01
5.541217327117919922e-01
4.706086516380310059e-01
6.108353734016418457e-01
4.013282954692840576e-01
8.091242313385009766e-01
4.042793214321136475e-01
3.516959846019744873e-01
4.950439631938934326e-01
4.804450869560241699e-01
5.038484334945678711e-01
3.380317091941833496e-01
4.295011758804321289e-01
4.192762374877929688e-01
4.218773543834686279e-01
4.143550395965576172e-01
3.382054567337036133e-01
4.932177662849426270e-01
4.320953488349914551e-01
7.234384417533874512e-01
4.993688464164733887e-01
5.892612934112548828e-01
3.457766473293304443e-01
3.805516362190246582e-01
3.675163984298706055e-01
5.157400965690612793e-01
4.641659259796142578e-01
5.477394461631774902e-01
2.752846777439117432e-01
4.871790111064910889e-01
4.574788510799407959e-01
3.560180068016052246e-01
6.228702664375305176e-01
3.086771667003631592e-01
2.295233011245727539e-01
7.876541614532470703e-01
5.698542594909667969e-01
3.031578660011291504e-01
5.870952606201171875e-01
2.333908379077911377e-01
3.098284006118774414e-01
3.435246348381042480e-01
4.608538746833801270e-01
7.025920748710632324e-01
4.065047204494476318e-01
5.790566205978393555e-01
7.103454470634460449e-01
4.177052676677703857e-01
4.362526535987854004e-01
4.165136814117431641e-01
8.981820344924926758e-01
4.413272738456726074e-01
4.637683629989624023e-01
5.552949905395507812e-01
3.399706780910491943e-01
3.870236873626708984e-01
5.878522992134094238e-01
3.828427493572235107e-01
4.684250056743621826e-01
3.921125531196594238e-01
3.622616231441497803e-01
6.878566741943359375e-01
5.171113014221191406e-01
3.904151916503906250e-01
3.959302306175231934e-01
3.985821604728698730e-01
4.013614654541015625e-01
3.535788059234619141e-01
4.585971832275390625e-01
4.343002736568450928e-01
3.708088994026184082e-01
5.921643376350402832e-01
4.032697677612304688e-01
4.705417156219482422e-01
4.216115474700927734e-01
3.458617627620697021e-01
4.446240365505218506e-01
4.429660737514495850e-01
5.491565465927124023e-01
4.201721549034118652e-01
4.907681345939636230e-01
5.669811964035034180e-01
4.837495684623718262e-01
4.897525012493133545e-01
4.564218223094940186e-01
5.286958813667297363e-01
8.628587126731872559e-01
5.036730766296386719e-01
4.330285191535949707e-01
7.010082006454467773e-01
2.372646182775497437e-01
4.836125075817108154e-01
2.901423573493957520e-01
3.739944696426391602e-01
6.467080116271972656e-01
6.982829570770263672e-01
5.599250793457031250e-01
3.721502423286437988e-01
5.526025295257568359e-01
6.569761633872985840e-01
3.369942307472229004e-01
2.987616360187530518e-01
6.368925571441650391e-01
7.797169089317321777e-01
7.141662836074829102e-01
3.781512677669525146e-01
5.331799983978271484e-01
7.948874831199645996e-01
4.065876603126525879e-01
4.323706328868865967e-01
4.985798001289367676e-01
6.198084354400634766e-01
7.208268046379089355e-01
6.279833316802978516e-01
4.363020658493041992e-01
3.835585117340087891e-01
3.049042224884033203e-01
2.001318782567977905e-01
5.384034514427185059e-01
3.089632987976074219e-01
3.399311900138854980e-01
4.089187979698181152e-01
4.989689588546752930e-01
3.638832569122314453e-01
8.714588880538940430e-01
3.775269687175750732e-01
5.726755261421203613e-01
3.803288340568542480e-01
5.530894994735717773e-01
5.712761282920837402e-01
5.083158612251281738e-01
4.991482198238372803e-01
5.058945417404174805e-01
4.583585858345031738e-01
3.928574919700622559e-01
5.809954404830932617e-01
5.467692017555236816e-01
5.322423577308654785e-01
5.763023495674133301e-01
5.838198065757751465e-01
7.363702058792114258e-01
5.107278227806091309e-01
2.572355866432189941e-01
4.120531082153320312e-01
6.322985887527465820e-01
3.893862366676330566e-01
3.052887618541717529e-01
7.665693759918212891e-01
1.995496749877929688e-01
3.106074929237365723e-01
3.699321448802947998e-01
4.613530337810516357e-01
4.743701815605163574e-01
3.907642364501953125e-01
4.287081360816955566e-01
4.592203795909881592e-01
5.104653835296630859e-01
8.193860054016113281e-01
4.831530749797821045e-01
4.962872862815856934e-01
4.602438211441040039e-01
3.989117741584777832e-01
6.130619049072265625e-01
6.299592256546020508e-01
6.404078006744384766e-01
5.272486805915832520e-01
6.050842404365539551e-01
4.739112257957458496e-01
5.939869284629821777e-01
6.269709467887878418e-01
3.366100788116455078e-01
1.158114075660705566e+00
6.808919310569763184e-01
9.365421533584594727e-01
1.114787340164184570e+00
1.042475461959838867e+00
5.989964008331298828e-01
7.723571658134460449e-01
1.259477138519287109e+00
5.597676038742065430e-01
6.846795082092285156e-01
6.850025653839111328e-01
4.808700084686279297e-01
9.329775571823120117e-01
5.384968519210815430e-01
1.105938673019409180e+00
4.867512583732604980e-01
4.381802976131439209e-01
1.041787028312683105e+00
8.412541151046752930e-01
4.668458104133605957e-01
6.740059852600097656e-01
6.833738088607788086e-01
7.653355002403259277e-01
1.013300776481628418e+00
7.015179991722106934e-01
7.086546421051025391e-01
8.182945251464843750e-01
1.082443594932556152e+00
4.849134385585784912e-01
7.848740816116333008e-01
7.991464138031005859e-01
7.624162435531616211e-01
7.155681848526000977e-01
9.617156386375427246e-01
7.186616659164428711e-01
6.391628980636596680e-01
6.411046981811523438e-01
7.169498801231384277e-01
6.353601813316345215e-01
4.744683206081390381e-01
7.587219476699829102e-01
3.352473676204681396e-01
5.133651494979858398e-01
5.995132923126220703e-01
7.913491129875183105e-01
7.293013930320739746e-01
4.681013524532318115e-01
1.099697589874267578e+00
5.212218761444091797e-01
5.935370326042175293e-01
3.959457874298095703e-01
1.215257883071899414e+00
4.067068994045257568e-01
5.715194940567016602e-01
5.360968708992004395e-01
7.996155023574829102e-01
9.296011328697204590e-01
5.806844234466552734e-01
7.749025225639343262e-01
6.105968952178955078e-01
8.890010118484497070e-01
4.231495261192321777e-01
1.104657888412475586e+00
7.295574545860290527e-01
1.198602080345153809e+00
8.008324503898620605e-01
9.085057973861694336e-01
7.453376054763793945e-01
5.041638612747192383e-01
4.190459847450256348e-01
5.161483287811279297e-01
7.061939239501953125e-01
1.359477400779724121e+00
5.401021838188171387e-01
9.453601241111755371e-01
8.126085996627807617e-01
5.825285911560058594e-01
8.408657312393188477e-01
9.692968130111694336e-01
4.349830746650695801e-01
8.083524107933044434e-01
5.769481062889099121e-01
8.530980944633483887e-01
9.896628856658935547e-01
6.688755750656127930e-01
4.131464958190917969e-01
4.206247329711914062e-01
4.697607457637786865e-01
1.025964140892028809e+00
7.724463939666748047e-01
1.535584449768066406e+00
7.846705317497253418e-01
9.431647658348083496e-01
1.041085362434387207e+00
5.827780961990356445e-01
6.062440872192382812e-01
5.499349236488342285e-01
7.834736704826354980e-01
5.700522661209106445e-01
7.348390817642211914e-01
8.146678805351257324e-01
1.062974452972412109e+00
6.075237393379211426e-01
5.537114143371582031e-01
5.454874038696289062e-01
8.084305524826049805e-01
4.818432033061981201e-01
4.347782731056213379e-01
5.307224988937377930e-01
3.696404397487640381e-01
8.379100561141967773e-01
6.196807026863098145e-01
7.370325922966003418e-01
4.541492164134979248e-01
9.845578670501708984e-01
9.468599557876586914e-01
4.733468294143676758e-01
5.207361578941345215e-01
1.132643103599548340e+00
5.064803957939147949e-01
7.198308706283569336e-01
1.017576217651367188e+00
5.102333426475524902e-01
5.136544704437255859e-01
5.121998786926269531e-01
6.968338489532470703e-01
6.496147513389587402e-01
6.533451676368713379e-01
4.688096642494201660e-01
8.616783618927001953e-01
9.578666687011718750e-01
8.225376605987548828e-01
7.694790363311767578e-01
7.208714485168457031e-01
7.123033404350280762e-01
6.895205974578857422e-01
7.300764322280883789e-01
1.051573753356933594e+00
6.443458795547485352e-01
1.022016048431396484e+00
1.279690980911254883e+00
6.183538436889648438e-01
6.945576667785644531e-01
1.006728887557983398e+00
1.246808052062988281e+00
1.073057055473327637e+00
6.939935684204101562e-01
5.182678103446960449e-01
7.378188967704772949e-01
7.873834967613220215e-01
7.646226286888122559e-01
8.012034893035888672e-01
1.055342435836791992e+00
1.140597343444824219e+00
7.804324030876159668e-01
6.527829170227050781e-01
5.702447891235351562e-01
5.723749995231628418e-01
5.899369716644287109e-01
8.928655982017517090e-01
1.009366035461425781e+00
8.081589937210083008e-01
5.418481230735778809e-01
6.354573965072631836e-01
5.329691767692565918e-01
1.396789431571960449e+00
7.028092741966247559e-01
8.072378635406494141e-01
1.063392996788024902e+00
6.640456914901733398e-01
1.481596469879150391e+00
7.956101298332214355e-01
6.676650047302246094e-01
7.315406203269958496e-01
9.242776632308959961e-01
7.947029471397399902e-01
8.664864897727966309e-01
1.257268548011779785e+00
6.027371883392333984e-01
1.311419486999511719e+00
4.621203839778900146e-01
8.698080778121948242e-01
8.481423854827880859e-01
8.089136481285095215e-01
8.015239238739013672e-01
1.288421869277954102e+00
9.605798721313476562e-01
9.179352521896362305e-01
6.788592338562011719e-01
1.736923098564147949e+00
9.799234867095947266e-01
6.445068717002868652e-01
6.757479906082153320e-01
1.020034551620483398e+00
5.586225986480712891e-01
8.607075214385986328e-01
9.802057743072509766e-01
7.431625127792358398e-01
6.416262984275817871e-01
6.021724939346313477e-01
9.240819215774536133e-01
5.175315141677856445e-01
5.239039659500122070e-01
4.652478396892547607e-01
8.672039508819580078e-01
3.660467863082885742e-01
7.017037272453308105e-01
6.686269640922546387e-01
7.109341025352478027e-01
6.576045751571655273e-01
6.617507934570312500e-01
6.135742664337158203e-01
6.881622076034545898e-01
8.113129138946533203e-01
9.757590293884277344e-01
5.138463973999023438e-01
1.439248323440551758e+00
8.408651351928710938e-01
5.096348524093627930e-01
1.030800819396972656e+00
1.314793229103088379e+00
6.065983772277832031e-01
1.104825854301452637e+00
9.659988284111022949e-01
6.681985259056091309e-01
4.079025983810424805e-01
7.019948959350585938e-01
4.682399928569793701e-01
9.341495037078857422e-01
5.338321328163146973e-01
6.581417322158813477e-01
1.118673682212829590e+00
1.207164764404296875e+00
5.939028263092041016e-01
8.302256464958190918e-01
7.824639678001403809e-01
5.647316575050354004e-01
6.356506347656250000e-01
5.487970113754272461e-01
6.102873086929321289e-01
6.511163711547851562e-01
6.382344961166381836e-01
5.398373603820800781e-01
3.369267880916595459e-01
6.269604563713073730e-01
6.889791488647460938e-01
7.893716692924499512e-01
5.588557720184326172e-01
4.397011697292327881e-01
6.406999826431274414e-01
9.699168205261230469e-01
7.395152449607849121e-01
8.588976263999938965e-01
1.060330629348754883e+00
8.873905539512634277e-01
5.848371386528015137e-01
8.540830612182617188e-01
8.214049339294433594e-01
4.691753089427947998e-01
7.423298358917236328e-01
5.470055341720581055e-01
9.209253191947937012e-01
6.486486792564392090e-01
5.906723141670227051e-01
5.838459134101867676e-01
3.637273311614990234e-01
3.737959563732147217e-01
6.314378380775451660e-01
7.466276884078979492e-01
6.828317046165466309e-01
6.218580603599548340e-01
4.497196674346923828e-01
4.278149008750915527e-01
6.868121623992919922e-01
5.446710586547851562e-01
4.954049587249755859e-01
6.080989241600036621e-01
6.574699878692626953e-01
5.405787229537963867e-01
3.460669219493865967e-01
4.415492415428161621e-01
3.324121832847595215e-01
4.461503028869628906e-01
6.527093052864074707e-01
5.379310250282287598e-01
4.627457559108734131e-01
4.299407601356506348e-01
5.963517427444458008e-01
7.378844022750854492e-01
7.426146268844604492e-01
7.499565482139587402e-01
4.631532430648803711e-01
4.414975643157958984e-01
4.923930764198303223e-01
6.989639997482299805e-01
1.091987371444702148e+00
5.519919395446777344e-01
5.029197931289672852e-01
5.805680155754089355e-01
6.531088352203369141e-01
3.690305948257446289e-01
5.344443917274475098e-01
6.911489963531494141e-01
8.098467588424682617e-01
7.367243766784667969e-01
7.602785825729370117e-01
5.238435864448547363e-01
5.205115079879760742e-01
6.675624847412109375e-01
1.207332134246826172e+00
1.049700617790222168e+00
9.628142118453979492e-01
7.608784437179565430e-01
5.122107267379760742e-01
5.591697096824645996e-01
9.087771177291870117e-01
5.514332056045532227e-01
8.092335462570190430e-01
5.422128438949584961e-01
8.457952737808227539e-01
1.142410397529602051e+00
9.259610176086425781e-01
1.358795166015625000e+00
1.083699941635131836e+00
9.582966566085815430e-01
1.123872995376586914e+00
1.134072303771972656e+00
1.027064085006713867e+00
9.416282176971435547e-01
1.106268882751464844e+00
1.195313692092895508e+00
9.418373107910156250e-01
7.386683225631713867e-01
8.375865221023559570e-01
8.575695753097534180e-01
9.715923666954040527e-01
8.654932975769042969e-01
7.389802336692810059e-01
8.288852572441101074e-01
9.929924011230468750e-01
1.183888673782348633e+00
1.157817363739013672e+00
1.103345632553100586e+00
6.345336437225341797e-01
6.858235597610473633e-01
7.260141372680664062e-01
7.771477103233337402e-01
3.674999177455902100e-01
6.332664489746093750e-01
6.514401435852050781e-01
6.942831277847290039e-01
7.710955142974853516e-01
5.282089710235595703e-01
5.672143101692199707e-01
6.457182168960571289e-01
6.006715297698974609e-01
6.202628612518310547e-01
6.606953144073486328e-01
6.205235123634338379e-01
5.912629961967468262e-01
9.133075475692749023e-01
4.468166530132293701e-01
5.735847353935241699e-01
6.976756453514099121e-01
7.371894717216491699e-01
5.642167925834655762e-01
7.648815512657165527e-01
5.141941308975219727e-01
9.534544944763183594e-01
6.402556896209716797e-01
1.138904809951782227e+00
8.500483036041259766e-01
1.103014588356018066e+00
7.960674762725830078e-01
1.369515419006347656e+00
1.044735908508300781e+00
1.212343811988830566e+00
9.636758565902709961e-01
1.100098848342895508e+00
1.005152583122253418e+00
1.036385297775268555e+00
9.564714431762695312e-01
8.484765291213989258e-01
3.646026253700256348e-01
1.536172151565551758e+00
8.046380877494812012e-01
9.403034448623657227e-01
1.344984889030456543e+00
9.285540580749511719e-01
1.129221558570861816e+00
6.740347743034362793e-01
1.197094917297363281e+00
9.696484804153442383e-01
8.255997896194458008e-01
7.831320166587829590e-01
7.869195342063903809e-01
5.321795344352722168e-01
1.475933909416198730e+00
8.358274698257446289e-01
9.135102629661560059e-01
7.254662513732910156e-01
1.049936413764953613e+00
9.440681338310241699e-01
9.500792026519775391e-01
6.603229045867919922e-01
1.119054198265075684e+00
1.182817459106445312e+00
9.226385354995727539e-01
1.002478122711181641e+00
8.471872806549072266e-01
9.029304981231689453e-01
1.013689041137695312e+00
9.473465681076049805e-01
1.382853984832763672e+00
9.042454957962036133e-01
6.163259744644165039e-01
1.074185013771057129e+00
6.820709109306335449e-01
6.296958923339843750e-01
6.636739969253540039e-01
9.433483481407165527e-01
5.447943210601806641e-01
8.378075957298278809e-01
8.976132273674011230e-01
5.045061111450195312e-01
5.748606920242309570e-01
8.293189406394958496e-01
9.204611778259277344e-01
4.090825021266937256e-01
4.645731151103973389e-01
4.840750396251678467e-01
4.453230798244476318e-01
5.220708250999450684e-01
4.598016440868377686e-01
6.804127693176269531e-01
5.865526199340820312e-01
1.849797368049621582e-01
6.163995265960693359e-01
9.836612939834594727e-01
1.088489294052124023e+00
4.927583634853363037e-01
4.783416688442230225e-01
9.012438058853149414e-01
7.153468132019042969e-01
9.751352667808532715e-01
7.690412402153015137e-01
5.600523948669433594e-01
5.352692604064941406e-01
9.632492065429687500e-01
8.291660547256469727e-01
1.177715539932250977e+00
1.021484375000000000e+00
9.373590350151062012e-01
6.920207738876342773e-01
1.168575406074523926e+00
6.844324469566345215e-01
8.028582334518432617e-01
1.118727445602416992e+00
8.336673974990844727e-01
6.211598515510559082e-01
5.648777484893798828e-01
5.098878145217895508e-01
6.340683698654174805e-01
9.483419656753540039e-01
6.550956368446350098e-01
5.883443951606750488e-01
5.879154205322265625e-01
6.806081533432006836e-01
5.389398336410522461e-01
7.808763980865478516e-01
9.076268672943115234e-01
6.024708747863769531e-01
7.845093607902526855e-01
5.515093803405761719e-01
6.284172534942626953e-01
5.961914658546447754e-01
6.590220928192138672e-01
6.220897436141967773e-01
8.516635894775390625e-01
8.689360022544860840e-01
4.913781583309173584e-01
6.795014142990112305e-01
1.036792039871215820e+00
6.061375141143798828e-01
6.654156446456909180e-01
7.402390241622924805e-01
6.754161119461059570e-01
7.066074609756469727e-01
4.462219476699829102e-01
7.442897558212280273e-01
7.161781191825866699e-01
5.327600836753845215e-01
7.090584039688110352e-01
4.235624969005584717e-01
5.255757570266723633e-01
6.512302160263061523e-01
2.993316650390625000e-01
3.680656552314758301e-01
5.140203833580017090e-01
6.343939900398254395e-01
4.453537166118621826e-01
4.882145524024963379e-01
7.831404209136962891e-01
7.207626104354858398e-01
4.242636859416961670e-01
4.013540744781494141e-01
4.696203470230102539e-01
5.226627588272094727e-01
4.395601451396942139e-01
4.710491299629211426e-01
8.610100746154785156e-01
6.277484893798828125e-01
6.491829752922058105e-01
4.387432336807250977e-01
5.062607526779174805e-01
7.372241020202636719e-01
4.083255231380462646e-01
4.188589751720428467e-01
7.726647257804870605e-01
7.668892145156860352e-01
8.966953158378601074e-01
4.171476364135742188e-01
5.017981529235839844e-01
6.365255117416381836e-01
5.120935440063476562e-01
5.431352853775024414e-01
5.242794752120971680e-01
4.982921779155731201e-01
7.793033123016357422e-01
7.354068756103515625e-01
9.996756315231323242e-01
7.413138747215270996e-01
6.024500131607055664e-01
5.395349860191345215e-01
1.008299350738525391e+00
7.595197558403015137e-01
7.751784324645996094e-01
6.650352478027343750e-01
5.530018806457519531e-01
1.379995346069335938e+00
6.439427733421325684e-01
8.710429668426513672e-01
4.258580803871154785e-01
3.669603765010833740e-01
5.198220014572143555e-01
6.440978050231933594e-01
4.725014567375183105e-01
3.520005643367767334e-01
5.530934333801269531e-01
5.642153024673461914e-01
6.074048280715942383e-01
3.913169503211975098e-01
3.844134211540222168e-01
4.233498275279998779e-01
5.243015885353088379e-01
3.293331563472747803e-01
4.510810375213623047e-01
3.414516448974609375e-01
4.667693376541137695e-01
4.533876180648803711e-01
2.672664523124694824e-01
5.301584601402282715e-01
3.484979271888732910e-01
5.465426445007324219e-01
2.212086617946624756e-01
4.626062512397766113e-01
5.291478633880615234e-01
5.383480787277221680e-01
1.650620996952056885e-01
3.512123823165893555e-01
5.095562934875488281e-01
2.525052726268768311e-01
4.635939598083496094e-01
4.462015032768249512e-01
3.601059317588806152e-01
3.734142482280731201e-01
2.951897978782653809e-01
3.386660814285278320e-01
3.769396543502807617e-01
2.299337238073348999e-01
3.662907779216766357e-01
2.927006483078002930e-01
5.818651914596557617e-01
3.366186618804931641e-01
7.106411457061767578e-01
5.655821561813354492e-01
5.734030008316040039e-01
6.528547406196594238e-01
3.420493304729461670e-01
4.586403369903564453e-01
7.856888175010681152e-01
5.379660725593566895e-01
5.652380585670471191e-01
8.165857195854187012e-01
1.069405913352966309e+00
8.745515346527099609e-01
6.563066244125366211e-01
5.631569027900695801e-01
8.987852334976196289e-01
6.709586381912231445e-01
6.422660350799560547e-01
3.701292872428894043e-01
6.808962225914001465e-01
6.752294301986694336e-01
6.502580642700195312e-01
7.000851631164550781e-01
6.418542861938476562e-01
5.499325990676879883e-01
3.692993819713592529e-01
6.710068583488464355e-01
1.040261864662170410e+00
1.054853916168212891e+00
4.790444076061248779e-01
4.785306453704833984e-01
5.601229667663574219e-01
5.324454307556152344e-01
6.689256429672241211e-01
6.259469985961914062e-01
6.190962791442871094e-01
5.224593281745910645e-01
6.421721577644348145e-01
6.282059550285339355e-01
6.482540369033813477e-01
6.720628142356872559e-01
6.087160110473632812e-01
4.786709249019622803e-01
3.853398561477661133e-01
5.027588009834289551e-01
6.221957206726074219e-01
6.499451994895935059e-01
4.915878474712371826e-01
5.699543952941894531e-01
4.717281460762023926e-01
4.545069932937622070e-01
9.889607429504394531e-01
6.624226570129394531e-01
5.458361506462097168e-01
6.843836307525634766e-01
6.423147916793823242e-01
7.497295141220092773e-01
5.645381212234497070e-01
9.042825698852539062e-01
6.932587027549743652e-01
6.674640178680419922e-01
5.423280000686645508e-01
9.692249298095703125e-01
5.634929537773132324e-01
6.794587969779968262e-01
5.957489609718322754e-01
4.233137071132659912e-01
7.076101303100585938e-01
1.146617293357849121e+00
6.397172808647155762e-01
7.680616378784179688e-01
6.791943311691284180e-01
7.854048013687133789e-01
1.036414861679077148e+00
9.947277903556823730e-01
1.283993363380432129e+00
1.180354833602905273e+00
7.206015586853027344e-01
8.420103788375854492e-01
7.427632808685302734e-01
7.133717536926269531e-01
6.962430477142333984e-01
7.736048102378845215e-01
6.861292719841003418e-01
6.142747402191162109e-01
9.292922019958496094e-01
5.175580978393554688e-01
6.632168292999267578e-01
6.841928362846374512e-01
6.465719938278198242e-01
9.113522768020629883e-01
7.086408138275146484e-01
6.450997591018676758e-01
8.896228075027465820e-01
4.305783212184906006e-01
1.130425572395324707e+00
8.621189594268798828e-01
4.426987767219543457e-01
7.821742892265319824e-01
4.279173612594604492e-01
8.804528117179870605e-01
7.508132457733154297e-01
4.317506551742553711e-01
3.634979724884033203e-01
6.651316881179809570e-01
5.538065433502197266e-01
8.540491461753845215e-01
1.323040723800659180e+00
4.952019155025482178e-01
7.806696891784667969e-01
9.904024600982666016e-01
6.133419275283813477e-01
8.954263925552368164e-01
1.029458045959472656e+00
9.869801402091979980e-01
7.817282080650329590e-01
7.282472848892211914e-01
8.074879050254821777e-01
1.083468914031982422e+00
5.812315344810485840e-01
6.089076995849609375e-01
5.664708614349365234e-01
1.183506965637207031e+00
5.630080699920654297e-01
6.957416534423828125e-01
5.737472772598266602e-01
4.588245749473571777e-01
8.315418958663940430e-01
4.916017055511474609e-01
7.564464807510375977e-01
8.975540995597839355e-01
6.684936881065368652e-01
7.394980192184448242e-01
5.994663834571838379e-01
7.254377603530883789e-01
8.411893844604492188e-01
8.598541617393493652e-01
7.067737579345703125e-01
5.332971811294555664e-01
7.853710651397705078e-01
7.084290981292724609e-01
6.357960700988769531e-01
5.228778123855590820e-01
9.092640876770019531e-01
7.700371146202087402e-01
4.720542430877685547e-01
7.432655692100524902e-01
4.767504632472991943e-01
4.838611781597137451e-01
3.903522491455078125e-01
1.076596021652221680e+00
6.782454848289489746e-01
5.127476453781127930e-01
6.860190629959106445e-01
3.877280652523040771e-01
5.951148271560668945e-01
6.367777585983276367e-01
4.330052733421325684e-01
5.376715660095214844e-01
9.529947638511657715e-01
1.409112334251403809e+00
5.697353482246398926e-01
9.479027986526489258e-01
6.372776627540588379e-01
7.967940568923950195e-01
9.406954646110534668e-01
8.449671268463134766e-01
1.268985986709594727e+00
6.911066770553588867e-01
3.255214095115661621e-01
5.874035954475402832e-01
1.012762427330017090e+00
5.026291608810424805e-01
7.767761945724487305e-01
8.618042469024658203e-01
1.007646560668945312e+00
6.913959383964538574e-01
5.056680440902709961e-01
6.761545538902282715e-01
7.547196745872497559e-01
6.320347785949707031e-01
8.017539978027343750e-01
5.622531771659851074e-01
4.866147935390472412e-01
5.825029015541076660e-01
9.824233055114746094e-01
7.553902864456176758e-01
7.926061153411865234e-01
6.758708357810974121e-01
5.361735820770263672e-01
6.086151003837585449e-01
9.098088741302490234e-01
5.747157335281372070e-01
8.585774302482604980e-01
7.692391276359558105e-01
6.490437984466552734e-01
7.623622417449951172e-01
7.260937690734863281e-01
1.059154152870178223e+00
1.100158810615539551e+00
8.047827482223510742e-01
7.759155631065368652e-01
5.423200130462646484e-01
8.647223711013793945e-01
7.061182856559753418e-01
6.917502284049987793e-01
6.177152395248413086e-01
8.217124342918395996e-01
8.146895766258239746e-01
7.042607069015502930e-01
1.010162115097045898e+00
8.452295064926147461e-01
6.184759140014648438e-01
1.390763998031616211e+00
7.403053641319274902e-01
5.680296421051025391e-01
1.421294450759887695e+00
1.091643095016479492e+00
1.040242671966552734e+00
9.713183641433715820e-01
9.493243694305419922e-01
9.026025533676147461e-01
1.262101292610168457e+00
7.781981825828552246e-01
9.293892383575439453e-01
8.039338588714599609e-01
7.542915344238281250e-01
4.641554355621337891e-01
5.188986063003540039e-01
1.203304290771484375e+00
6.056750416755676270e-01
7.578395605087280273e-01
5.656437277793884277e-01
8.847793936729431152e-01
7.319306731224060059e-01
9.886788129806518555e-01
9.281634092330932617e-01
1.006621837615966797e+00
9.125059843063354492e-01
9.922026395797729492e-01
1.063415765762329102e+00
7.387149333953857422e-01
1.047711372375488281e+00
4.010659158229827881e-01
3.750381469726562500e-01
5.074054598808288574e-01
8.166193366050720215e-01
5.381778478622436523e-01
5.883510708808898926e-01
5.711766481399536133e-01
5.308737754821777344e-01
6.206226348876953125e-01
8.609802722930908203e-01
7.745813727378845215e-01
3.779552578926086426e-01
5.799812078475952148e-01
4.248102307319641113e-01
7.649807333946228027e-01
7.151014208793640137e-01
7.370722293853759766e-01
6.105268001556396484e-01
5.774773359298706055e-01
3.847463130950927734e-01
8.481149077415466309e-01
4.351480007171630859e-01
6.288951635360717773e-01
1.101511120796203613e+00
6.356291770935058594e-01
5.371033549308776855e-01
6.680928468704223633e-01
5.927736759185791016e-01
5.687877535820007324e-01
5.309411883354187012e-01
7.702943682670593262e-01
9.819703102111816406e-01
5.028819441795349121e-01
6.626801490783691406e-01
5.075143575668334961e-01
7.934557795524597168e-01
5.115978717803955078e-01
8.889219760894775391e-01
6.987963914871215820e-01
5.645900368690490723e-01
2.886635065078735352e-01
7.091183066368103027e-01
6.227706670761108398e-01
6.341419219970703125e-01
9.447947740554809570e-01
5.264909863471984863e-01
7.921558618545532227e-01
8.894063234329223633e-01
6.210490465164184570e-01
8.004390597343444824e-01
5.993146300315856934e-01
8.086041212081909180e-01
3.981318175792694092e-01
4.285982847213745117e-01
5.439392328262329102e-01
4.562646150588989258e-01
6.870424747467041016e-01
5.707027316093444824e-01
6.630773544311523438e-01
6.618828177452087402e-01
3.560240268707275391e-01
4.457128643989562988e-01
4.194987416267395020e-01
3.471556603908538818e-01
4.779191613197326660e-01
6.682351827621459961e-01
4.394357204437255859e-01
4.836478829383850098e-01
7.091884613037109375e-01
9.663604497909545898e-01
4.710022211074829102e-01
8.137339949607849121e-01
4.903469979763031006e-01
7.343563437461853027e-01
6.221871972084045410e-01
4.452480971813201904e-01
6.047891974449157715e-01
9.557176828384399414e-01
5.049307346343994141e-01
4.986159205436706543e-01
3.732171654701232910e-01
2.757004499435424805e-01
6.566453576087951660e-01
5.072296261787414551e-01
6.777855753898620605e-01
4.069882333278656006e-01
3.737827539443969727e-01
6.177110671997070312e-01
4.293071627616882324e-01
6.396987438201904297e-01
4.260616898536682129e-01
3.488064408302307129e-01
7.531768083572387695e-01
4.072759747505187988e-01
6.372671127319335938e-01
6.515209674835205078e-01
4.409012794494628906e-01
5.892875790596008301e-01
3.429328203201293945e-01
7.222423553466796875e-01
5.938827395439147949e-01
6.388972401618957520e-01
6.123816967010498047e-01
6.438344717025756836e-01
6.516496539115905762e-01
1.059364557266235352e+00
4.915699958801269531e-01
7.379016280174255371e-01
5.261091589927673340e-01
3.730859756469726562e-01
4.444870352745056152e-01
2.582507133483886719e-01
4.725735187530517578e-01
6.862142086029052734e-01
5.774844884872436523e-01
7.249220609664916992e-01
4.086080789566040039e-01
7.077249884605407715e-01
4.661632478237152100e-01
4.040302932262420654e-01
4.836079776287078857e-01
9.209669828414916992e-01
4.093307256698608398e-01
9.201728701591491699e-01
5.710021853446960449e-01
5.824228525161743164e-01
5.612114071846008301e-01
5.013708472251892090e-01
5.429085493087768555e-01
6.022316217422485352e-01
5.320597290992736816e-01
4.588686227798461914e-01
6.265289187431335449e-01
3.410283327102661133e-01
7.036592960357666016e-01
3.567098081111907959e-01
4.875127673149108887e-01
8.849315047264099121e-01
4.025654494762420654e-01
5.622248053550720215e-01
3.255840837955474854e-01
3.989462852478027344e-01
2.791606783866882324e-01
3.182753324508666992e-01
3.631502985954284668e-01
3.719540834426879883e-01
4.188468158245086670e-01
3.255065083503723145e-01
1.750602424144744873e-01
3.217132687568664551e-01
3.965210914611816406e-01
3.016109466552734375e-01
4.822471141815185547e-01
3.949359655380249023e-01
2.452854365110397339e-01
4.343361258506774902e-01
2.139690518379211426e-01
5.885786414146423340e-01
3.172437548637390137e-01
2.917909324169158936e-01
6.160062551498413086e-01
3.509997725486755371e-01
3.221549987792968750e-01
5.288715362548828125e-01
3.898846805095672607e-01
2.775424420833587646e-01
3.524064719676971436e-01
4.615446925163269043e-01
6.478800773620605469e-01
5.891200304031372070e-01
3.312365412712097168e-01
2.948908209800720215e-01
3.511069715023040771e-01
4.557998776435852051e-01
5.346919894218444824e-01
2.616325020790100098e-01
3.925901055335998535e-01
2.277840077877044678e-01
4.898174703121185303e-01
2.560588717460632324e-01
5.923614501953125000e-01
5.515379309654235840e-01
6.374080181121826172e-01
6.857733130455017090e-01
6.481980085372924805e-01
6.374678015708923340e-01
4.551025032997131348e-01
2.425773590803146362e-01
7.054967880249023438e-01
5.798164606094360352e-01
3.414512872695922852e-01
5.533478856086730957e-01
6.511688828468322754e-01
3.159673511981964111e-01
3.019782304763793945e-01
7.052962183952331543e-01
3.376221358776092529e-01
6.412789821624755859e-01
5.516943931579589844e-01
6.342134475708007812e-01
4.305557012557983398e-01
5.417282581329345703e-01
5.810576677322387695e-01
7.186825275421142578e-01
6.442301869392395020e-01
5.559164881706237793e-01
6.261432170867919922e-01
4.445565938949584961e-01
5.911398530006408691e-01
6.187569499015808105e-01
2.731321454048156738e-01
3.823418617248535156e-01
6.091949939727783203e-01
4.556286931037902832e-01
5.469967126846313477e-01
4.077490568161010742e-01
6.938549876213073730e-01
3.305444419384002686e-01
4.396000504493713379e-01
3.806512951850891113e-01
5.479952096939086914e-01
2.645075321197509766e-01
1.650501787662506104e-01
3.965692222118377686e-01
4.179280400276184082e-01
4.525272250175476074e-01
3.284099400043487549e-01
3.314219415187835693e-01
4.330259561538696289e-01
4.254598319530487061e-01
5.493904352188110352e-01
2.718579769134521484e-01
5.320539474487304688e-01
6.276141405105590820e-01
7.264121770858764648e-01
3.606132864952087402e-01
6.471302509307861328e-01
4.430773258209228516e-01
3.964472413063049316e-01
4.646228253841400146e-01
3.149266541004180908e-01
1.572635024785995483e-01
2.639021575450897217e-01
5.299091339111328125e-01
4.453627467155456543e-01
1.544139683246612549e-01
6.774220466613769531e-01
3.471152484416961670e-01
3.566311299800872803e-01
2.925356626510620117e-01
3.589020967483520508e-01
3.268001079559326172e-01
3.107489943504333496e-01
2.949905097484588623e-01
2.043649256229400635e-01
4.190311133861541748e-01
3.779988288879394531e-01
2.467832416296005249e-01
1.324049979448318481e-01
1.779934465885162354e-01
2.086869925260543823e-01
1.427360922098159790e-01
3.027070760726928711e-01
3.024756014347076416e-01
2.314265966415405273e-01
1.692031472921371460e-01
1.801256835460662842e-01
9.420482814311981201e-02
3.471232652664184570e-01
2.300126403570175171e-01
3.323959112167358398e-01
1.366253197193145752e-01
2.057355642318725586e-01
2.088507860898971558e-01
3.593959212303161621e-01
2.113355100154876709e-01
1.418998241424560547e-01
2.604285776615142822e-01
2.038654983043670654e-01
2.008683681488037109e-01
2.815996408462524414e-01
1.955174803733825684e-01
2.490593791007995605e-01
1.998673975467681885e-01
2.260644733905792236e-01
3.496422767639160156e-01
3.262872397899627686e-01
3.410931825637817383e-01
2.614111304283142090e-01
1.919068396091461182e-01
3.161897063255310059e-01
1.604342162609100342e-01
2.048531174659729004e-01
2.262917160987854004e-01
5.545330047607421875e-01
4.104407429695129395e-01
2.261789143085479736e-01
3.468671739101409912e-01
2.546738088130950928e-01
2.514771819114685059e-01
3.186677396297454834e-01
3.104953467845916748e-01
2.442641109228134155e-01
2.742599844932556152e-01
2.936322987079620361e-01
2.984518110752105713e-01
5.029344558715820312e-01
3.014064133167266846e-01
2.595561742782592773e-01
3.651427030563354492e-01
2.977632284164428711e-01
2.880859971046447754e-01
4.780438840389251709e-01
1.181799098849296570e-01
2.713485062122344971e-01
3.246210217475891113e-01
3.433049321174621582e-01
4.359629154205322266e-01
3.272640109062194824e-01
1.618646681308746338e-01
1.776819229125976562e-01
4.109255075454711914e-01
1.660058796405792236e-01
2.652497291564941406e-01
4.043603837490081787e-01
2.794334888458251953e-01
4.038709998130798340e-01
3.738883733749389648e-01
2.700793147087097168e-01
1.741161942481994629e-01
2.568779885768890381e-01
3.169273734092712402e-01
3.802065551280975342e-01
4.300390481948852539e-01
4.354074001312255859e-01
2.450644671916961670e-01
3.792703151702880859e-01
2.645343840122222900e-01
2.066455781459808350e-01
2.477310895919799805e-01
3.185611963272094727e-01
2.151739895343780518e-01
2.951476275920867920e-01
2.279671430587768555e-01
1.923083066940307617e-01
1.751895248889923096e-01
4.572244286537170410e-01
2.117662727832794189e-01
2.563837468624114990e-01
2.460581958293914795e-01
3.079546093940734863e-01
1.356955319643020630e-01
3.810145556926727295e-01
4.256119132041931152e-01
4.397903084754943848e-01
3.333486914634704590e-01
2.778401374816894531e-01
2.367393821477890015e-01
1.104744672775268555e-01
3.403445482254028320e-01
2.397101223468780518e-01
3.060497641563415527e-01
3.097444772720336914e-01
1.776409000158309937e-01
1.581417620182037354e-01
2.444485425949096680e-01
2.286280244588851929e-01
2.170579433441162109e-01
2.545119225978851318e-01
3.730453848838806152e-01
1.842229068279266357e-01
2.984028458595275879e-01
2.179876863956451416e-01
1.962848603725433350e-01
2.751586437225341797e-01
2.981352210044860840e-01
2.255039066076278687e-01
1.546617299318313599e-01
2.646501362323760986e-01
2.748411893844604492e-01
2.173549234867095947e-01
3.711356818675994873e-01
3.588452339172363281e-01
3.410894274711608887e-01
3.245722055435180664e-01
4.193645715713500977e-01
3.396176695823669434e-01
2.658656537532806396e-01
3.429923653602600098e-01
2.570032477378845215e-01
5.414211750030517578e-01
1.856118142604827881e-01
4.075410962104797363e-01
2.454738318920135498e-01
3.946754932403564453e-01
3.634263873100280762e-01
3.895491063594818115e-01
1.871648877859115601e-01
2.945058643817901611e-01
2.538507282733917236e-01
2.003270834684371948e-01
4.281794428825378418e-01
4.830507934093475342e-01
3.410666584968566895e-01
1.264342069625854492e-01
3.712086677551269531e-01
4.080539941787719727e-01
3.294961750507354736e-01
6.337448358535766602e-01
4.393895566463470459e-01
4.280955791473388672e-01
3.447707891464233398e-01
3.331584334373474121e-01
3.204645514488220215e-01
2.061173766851425171e-01
2.412705868482589722e-01
2.944874167442321777e-01
4.802101552486419678e-01
4.841107130050659180e-01
2.098451852798461914e-01
2.578565478324890137e-01
6.012748479843139648e-01
2.839686274528503418e-01
3.114977478981018066e-01
3.930112123489379883e-01
5.813316106796264648e-01
4.771528840065002441e-01
4.189011454582214355e-01
2.089381515979766846e-01
4.351875483989715576e-01
2.832696735858917236e-01
3.276322782039642334e-01
3.672553300857543945e-01
2.275330275297164917e-01
4.430352449417114258e-01
3.833832740783691406e-01
3.985975384712219238e-01
3.863846957683563232e-01
3.250976204872131348e-01
3.112425804138183594e-01
3.563016057014465332e-01
2.403922080993652344e-01
5.541716814041137695e-01
3.461492955684661865e-01
4.590489566326141357e-01
3.588105142116546631e-01
2.808722853660583496e-01
3.593090772628784180e-01
6.095295548439025879e-01
4.946921467781066895e-01
2.772107124328613281e-01
2.933799624443054199e-01
3.245719075202941895e-01
3.611540198326110840e-01
4.602269828319549561e-01
3.013094663619995117e-01
4.702289700508117676e-01
6.626622676849365234e-01
4.304222464561462402e-01
6.034652590751647949e-01
5.853531360626220703e-01
3.578945100307464600e-01
7.980368137359619141e-01
4.788516163825988770e-01
8.064947128295898438e-01
4.146100878715515137e-01
2.772229909896850586e-01
5.205632448196411133e-01
5.446934700012207031e-01
3.978964984416961670e-01
5.135239362716674805e-01
3.808172643184661865e-01
4.529584050178527832e-01
5.096747875213623047e-01
3.662897944450378418e-01
6.296881437301635742e-01
2.893485128879547119e-01
1.480993926525115967e-01
5.048026442527770996e-01
3.890933990478515625e-01
5.549687147140502930e-01
3.881338536739349365e-01
5.115149021148681641e-01
2.671559453010559082e-01
1.030509829521179199e+00
1.064977884292602539e+00
8.208770155906677246e-01
6.868788003921508789e-01
5.888963937759399414e-01
5.495427250862121582e-01
1.126014351844787598e+00
6.366103887557983398e-01
6.545435786247253418e-01
6.402702331542968750e-01
5.821759700775146484e-01
9.877092838287353516e-01
5.849432945251464844e-01
6.416833400726318359e-01
4.761247038841247559e-01
6.442980766296386719e-01
6.726930141448974609e-01
5.362498760223388672e-01
5.225573778152465820e-01
4.848074316978454590e-01
6.511406302452087402e-01
5.863988399505615234e-01
6.589192748069763184e-01
4.200183749198913574e-01
4.801685512065887451e-01
6.028621196746826172e-01
4.910480678081512451e-01
5.527775883674621582e-01
8.770267963409423828e-01
5.537067055702209473e-01
1.049286365509033203e+00
1.382900238037109375e+00
4.812185168266296387e-01
6.041103601455688477e-01
6.661210060119628906e-01
6.584177017211914062e-01
5.152316093444824219e-01
6.633399128913879395e-01
4.542490839958190918e-01
7.120268344879150391e-01
6.192299723625183105e-01
7.650829553604125977e-01
8.052936792373657227e-01
5.828816890716552734e-01
1.000905036926269531e+00
3.969831168651580811e-01
7.324056029319763184e-01
6.597135066986083984e-01
6.724347472190856934e-01
8.833655714988708496e-01
6.719309687614440918e-01
9.851957559585571289e-01
5.760177373886108398e-01
8.415105342864990234e-01
7.159420847892761230e-01
6.432443857192993164e-01
4.220812320709228516e-01
5.803531408309936523e-01
6.594493985176086426e-01
3.168138265609741211e-01
6.280955672264099121e-01
7.572395205497741699e-01
6.903301477432250977e-01
9.256650209426879883e-01
9.004147052764892578e-01
7.676376104354858398e-01
8.010773062705993652e-01
9.402399063110351562e-01
6.853805780410766602e-01
1.486670494079589844e+00
1.207244753837585449e+00
8.878011107444763184e-01
8.249707221984863281e-01
9.748386144638061523e-01
1.263846874237060547e+00
1.223139762878417969e+00
9.796909093856811523e-01
1.100887417793273926e+00
1.197740912437438965e+00
7.929670214653015137e-01
6.536009311676025391e-01
7.103687524795532227e-01
7.592281699180603027e-01
6.240940690040588379e-01
6.311341524124145508e-01
5.591545701026916504e-01
9.550391435623168945e-01
9.769865870475769043e-01
4.322519302368164062e-01
4.561215043067932129e-01
5.767770409584045410e-01
7.979806661605834961e-01
5.876805186271667480e-01
4.645961225032806396e-01
6.026546955108642578e-01
8.266884088516235352e-01
6.179306507110595703e-01
9.059378504753112793e-01
4.968366026878356934e-01
6.480998992919921875e-01
1.055081605911254883e+00
6.717391014099121094e-01
7.679029703140258789e-01
6.892534494400024414e-01
6.901865005493164062e-01
8.673577308654785156e-01
6.523908376693725586e-01
8.642230033874511719e-01
6.357657909393310547e-01
8.756811618804931641e-01
6.633472442626953125e-01
1.200855016708374023e+00
5.855249762535095215e-01
8.898199796676635742e-01
4.011993110179901123e-01
5.535674691200256348e-01
7.862612009048461914e-01
6.436131000518798828e-01
7.543908953666687012e-01
9.366022348403930664e-01
5.108313560485839844e-01
8.014215230941772461e-01
3.477526605129241943e-01
5.705265998840332031e-01
6.820414066314697266e-01
3.290520012378692627e-01
5.512254238128662109e-01
6.863582134246826172e-01
8.331122398376464844e-01
6.271276473999023438e-01
3.954811990261077881e-01
4.381861090660095215e-01
6.082340478897094727e-01
4.549457728862762451e-01
5.619885921478271484e-01
1.043163299560546875e+00
9.524711370468139648e-01
8.514702320098876953e-01
8.319208621978759766e-01
4.336028099060058594e-01
8.469047546386718750e-01
4.540439546108245850e-01
5.513840913772583008e-01
5.436933636665344238e-01
8.413468599319458008e-01
8.501670360565185547e-01
5.682919025421142578e-01
6.427685022354125977e-01
7.129384279251098633e-01
4.987590909004211426e-01
5.091309547424316406e-01
7.937115430831909180e-01
8.213533163070678711e-01
6.292328834533691406e-01
4.721817970275878906e-01
6.353174448013305664e-01
7.701260447502136230e-01
4.007596373558044434e-01
3.981310129165649414e-01
8.171911239624023438e-01
5.193220973014831543e-01
4.408709406852722168e-01
8.308607935905456543e-01
9.329704046249389648e-01
4.960291087627410889e-01
4.273439049720764160e-01
6.590861678123474121e-01
5.128040313720703125e-01
4.656839072704315186e-01
8.560050725936889648e-01
7.686406970024108887e-01
5.846143364906311035e-01
6.055960059165954590e-01
6.275133490562438965e-01
9.669615030288696289e-01
7.537076473236083984e-01
6.679930090904235840e-01
5.363771915435791016e-01
4.493013322353363037e-01
5.794005393981933594e-01
7.041974067687988281e-01
6.612653136253356934e-01
4.520781934261322021e-01
3.448331356048583984e-01
9.332775473594665527e-01
7.991299629211425781e-01
7.973503470420837402e-01
7.937957644462585449e-01
7.968415617942810059e-01
7.680364847183227539e-01
5.043463706970214844e-01
8.659332990646362305e-01
7.847618460655212402e-01
9.558368921279907227e-01
6.360123157501220703e-01
9.218515753746032715e-01
5.909732580184936523e-01
1.024476051330566406e+00
5.945487022399902344e-01
4.744782149791717529e-01
6.244804859161376953e-01
5.969811081886291504e-01
3.758014142513275146e-01
8.129438757896423340e-01
5.905736088752746582e-01
4.171596169471740723e-01
5.344786643981933594e-01
6.794644594192504883e-01
6.166551113128662109e-01
4.592174887657165527e-01
6.352370977401733398e-01
5.230397582054138184e-01
5.301885604858398438e-01
7.070171833038330078e-01
3.947308063507080078e-01
5.732650756835937500e-01
3.732314705848693848e-01
6.122710704803466797e-01
3.555006682872772217e-01
5.032940506935119629e-01
1.915853917598724365e-01
7.447606921195983887e-01
6.846508979797363281e-01
5.843409299850463867e-01
3.016414940357208252e-01
5.015937089920043945e-01
6.529951691627502441e-01
6.845548152923583984e-01
6.767501831054687500e-01
3.354153335094451904e-01
6.671888828277587891e-01
8.319944143295288086e-01
5.224999785423278809e-01
4.449318349361419678e-01
7.632446289062500000e-01
6.637002825736999512e-01
3.821234107017517090e-01
4.490956068038940430e-01
4.397569894790649414e-01
6.895698904991149902e-01
5.298821330070495605e-01
3.700834214687347412e-01
6.009687781333923340e-01
2.689458429813385010e-01
6.290215849876403809e-01
8.366849422454833984e-01
3.415742814540863037e-01
6.728920936584472656e-01
6.907851696014404297e-01
3.854603469371795654e-01
7.242993116378784180e-01
4.371269345283508301e-01
5.335880517959594727e-01
8.354121446609497070e-01
5.142587423324584961e-01
7.897232770919799805e-01
1.477503180503845215e+00
5.040492415428161621e-01
7.113966345787048340e-01
5.959826111793518066e-01
4.826134145259857178e-01
7.275371551513671875e-01
1.156735420227050781e+00
9.226864576339721680e-01
8.623040914535522461e-01
5.482124090194702148e-01
6.040898561477661133e-01
5.902826786041259766e-01
8.979426622390747070e-01
6.421550512313842773e-01
6.452850103378295898e-01
1.324040889739990234e+00
6.463249921798706055e-01
5.884298086166381836e-01
1.054968953132629395e+00
5.136371850967407227e-01
5.721765756607055664e-01
1.534206748008728027e+00
7.237014174461364746e-01
7.342045307159423828e-01
8.418309092521667480e-01
8.005223274230957031e-01
9.899115562438964844e-01
8.499797582626342773e-01
5.816369056701660156e-01
5.904182195663452148e-01
9.970290660858154297e-01
6.021918654441833496e-01
5.282495021820068359e-01
8.042256832122802734e-01
4.979317784309387207e-01
8.838102817535400391e-01
5.436345338821411133e-01
8.618274927139282227e-01
1.091699123382568359e+00
7.644678950309753418e-01
9.520398378372192383e-01
9.568907618522644043e-01
7.458921670913696289e-01
7.962554693222045898e-01
8.653452396392822266e-01
5.788066983222961426e-01
5.157753825187683105e-01
5.761461257934570312e-01
4.927669167518615723e-01
5.146195888519287109e-01
1.072789669036865234e+00
5.606714487075805664e-01
7.568432092666625977e-01
3.047231137752532959e-01
8.236460685729980469e-01
3.811814188957214355e-01
3.834232985973358154e-01
1.188982605934143066e+00
1.180280447006225586e+00
1.000611782073974609e+00
5.914393067359924316e-01
4.605615139007568359e-01
6.596673727035522461e-01
8.688590526580810547e-01
6.759514808654785156e-01
8.510328531265258789e-01
5.483067631721496582e-01
6.889535188674926758e-01
5.570699572563171387e-01
6.731200218200683594e-01
7.838322520256042480e-01
1.295496463775634766e+00
6.850535273551940918e-01
4.910407960414886475e-01
7.382504940032958984e-01
7.169833183288574219e-01
7.632611989974975586e-01
8.626836538314819336e-01
7.042388916015625000e-01
5.678020715713500977e-01
9.189857840538024902e-01
8.367754220962524414e-01
6.527668833732604980e-01
1.071249961853027344e+00
5.163476467132568359e-01
4.372995793819427490e-01
8.075475692749023438e-01
8.263576030731201172e-01
6.504758596420288086e-01
5.211473107337951660e-01
9.735254049301147461e-01
1.277953386306762695e+00
7.194175720214843750e-01
1.220746755599975586e+00
6.749625205993652344e-01
4.464316964149475098e-01
7.499068975448608398e-01
6.737203001976013184e-01
6.706292629241943359e-01
3.541789054870605469e-01
4.454176127910614014e-01
5.754229426383972168e-01
5.177485346794128418e-01
6.729794740676879883e-01
5.212125778198242188e-01
1.420474052429199219e+00
6.949440240859985352e-01
4.253980815410614014e-01
1.034350872039794922e+00
5.841275453567504883e-01
4.801533818244934082e-01
8.416833281517028809e-01
7.679898142814636230e-01
9.502824544906616211e-01
6.141867637634277344e-01
4.684670865535736084e-01
5.149319171905517578e-01
1.320091247558593750e+00
7.475801706314086914e-01
9.577109217643737793e-01
6.897642016410827637e-01
5.698024034500122070e-01
8.745576143264770508e-01
4.789023995399475098e-01
5.325946807861328125e-01
8.958867788314819336e-01
6.617056131362915039e-01
6.238502264022827148e-01
8.144191503524780273e-01
5.614934563636779785e-01
5.048790574073791504e-01
6.706933975219726562e-01
7.928298711776733398e-01
4.803234934806823730e-01
5.496613979339599609e-01
5.022926926612854004e-01
5.891287326812744141e-01
6.283497214317321777e-01
3.677830696105957031e-01
4.895476996898651123e-01
4.931289553642272949e-01
7.552620768547058105e-01
8.493586778640747070e-01
4.907535016536712646e-01
5.262812376022338867e-01
5.330749750137329102e-01
3.217511773109436035e-01
4.633316695690155029e-01
4.062740206718444824e-01
6.961292028427124023e-01
3.734028339385986328e-01
9.727638959884643555e-01
3.553494811058044434e-01
5.721026062965393066e-01
5.931518673896789551e-01
3.516719341278076172e-01
7.617186307907104492e-01
6.033710837364196777e-01
8.355345129966735840e-01
5.957441926002502441e-01
6.512539982795715332e-01
5.153110027313232422e-01
6.390534639358520508e-01
1.040971040725708008e+00
5.340201854705810547e-01
6.413992643356323242e-01
4.585252404212951660e-01
6.234205961227416992e-01
4.692423045635223389e-01
3.762075304985046387e-01
3.462551832199096680e-01
4.664585292339324951e-01
5.468932390213012695e-01
7.648127079010009766e-01
3.475347161293029785e-01
4.271422028541564941e-01
4.932725429534912109e-01
4.754540324211120605e-01
5.054865479469299316e-01
3.257541656494140625e-01
3.325080871582031250e-01
7.171984910964965820e-01
5.334264636039733887e-01
4.360287189483642578e-01
4.277034997940063477e-01
5.864704847335815430e-01
6.000456809997558594e-01
4.466590285301208496e-01
4.682202041149139404e-01
3.994817733764648438e-01
5.641331672668457031e-01
3.205947875976562500e-01
7.810100913047790527e-01
4.789203107357025146e-01
4.769775569438934326e-01
4.021518230438232422e-01
4.930846393108367920e-01
7.714816927909851074e-01
5.922465920448303223e-01
7.006050944328308105e-01
3.350909352302551270e-01
2.524990737438201904e-01
4.029807746410369873e-01
5.099328756332397461e-01
4.612059593200683594e-01
4.894281625747680664e-01
2.876200079917907715e-01
5.828675031661987305e-01
5.869615674018859863e-01
3.914341926574707031e-01
3.418280780315399170e-01
7.860237956047058105e-01
3.409498333930969238e-01
5.416808128356933594e-01
6.147757768630981445e-01
7.668784856796264648e-01
4.935005605220794678e-01
3.807601630687713623e-01
4.284176826477050781e-01
6.035674810409545898e-01
3.444007039070129395e-01
6.456955671310424805e-01
6.428369879722595215e-01
4.001830518245697021e-01
4.932714700698852539e-01
6.743530035018920898e-01
4.149828553199768066e-01
4.734359979629516602e-01
2.528309226036071777e-01
2.939680218696594238e-01
3.473087549209594727e-01
4.094369113445281982e-01
4.384416341781616211e-01
3.593966662883758545e-01
2.985213696956634521e-01
4.318535029888153076e-01
4.882770776748657227e-01
4.861051440238952637e-01
4.691902101039886475e-01
5.659911036491394043e-01
6.412537097930908203e-01
3.002259433269500732e-01
3.485102355480194092e-01
6.591472029685974121e-01
3.261999785900115967e-01
5.069149732589721680e-01
6.238658428192138672e-01
8.189299106597900391e-01
2.876899242401123047e-01
3.881357610225677490e-01
6.364777088165283203e-01
5.740832090377807617e-01
5.316575169563293457e-01
4.963775277137756348e-01
4.127759337425231934e-01
4.996028840541839600e-01
5.001793503761291504e-01
5.122094154357910156e-01
5.398494601249694824e-01
4.368650317192077637e-01
4.618950486183166504e-01
5.952192544937133789e-01
3.608286380767822266e-01
8.858345746994018555e-01
5.064109563827514648e-01
4.962647557258605957e-01
3.495064973831176758e-01
5.233348011970520020e-01
7.003583312034606934e-01
6.196839213371276855e-01
7.439740896224975586e-01
7.029823660850524902e-01
4.524870514869689941e-01
5.844523310661315918e-01
5.591137409210205078e-01
4.058279991149902344e-01
4.086540639400482178e-01
3.802971839904785156e-01
5.973506569862365723e-01
4.076628088951110840e-01
5.862852334976196289e-01
5.723015069961547852e-01
4.295435547828674316e-01
5.773253440856933594e-01
4.392734766006469727e-01
6.769601106643676758e-01
7.468933463096618652e-01
5.214489102363586426e-01
5.622256994247436523e-01
4.183952212333679199e-01
5.642691850662231445e-01
2.399850934743881226e-01
4.767645597457885742e-01
5.053591132164001465e-01
7.518124580383300781e-01
2.884678840637207031e-01
3.536624312400817871e-01
3.279325366020202637e-01
4.207111299037933350e-01
4.992462098598480225e-01
4.750541448593139648e-01
4.967276751995086670e-01
5.154516696929931641e-01
6.532105803489685059e-01
5.785614252090454102e-01
6.359875202178955078e-01
5.360348224639892578e-01
4.492220580577850342e-01
8.671536445617675781e-01
4.780906438827514648e-01
4.013514220714569092e-01
5.111950635910034180e-01
5.300707817077636719e-01
7.522341609001159668e-01
5.799161195755004883e-01
4.613430202007293701e-01
6.905743479728698730e-01
3.157866597175598145e-01
4.790678918361663818e-01
4.697862863540649414e-01
4.738234281539916992e-01
7.140855789184570312e-01
5.611417293548583984e-01
3.770841062068939209e-01
4.165713191032409668e-01
6.924996376037597656e-01
7.577883005142211914e-01
5.394322872161865234e-01
6.571940183639526367e-01
6.003099679946899414e-01
3.234813511371612549e-01
6.310558319091796875e-01
5.161793828010559082e-01
4.368723630905151367e-01
4.727461040019989014e-01
6.682783365249633789e-01
5.758689045906066895e-01
6.452241539955139160e-01
3.717363476753234863e-01
5.445429682731628418e-01
5.412237048149108887e-01
5.317094326019287109e-01
5.981040000915527344e-01
8.904689550399780273e-01
5.087821483612060547e-01
5.251002907752990723e-01
4.285753369331359863e-01
7.200496196746826172e-01
6.476589441299438477e-01
4.022546708583831787e-01
7.092534303665161133e-01
4.578906893730163574e-01
6.135319471359252930e-01
4.802771210670471191e-01
6.242741942405700684e-01
6.423015594482421875e-01
5.906513333320617676e-01
2.510345578193664551e-01
5.790898799896240234e-01
4.454523921012878418e-01
5.444412231445312500e-01
4.366420209407806396e-01
7.612520456314086914e-01
3.975832462310791016e-01
4.881170988082885742e-01
6.767469644546508789e-01
4.735541343688964844e-01
5.473595857620239258e-01
6.355693936347961426e-01
7.090935111045837402e-01
6.260952949523925781e-01
4.915154576301574707e-01
5.009276866912841797e-01
4.183796346187591553e-01
6.454670429229736328e-01
4.162760674953460693e-01
5.344452261924743652e-01
4.578358829021453857e-01
7.012578845024108887e-01
6.085431575775146484e-01
6.315836906433105469e-01
5.497745275497436523e-01
4.925964474678039551e-01
8.425552248954772949e-01
4.206143617630004883e-01
6.628496646881103516e-01
5.584825873374938965e-01
5.688086748123168945e-01
5.076089501380920410e-01
8.582309484481811523e-01
6.929208636283874512e-01
7.231886386871337891e-01
8.359407782554626465e-01
9.701172709465026855e-01
7.210449576377868652e-01
1.046984791755676270e+00
7.790707349777221680e-01
5.219399333000183105e-01
6.611164212226867676e-01
5.728140473365783691e-01
1.121727228164672852e+00
5.544756054878234863e-01
4.544235467910766602e-01
7.020113468170166016e-01
6.673957705497741699e-01
3.734900951385498047e-01
5.859846472740173340e-01
5.495850443840026855e-01
7.903962135314941406e-01
1.100484013557434082e+00
9.989857673645019531e-01
7.826560735702514648e-01
6.658979654312133789e-01
5.460643768310546875e-01
6.704606413841247559e-01
8.810993432998657227e-01
5.800201892852783203e-01
1.030532002449035645e+00
7.242870330810546875e-01
8.372436761856079102e-01
7.284104228019714355e-01
7.024747133255004883e-01
8.908987045288085938e-01
6.816027164459228516e-01
1.235936641693115234e+00
7.284170389175415039e-01
5.309135317802429199e-01
6.178740859031677246e-01
6.402091383934020996e-01
7.488090395927429199e-01
6.752563714981079102e-01
7.195280790328979492e-01
6.618198752403259277e-01
4.851835966110229492e-01
7.681591510772705078e-01
7.205616235733032227e-01
5.247078537940979004e-01
7.389451861381530762e-01
7.308818697929382324e-01
9.497207999229431152e-01
7.051964998245239258e-01
9.947513341903686523e-01
7.484381198883056641e-01
8.424258232116699219e-01
4.264775216579437256e-01
4.466400742530822754e-01
4.521180391311645508e-01
4.883546233177185059e-01
4.219593405723571777e-01
5.252610445022583008e-01
4.626548886299133301e-01
5.744988918304443359e-01
6.740504503250122070e-01
1.017142295837402344e+00
2.136174291372299194e-01
5.224308967590332031e-01
5.806467533111572266e-01
5.444958209991455078e-01
7.358390688896179199e-01
8.983997106552124023e-01
7.234238982200622559e-01
7.886621952056884766e-01
6.340095996856689453e-01
5.972006320953369141e-01
4.289672970771789551e-01
4.945485591888427734e-01
4.483125209808349609e-01
5.986731052398681641e-01
6.928753852844238281e-01
4.691852033138275146e-01
4.468504190444946289e-01
5.895677208900451660e-01
5.129653811454772949e-01
4.540357291698455811e-01
5.752849578857421875e-01
1.000545978546142578e+00
4.590154886245727539e-01
3.311918079853057861e-01
5.399435758590698242e-01
5.797486305236816406e-01
4.592891335487365723e-01
4.413357675075531006e-01
3.205258846282958984e-01
4.712136685848236084e-01
5.691502094268798828e-01
3.567590117454528809e-01
5.333877205848693848e-01
4.189165830612182617e-01
5.145200490951538086e-01
4.591435194015502930e-01
9.273246526718139648e-01
4.527767598628997803e-01
3.921294212341308594e-01
4.382227063179016113e-01
5.114026069641113281e-01
7.073565721511840820e-01
2.463403642177581787e-01
3.385989665985107422e-01
3.271979093551635742e-01
4.902071654796600342e-01
3.744629025459289551e-01
4.572629332542419434e-01
6.139914989471435547e-01
4.677096605300903320e-01
4.959873557090759277e-01
2.630223333835601807e-01
2.231059670448303223e-01
3.966374099254608154e-01
7.139284014701843262e-01
6.440876126289367676e-01
4.574434459209442139e-01
4.161230921745300293e-01
5.760751962661743164e-01
4.671574532985687256e-01
6.075888872146606445e-01
4.488339126110076904e-01
4.854777753353118896e-01
5.668496489524841309e-01
4.016454815864562988e-01
3.871180415153503418e-01
6.711399555206298828e-01
5.169296860694885254e-01
3.482592105865478516e-01
6.998903751373291016e-01
5.901157259941101074e-01
5.272908806800842285e-01
6.910721063613891602e-01
7.990369200706481934e-01
5.526412725448608398e-01
5.724426507949829102e-01
7.428214550018310547e-01
7.646480798721313477e-01
6.186981201171875000e-01
1.031698703765869141e+00
8.043498396873474121e-01
9.217851161956787109e-01
1.081213235855102539e+00
1.144377470016479492e+00
9.494638442993164062e-01
5.744054317474365234e-01
6.844779253005981445e-01
7.785925269126892090e-01
9.116033911705017090e-01
6.718249320983886719e-01
4.888174235820770264e-01
6.828705668449401855e-01
6.601873040199279785e-01
7.234611511230468750e-01
9.554995894432067871e-01
7.155866026878356934e-01
5.629354715347290039e-01
5.708562731742858887e-01
6.313634514808654785e-01
9.218636751174926758e-01
6.741840243339538574e-01
7.937747836112976074e-01
5.677642822265625000e-01
6.137967109680175781e-01
5.013940930366516113e-01
7.688332796096801758e-01
6.967293620109558105e-01
6.357248425483703613e-01
5.442018508911132812e-01
4.728564023971557617e-01
8.666119575500488281e-01
8.172024488449096680e-01
1.009442567825317383e+00
4.185714125633239746e-01
4.682401120662689209e-01
5.548696517944335938e-01
6.431345939636230469e-01
6.137394905090332031e-01
6.020280122756958008e-01
9.930226802825927734e-01
4.532631337642669678e-01
4.732618331909179688e-01
7.517594695091247559e-01
5.389031767845153809e-01
9.116176366806030273e-01
5.897051692008972168e-01
4.452490210533142090e-01
3.899850845336914062e-01
5.882112979888916016e-01
5.101916790008544922e-01
4.738813042640686035e-01
6.360849142074584961e-01
4.703747630119323730e-01
8.340265154838562012e-01
5.164270401000976562e-01
5.908892750740051270e-01
6.334812641143798828e-01
4.728320240974426270e-01
3.436111211776733398e-01
6.225883960723876953e-01
6.933869123458862305e-01
4.931901395320892334e-01
5.400704741477966309e-01
8.261677026748657227e-01
6.318049430847167969e-01
6.786968708038330078e-01
7.328830957412719727e-01
8.679355978965759277e-01
1.051479578018188477e+00
1.251913785934448242e+00
8.259230852127075195e-01
5.871663093566894531e-01
1.412172198295593262e+00
6.993808746337890625e-01
9.438411593437194824e-01
7.581502199172973633e-01
6.857900023460388184e-01
6.267006397247314453e-01
7.331177592277526855e-01
7.344425916671752930e-01
6.190071105957031250e-01
8.243165016174316406e-01
7.708346247673034668e-01
4.393016695976257324e-01
6.925525665283203125e-01
4.109101295471191406e-01
8.656322360038757324e-01
8.242135047912597656e-01
7.778065204620361328e-01
5.975530147552490234e-01
7.311877012252807617e-01
4.548494219779968262e-01
3.464229702949523926e-01
8.386195898056030273e-01
8.373181819915771484e-01
4.132821261882781982e-01
6.176462173461914062e-01
5.442594289779663086e-01
5.297486782073974609e-01
7.914437055587768555e-01
4.171443581581115723e-01
3.666207492351531982e-01
7.590816020965576172e-01
3.349407613277435303e-01
2.859289646148681641e-01
4.427687525749206543e-01
3.644731640815734863e-01
7.970383167266845703e-01
