1.779199689626693726e-01
1.470138281583786011e-01
1.230028346180915833e-01
1.123534590005874634e-01
1.016001626849174500e-01
9.069303423166275024e-02
8.570072054862976074e-02
8.056945353746414185e-02
6.513118743896484375e-02
6.849057227373123169e-02
5.764733627438545227e-02
5.697251111268997192e-02
4.986789822578430176e-02
4.522123187780380249e-02
4.219704121351242065e-02
4.938186705112457275e-02
3.878744691610336304e-02
3.561664372682571411e-02
4.171162471175193787e-02
4.597267881035804749e-02
4.452036693692207336e-02
2.762966416776180267e-02
2.801755815744400024e-02
4.105607047677040100e-02
3.968764469027519226e-02
3.698029369115829468e-02
3.485767543315887451e-02
4.363520070910453796e-02
3.800804167985916138e-02
3.244405612349510193e-02
4.012513160705566406e-02
2.883053198456764221e-02
3.975677862763404846e-02
3.223231062293052673e-02
2.523692138493061066e-02
3.703164681792259216e-02
2.768472023308277130e-02
2.935077250003814697e-02
2.921038866043090820e-02
3.432351350784301758e-02
3.324246034026145935e-02
2.973722852766513824e-02
2.785646542906761169e-02
3.361067548394203186e-02
3.022358939051628113e-02
2.908527292311191559e-02
3.329904749989509583e-02
2.885523252189159393e-02
2.366310916841030121e-02
3.125130385160446167e-02
3.211026266217231750e-02
2.930724993348121643e-02
2.798506617546081543e-02
3.417585417628288269e-02
3.334506973624229431e-02
3.203631192445755005e-02
3.444217145442962646e-02
2.310644648969173431e-02
3.037969768047332764e-02
3.255602344870567322e-02
3.012161888182163239e-02
2.228750102221965790e-02
2.722869813442230225e-02
2.802897617220878601e-02
2.584571763873100281e-02
2.279705740511417389e-02
2.871113084256649017e-02
2.882025390863418579e-02
3.321252390742301941e-02
2.513165585696697235e-02
3.029603324830532074e-02
3.061975538730621338e-02
2.970525994896888733e-02
2.712413109838962555e-02
2.283998578786849976e-02
2.781668864190578461e-02
2.680861763656139374e-02
2.626504190266132355e-02
3.103161975741386414e-02
2.789954282343387604e-02
2.881189621984958649e-02
2.780721150338649750e-02
2.945275604724884033e-02
2.064565382897853851e-02
2.514688484370708466e-02
2.871919982135295868e-02
1.812858879566192627e-02
2.617326565086841583e-02
2.403724379837512970e-02
2.419036999344825745e-02
2.177494019269943237e-02
2.498480118811130524e-02
2.299446426331996918e-02
2.409164793789386749e-02
2.459503524005413055e-02
2.430557459592819214e-02
2.077917568385601044e-02
2.325073257088661194e-02
2.028350532054901123e-02
2.762181870639324188e-02
2.463024854660034180e-02
2.589444257318973541e-02
3.546720743179321289e-02
2.672806754708290100e-02
2.744504436850547791e-02
2.741546928882598877e-02
2.494890242815017700e-02
2.809352613985538483e-02
2.767540886998176575e-02
2.195836603641510010e-02
2.492316253483295441e-02
2.688201889395713806e-02
2.806386351585388184e-02
3.028920851647853851e-02
2.239214442670345306e-02
1.896685548126697540e-02
2.557394467294216156e-02
2.513945847749710083e-02
2.361463010311126709e-02
2.048167213797569275e-02
2.446425147354602814e-02
2.593107335269451141e-02
2.956241369247436523e-02
2.103757672011852264e-02
2.557480335235595703e-02
2.499575354158878326e-02
2.459598705172538757e-02
2.079269848763942719e-02
2.622582018375396729e-02
2.552432939410209656e-02
2.538800984621047974e-02
2.365670725703239441e-02
2.928528748452663422e-02
2.174624614417552948e-02
2.094728685915470123e-02
2.062666416168212891e-02
2.552163042128086090e-02
2.322857826948165894e-02
2.419656887650489807e-02
1.921456865966320038e-02
1.879163645207881927e-02
2.140990272164344788e-02
2.608675323426723480e-02
2.342786639928817749e-02
2.371709048748016357e-02
2.416478097438812256e-02
2.260377630591392517e-02
2.696276456117630005e-02
2.602952532470226288e-02
2.337428741157054901e-02
2.000710554420948029e-02
2.283062227070331573e-02
2.599128708243370056e-02
2.003559656441211700e-02
1.823053695261478424e-02
2.290079742670059204e-02
2.537453547120094299e-02
1.994164846837520599e-02
2.767897956073284149e-02
2.872908674180507660e-02
3.016489557921886444e-02
2.732292562723159790e-02
2.793144807219505310e-02
3.113751113414764404e-02
2.790237031877040863e-02
1.993888802826404572e-02
2.098358422517776489e-02
2.788181975483894348e-02
2.219073660671710968e-02
2.471878752112388611e-02
2.480305545032024384e-02
1.840790361166000366e-02
2.351261675357818604e-02
2.115444093942642212e-02
2.574918232858181000e-02
2.216245606541633606e-02
2.825851365923881531e-02
2.179040573537349701e-02
2.086731605231761932e-02
2.165706455707550049e-02
2.362962998449802399e-02
2.090041711926460266e-02
2.092232555150985718e-02
1.946442201733589172e-02
2.536724135279655457e-02
2.618211694061756134e-02
2.852655947208404541e-02
2.732934802770614624e-02
2.207890711724758148e-02
2.064477279782295227e-02
2.475221082568168640e-02
2.060541696846485138e-02
2.709361538290977478e-02
2.405925467610359192e-02
2.341693453490734100e-02
2.513789944350719452e-02
2.190439961850643158e-02
2.267447300255298615e-02
2.432759664952754974e-02
1.936723105609416962e-02
2.428086288273334503e-02
1.885645277798175812e-02
2.668245509266853333e-02
2.704682946205139160e-02
2.066556178033351898e-02
2.757862582802772522e-02
2.213235571980476379e-02
2.129144035279750824e-02
2.086411044001579285e-02
2.458178251981735229e-02
2.692398615181446075e-02
2.369850501418113708e-02
2.229096367955207825e-02
2.417077869176864624e-02
2.662360109388828278e-02
2.529740147292613983e-02
2.382786758244037628e-02
2.353610470890998840e-02
2.363603748381137848e-02
2.392102219164371490e-02
2.657519653439521790e-02
2.083105407655239105e-02
2.462023682892322540e-02
1.954175904393196106e-02
2.275252901017665863e-02
2.222755551338195801e-02
2.153723500669002533e-02
2.423798479139804840e-02
2.251828834414482117e-02
2.274070866405963898e-02
2.249127626419067383e-02
2.618084475398063660e-02
2.168635651469230652e-02
2.618055045604705811e-02
2.342862822115421295e-02
2.428004890680313110e-02
2.210431732237339020e-02
2.573005296289920807e-02
2.431521005928516388e-02
2.120495960116386414e-02
1.935251429677009583e-02
2.281578443944454193e-02
2.595154009759426117e-02
2.732704952359199524e-02
2.618457376956939697e-02
2.420303039252758026e-02
2.466003596782684326e-02
2.492335997521877289e-02
2.243270911276340485e-02
2.418820187449455261e-02
2.483173832297325134e-02
2.489459700882434845e-02
2.247642353177070618e-02
2.380241453647613525e-02
2.488869242370128632e-02
2.058586850762367249e-02
2.317770011723041534e-02
2.577691152691841125e-02
2.602113969624042511e-02
2.979666180908679962e-02
2.718990296125411987e-02
2.099620550870895386e-02
2.208156138658523560e-02
2.484584040939807892e-02
2.093686163425445557e-02
2.248252928256988525e-02
2.406911924481391907e-02
2.043918892741203308e-02
2.655876427888870239e-02
2.759827487170696259e-02
3.108461014926433563e-02
1.770370453596115112e-02
2.105968073010444641e-02
2.306578308343887329e-02
2.638498693704605103e-02
2.577822841703891754e-02
2.871933020651340485e-02
2.165451832115650177e-02
2.423819527029991150e-02
2.659029513597488403e-02
2.554072998464107513e-02
2.794546075165271759e-02
1.931213773787021637e-02
2.340237237513065338e-02
1.994839683175086975e-02
2.821484394371509552e-02
2.089866064488887787e-02
2.306591346859931946e-02
1.856263913214206696e-02
1.874941773712635040e-02
2.035057544708251953e-02
2.382152341306209564e-02
2.178943157196044922e-02
2.363867126405239105e-02
3.279898688197135925e-02
2.707559429109096527e-02
2.148913405835628510e-02
2.192393876612186432e-02
2.947105839848518372e-02
2.567582204937934875e-02
2.802017703652381897e-02
2.248082682490348816e-02
2.608920074999332428e-02
2.655789814889431000e-02
2.164599485695362091e-02
2.540488168597221375e-02
2.238825522363185883e-02
2.152462676167488098e-02
1.971357874572277069e-02
2.785437926650047302e-02
1.767216809093952179e-02
2.305621281266212463e-02
2.859715744853019714e-02
1.923827081918716431e-02
2.212428860366344452e-02
2.527330443263053894e-02
2.544217742979526520e-02
2.124222740530967712e-02
2.084969356656074524e-02
2.041991427540779114e-02
2.288267202675342560e-02
2.673754841089248657e-02
2.088575065135955811e-02
2.149978652596473694e-02
2.481621876358985901e-02
2.450577728450298309e-02
2.157783322036266327e-02
2.692164480686187744e-02
2.237680554389953613e-02
2.622187882661819458e-02
1.871756091713905334e-02
2.279566228389739990e-02
2.851446159183979034e-02
2.742205373942852020e-02
2.396842092275619507e-02
2.296032197773456573e-02
2.069381065666675568e-02
2.032680623233318329e-02
2.062002383172512054e-02
1.919094845652580261e-02
2.678691409528255463e-02
2.409848943352699280e-02
2.044744975864887238e-02
2.168918587267398834e-02
2.821173705160617828e-02
2.685172110795974731e-02
2.529583312571048737e-02
2.201381511986255646e-02
2.151316776871681213e-02
2.145446650683879852e-02
2.138183079659938812e-02
2.266610227525234222e-02
2.466502599418163300e-02
2.636518143117427826e-02
2.116096019744873047e-02
2.241414599120616913e-02
1.992236636579036713e-02
2.192962169647216797e-02
2.155888266861438751e-02
2.383760735392570496e-02
2.200278080999851227e-02
2.575267106294631958e-02
2.130807563662528992e-02
1.883527822792530060e-02
2.308622375130653381e-02
2.221401967108249664e-02
2.118516899645328522e-02
2.136805839836597443e-02
2.396007813513278961e-02
1.978475973010063171e-02
2.357053011655807495e-02
2.338263764977455139e-02
2.155658975243568420e-02
2.720775455236434937e-02
2.625040709972381592e-02
2.677044644951820374e-02
1.744090765714645386e-02
2.318024821579456329e-02
2.174900844693183899e-02
2.369147539138793945e-02
2.192149125039577484e-02
2.302419207990169525e-02
1.895796135067939758e-02
2.329199016094207764e-02
2.108485810458660126e-02
2.635177038609981537e-02
2.527351491153240204e-02
2.265153452754020691e-02
1.777867972850799561e-02
2.396730147302150726e-02
2.678127773106098175e-02
2.517785504460334778e-02
2.385833300650119781e-02
2.251731790602207184e-02
2.289780043065547943e-02
2.038384974002838135e-02
1.877177692949771881e-02
2.497508004307746887e-02
2.352261357009410858e-02
2.429367974400520325e-02
2.405383996665477753e-02
2.324388734996318817e-02
2.041337452828884125e-02
2.393017150461673737e-02
2.161294221878051758e-02
2.662148326635360718e-02
2.391287870705127716e-02
2.070757001638412476e-02
1.832338608801364899e-02
2.372616156935691833e-02
2.497025579214096069e-02
1.927083916962146759e-02
1.858407258987426758e-02
2.355585806071758270e-02
2.619695104658603668e-02
2.466486953198909760e-02
2.434208057820796967e-02
2.278927527368068695e-02
2.234370820224285126e-02
2.062988840043544769e-02
2.201411314308643341e-02
1.829149574041366577e-02
2.134495414793491364e-02
1.826314441859722137e-02
2.801139466464519501e-02
1.912389881908893585e-02
2.038178592920303345e-02
2.612601220607757568e-02
2.425942942500114441e-02
2.451845072209835052e-02
2.372078783810138702e-02
2.183795720338821411e-02
2.090560644865036011e-02
2.037235163152217865e-02
2.026855386793613434e-02
2.011392079293727875e-02
1.731721311807632446e-02
2.363379485905170441e-02
2.032122015953063965e-02
1.989548839628696442e-02
2.497601881623268127e-02
2.329318597912788391e-02
2.633497864007949829e-02
3.131942451000213623e-02
2.135208621621131897e-02
2.082671597599983215e-02
1.760604418814182281e-02
2.309395931661128998e-02
2.825666032731533051e-02
2.475190162658691406e-02
2.219700254499912262e-02
1.862139441072940826e-02
2.589146606624126434e-02
2.330124005675315857e-02
2.120122686028480530e-02
2.677678316831588745e-02
2.061636373400688171e-02
2.464177459478378296e-02
2.288967929780483246e-02
2.455732971429824829e-02
1.889457553625106812e-02
2.204932272434234619e-02
2.312010712921619415e-02
2.046237513422966003e-02
1.707659475505352020e-02
1.829453371465206146e-02
2.374144829809665680e-02
2.354976348578929901e-02
2.246770448982715607e-02
2.212142013013362885e-02
2.489050105214118958e-02
1.670130714774131775e-02
2.383660711348056793e-02
2.205301821231842041e-02
2.724955230951309204e-02
2.092968299984931946e-02
2.424866147339344025e-02
1.982793398201465607e-02
1.867396570742130280e-02
1.995348185300827026e-02
2.129432372748851776e-02
2.064189128577709198e-02
2.056092768907546997e-02
2.597131393849849701e-02
1.952514424920082092e-02
2.131422981619834900e-02
2.586882933974266052e-02
2.226750925183296204e-02
2.608818374574184418e-02
2.007908932864665985e-02
2.476863190531730652e-02
1.965568587183952332e-02
3.200527653098106384e-02
2.379068359732627869e-02
2.063949592411518097e-02
2.540161833167076111e-02
2.127750404179096222e-02
2.214599028229713440e-02
2.038184925913810730e-02
2.758777514100074768e-02
1.478605158627033234e-02
2.074253186583518982e-02
2.673898823559284210e-02
1.708689890801906586e-02
2.321436814963817596e-02
1.657349616289138794e-02
2.258416637778282166e-02
2.726539783179759979e-02
1.972358860075473785e-02
2.172621898353099823e-02
2.344868145883083344e-02
2.404129318892955780e-02
2.165061607956886292e-02
1.832669787108898163e-02
2.435087040066719055e-02
2.113721892237663269e-02
2.459918335080146790e-02
1.635126024484634399e-02
2.498713321983814240e-02
2.550773695111274719e-02
2.164815366268157959e-02
1.953487657010555267e-02
2.514532208442687988e-02
2.881399355828762054e-02
2.624367550015449524e-02
2.158744633197784424e-02
1.970462501049041748e-02
2.171680144965648651e-02
2.016879618167877197e-02
1.789546385407447815e-02
2.120338007807731628e-02
2.516756020486354828e-02
2.607377804815769196e-02
2.270582318305969238e-02
2.437912672758102417e-02
2.872244641184806824e-02
2.252906188368797302e-02
2.084298804402351379e-02
2.064003050327301025e-02
2.809197083115577698e-02
2.355329319834709167e-02
2.490022778511047363e-02
2.774577215313911438e-02
1.925816759467124939e-02
2.280577644705772400e-02
2.280149422585964203e-02
2.361594513058662415e-02
2.468600496649742126e-02
1.939402893185615540e-02
2.223106659948825836e-02
1.754760928452014923e-02
2.773370780050754547e-02
2.145413309335708618e-02
2.429129555821418762e-02
2.635852061212062836e-02
2.057509310543537140e-02
2.405117452144622803e-02
2.296406216919422150e-02
2.377236075699329376e-02
2.205208130180835724e-02
2.231425791978836060e-02
2.309104427695274353e-02
2.546600624918937683e-02
2.525481395423412323e-02
2.092519588768482208e-02
1.923662424087524414e-02
2.062811888754367828e-02
2.377283014357089996e-02
2.099558524787425995e-02
2.466521039605140686e-02
2.841087430715560913e-02
2.294759079813957214e-02
2.123075351119041443e-02
2.062775753438472748e-02
1.902081072330474854e-02
2.462077699601650238e-02
2.142931520938873291e-02
2.463104017078876495e-02
2.078703604638576508e-02
2.512204460799694061e-02
2.226187288761138916e-02
2.664973400533199310e-02
1.923231035470962524e-02
2.213372662663459778e-02
2.545569650828838348e-02
2.425770834088325500e-02
2.173448726534843445e-02
2.469276264309883118e-02
2.340826019644737244e-02
2.049802616238594055e-02
2.400319091975688934e-02
2.226732298731803894e-02
2.064573206007480621e-02
2.026754803955554962e-02
2.006638236343860626e-02
2.390113286674022675e-02
2.365464717149734497e-02
2.312907576560974121e-02
1.927530765533447266e-02
2.609858289361000061e-02
2.203759923577308655e-02
2.089166827499866486e-02
2.076972089707851410e-02
1.847336068749427795e-02
1.986309327185153961e-02
2.536777034401893616e-02
2.358458936214447021e-02
2.058415301144123077e-02
2.397947758436203003e-02
2.166360802948474884e-02
2.364023961126804352e-02
2.178863249719142914e-02
2.484196983277797699e-02
2.249954268336296082e-02
2.557011507451534271e-02
2.407703362405300140e-02
2.538410574197769165e-02
2.105065807700157166e-02
2.522760070860385895e-02
1.792162843048572540e-02
2.085566520690917969e-02
1.959923654794692993e-02
2.511235140264034271e-02
1.978979259729385376e-02
2.558639459311962128e-02
2.672542259097099304e-02
2.416220493614673615e-02
2.195057645440101624e-02
2.295549027621746063e-02
2.286292053759098053e-02
2.786204405128955841e-02
2.168588712811470032e-02
2.034972235560417175e-02
2.456397376954555511e-02
2.936452813446521759e-02
2.546437084674835205e-02
2.695556171238422394e-02
2.136198244988918304e-02
1.989017054438591003e-02
2.559942752122879028e-02
2.077798917889595032e-02
2.465942874550819397e-02
2.384749241173267365e-02
2.155571430921554565e-02
2.414025180041790009e-02
2.068336308002471924e-02
2.376133203506469727e-02
2.847518399357795715e-02
2.713864110410213470e-02
2.538278512656688690e-02
2.222284488379955292e-02
2.177047729492187500e-02
2.142726443707942963e-02
2.308589406311511993e-02
1.973478682339191437e-02
2.482268027961254120e-02
1.726169511675834656e-02
2.825137972831726074e-02
2.279695682227611542e-02
1.923149824142456055e-02
2.776335366070270538e-02
2.019271440804004669e-02
2.249343134462833405e-02
2.046015672385692596e-02
2.108333446085453033e-02
2.215706929564476013e-02
2.473981864750385284e-02
2.149996720254421234e-02
2.378933690488338470e-02
2.173793129622936249e-02
2.566992491483688354e-02
2.191652916371822357e-02
2.538013644516468048e-02
2.292789146304130554e-02
2.459210157394409180e-02
2.336231991648674011e-02
2.036226540803909302e-02
1.960425078868865967e-02
2.661790326237678528e-02
2.215090207755565643e-02
2.259775809943675995e-02
2.280365489423274994e-02
2.157549932599067688e-02
2.471631951630115509e-02
2.241716533899307251e-02
1.557364873588085175e-02
2.476612478494644165e-02
2.111938036978244781e-02
2.401824854314327240e-02
2.269379422068595886e-02
1.846326887607574463e-02
1.924754679203033447e-02
2.287689596414566040e-02
2.315327525138854980e-02
2.160064131021499634e-02
2.484996989369392395e-02
2.271883562207221985e-02
1.563361473381519318e-02
2.356281131505966187e-02
2.071158215403556824e-02
2.213009446859359741e-02
2.328137122094631195e-02
2.210083976387977600e-02
2.054743468761444092e-02
1.744409278035163879e-02
2.304359339177608490e-02
2.210610732436180115e-02
2.396344952285289764e-02
2.355685830116271973e-02
2.385484986007213593e-02
2.354832738637924194e-02
2.636518515646457672e-02
2.059845626354217529e-02
2.390463836491107941e-02
1.900800503790378571e-02
2.024871669709682465e-02
2.205561660230159760e-02
2.518701180815696716e-02
2.381875924766063690e-02
1.926591806113719940e-02
2.034160122275352478e-02
2.109012007713317871e-02
1.993688382208347321e-02
2.465141564607620239e-02
2.238728851079940796e-02
2.541611157357692719e-02
1.783010922372341156e-02
2.242649160325527191e-02
1.861856132745742798e-02
1.797395199537277222e-02
2.215305715799331665e-02
2.329159714281558990e-02
1.945729553699493408e-02
2.080698683857917786e-02
2.012840099632740021e-02
2.078859321773052216e-02
2.249306999146938324e-02
2.186989784240722656e-02
2.132315747439861298e-02
2.054912596940994263e-02
1.889334991574287415e-02
2.111154980957508087e-02
1.898180693387985229e-02
1.691199094057083130e-02
2.180629968643188477e-02
1.576551608741283417e-02
1.975031010806560516e-02
2.297482825815677643e-02
1.981787197291851044e-02
2.205503173172473907e-02
2.252799458801746368e-02
2.238773368299007416e-02
2.052268758416175842e-02
1.862527430057525635e-02
2.163482643663883209e-02
1.615941338241100311e-02
2.564809657633304596e-02
2.314727008342742920e-02
2.163308486342430115e-02
1.784572005271911621e-02
2.425607852637767792e-02
1.904895342886447906e-02
2.181026525795459747e-02
1.802544854581356049e-02
2.056970633566379547e-02
2.244008705019950867e-02
1.898801699280738831e-02
2.122597023844718933e-02
2.131209336221218109e-02
2.430789731442928314e-02
2.154772914946079254e-02
1.883637160062789917e-02
2.055947668850421906e-02
1.915604993700981140e-02
2.674284949898719788e-02
1.301054470241069794e-02
2.103616110980510712e-02
2.150574140250682831e-02
2.381445467472076416e-02
2.006173506379127502e-02
2.435226924717426300e-02
2.323457971215248108e-02
2.336660213768482208e-02
1.902245357632637024e-02
1.891333982348442078e-02
2.137343958020210266e-02
2.334237657487392426e-02
2.015581727027893066e-02
2.523205801844596863e-02
1.944018714129924774e-02
1.692322082817554474e-02
2.214696258306503296e-02
2.096386998891830444e-02
2.127151936292648315e-02
1.752831228077411652e-02
2.152980491518974304e-02
1.973554491996765137e-02
1.927533932030200958e-02
1.858443580567836761e-02
2.244971506297588348e-02
2.293669804930686951e-02
2.444082498550415039e-02
2.162257954478263855e-02
1.833536289632320404e-02
2.289231866598129272e-02
2.058265171945095062e-02
1.865086890757083893e-02
1.772499084472656250e-02
1.938916370272636414e-02
2.020293660461902618e-02
1.986550912261009216e-02
2.223019115626811981e-02
1.715987548232078552e-02
2.288941852748394012e-02
1.550530921667814255e-02
1.908380538225173950e-02
2.215606905519962311e-02
2.685372345149517059e-02
1.877575553953647614e-02
2.042525634169578552e-02
1.778587885200977325e-02
2.468800544738769531e-02
1.947902888059616089e-02
1.917184703052043915e-02
2.085098065435886383e-02
1.790945604443550110e-02
2.025907672941684723e-02
2.126111276447772980e-02
2.473850920796394348e-02
2.137653343379497528e-02
1.776285097002983093e-02
1.974977180361747742e-02
2.073643356561660767e-02
1.728031225502490997e-02
2.358820661902427673e-02
1.946850307285785675e-02
1.924245432019233704e-02
2.189465239644050598e-02
1.749616302549839020e-02
2.727640233933925629e-02
1.935531198978424072e-02
1.995972916483879089e-02
2.475984953343868256e-02
1.969243586063385010e-02
2.224302105605602264e-02
2.028915658593177795e-02
2.301339246332645416e-02
1.901836134493350983e-02
1.696366444230079651e-02
2.199917472898960114e-02
1.800097897648811340e-02
1.985859312117099762e-02
2.103455923497676849e-02
1.779827103018760681e-02
2.534813620150089264e-02
1.711553521454334259e-02
2.608666196465492249e-02
2.199642173945903778e-02
1.429976429790258408e-02
1.903987862169742584e-02
2.031430415809154510e-02
2.357316575944423676e-02
1.496109645813703537e-02
1.937954500317573547e-02
2.065108716487884521e-02
1.621803268790245056e-02
2.168177254498004913e-02
1.878117583692073822e-02
2.033203840255737305e-02
1.902266778051853180e-02
2.089585922658443451e-02
1.553962938487529755e-02
2.063211239874362946e-02
2.008922025561332703e-02
1.967184245586395264e-02
2.117526158690452576e-02
2.461737953126430511e-02
2.252004668116569519e-02
2.273422107100486755e-02
2.147022075951099396e-02
2.367033064365386963e-02
2.192657068371772766e-02
1.712979376316070557e-02
2.193099260330200195e-02
2.412175387144088745e-02
1.672331802546977997e-02
1.824699342250823975e-02
1.959612034261226654e-02
2.081620320677757263e-02
2.128210477530956268e-02
1.887763850390911102e-02
1.710884459316730499e-02
2.125034295022487640e-02
1.787598803639411926e-02
2.038079500198364258e-02
2.317056618630886078e-02
2.760637737810611725e-02
1.607784256339073181e-02
1.936835236847400665e-02
2.418050169944763184e-02
1.346308458596467972e-02
2.062267251312732697e-02
1.812640205025672913e-02
2.085573971271514893e-02
2.033552713692188263e-02
2.402990497648715973e-02
2.016563154757022858e-02
2.034068293869495392e-02
1.990743540227413177e-02
1.833138987421989441e-02
1.941644400358200073e-02
2.251713722944259644e-02
1.637959852814674377e-02
1.828249543905258179e-02
2.046894095838069916e-02
2.468134462833404541e-02
2.342145144939422607e-02
2.500300295650959015e-02
2.065047994256019592e-02
1.963501982390880585e-02
2.167606353759765625e-02
2.098067291080951691e-02
2.232800424098968506e-02
2.154206484556198120e-02
1.638916693627834320e-02
2.125851809978485107e-02
1.821032166481018066e-02
2.016796171665191650e-02
2.398279495537281036e-02
2.485133521258831024e-02
2.357713505625724792e-02
2.394773066043853760e-02
2.193754166364669800e-02
1.746580190956592560e-02
2.029812708497047424e-02
2.008464746177196503e-02
1.755334436893463135e-02
1.991944946348667145e-02
2.348320372402667999e-02
1.604733802378177643e-02
1.822212524712085724e-02
1.737507246434688568e-02
2.266071736812591553e-02
1.666125468909740448e-02
1.896056905388832092e-02
2.355391159653663635e-02
2.764876745641231537e-02
1.992381922900676727e-02
1.387909986078739166e-02
2.072159014642238617e-02
2.224260568618774414e-02
1.748604886233806610e-02
2.205771766602993011e-02
1.814726181328296661e-02
2.009302563965320587e-02
1.813557557761669159e-02
1.949194632470607758e-02
1.655893214046955109e-02
1.792155206203460693e-02
1.808371953666210175e-02
2.118524722754955292e-02
1.891266368329524994e-02
2.182884514331817627e-02
2.278422005474567413e-02
1.734207943081855774e-02
2.036794461309909821e-02
1.938076689839363098e-02
1.925947330892086029e-02
1.935581304132938385e-02
1.833128184080123901e-02
2.450986579060554504e-02
1.924430951476097107e-02
1.710977591574192047e-02
1.995122618973255157e-02
2.483266405761241913e-02
2.045470848679542542e-02
2.239398844540119171e-02
1.676203124225139618e-02
2.103953808546066284e-02
1.759365387260913849e-02
2.090422436594963074e-02
2.238664589822292328e-02
1.899544335901737213e-02
1.926668547093868256e-02
1.962097920477390289e-02
2.198281884193420410e-02
2.081073075532913208e-02
1.818851009011268616e-02
1.746234484016895294e-02
2.451285719871520996e-02
1.718156412243843079e-02
2.058910205960273743e-02
1.969791576266288757e-02
2.177141420543193817e-02
1.811327412724494934e-02
2.010256238281726837e-02
1.828562468290328979e-02
2.122743800282478333e-02
1.810009777545928955e-02
1.955458521842956543e-02
1.522204186767339706e-02
1.693592593073844910e-02
2.133456990122795105e-02
1.784283667802810669e-02
2.077853679656982422e-02
1.857406087219715118e-02
1.976645179092884064e-02
2.317913807928562164e-02
1.617866754531860352e-02
2.062669396400451660e-02
2.120387367904186249e-02
2.127894200384616852e-02
2.326214499771595001e-02
1.654516719281673431e-02
1.676938124001026154e-02
1.805183291435241699e-02
1.690065301954746246e-02
1.933323405683040619e-02
2.038135379552841187e-02
2.619714289903640747e-02
1.947649940848350525e-02
1.633665710687637329e-02
1.807937771081924438e-02
1.654670387506484985e-02
2.011765167117118835e-02
1.862471178174018860e-02
1.725859008729457855e-02
2.166578732430934906e-02
1.712215691804885864e-02
2.303426712751388550e-02
1.680433005094528198e-02
1.792301051318645477e-02
1.894642598927021027e-02
1.685223542153835297e-02
1.936649158596992493e-02
1.956053264439105988e-02
2.012195996940135956e-02
1.518055703490972519e-02
1.880430243909358978e-02
1.914951577782630920e-02
2.025118283927440643e-02
2.222668007016181946e-02
1.826869323849678040e-02
1.753066852688789368e-02
1.930268853902816772e-02
2.088562957942485809e-02
2.002213522791862488e-02
1.467450615018606186e-02
2.084415592253208160e-02
1.854816451668739319e-02
2.095656283199787140e-02
1.477718167006969452e-02
2.136848121881484985e-02
2.507021278142929077e-02
1.678507775068283081e-02
2.061671204864978790e-02
1.703965663909912109e-02
1.756554469466209412e-02
1.975994370877742767e-02
1.468038745224475861e-02
1.767188869416713715e-02
1.764306984841823578e-02
2.188458852469921112e-02
1.914361305534839630e-02
2.021473646163940430e-02
2.123285457491874695e-02
1.971219107508659363e-02
2.457348816096782684e-02
1.932818256318569183e-02
1.929950900375843048e-02
2.117768488824367523e-02
1.357467658817768097e-02
2.155143953859806061e-02
1.340642943978309631e-02
1.733476854860782623e-02
1.850193738937377930e-02
1.578850112855434418e-02
2.095968462526798248e-02
2.175239846110343933e-02
1.872112974524497986e-02
2.058363705873489380e-02
1.899823918938636780e-02
1.845328137278556824e-02
1.946645975112915039e-02
1.532127801328897476e-02
1.495139393955469131e-02
1.902305148541927338e-02
2.164332009851932526e-02
1.859099976718425751e-02
1.953821443021297455e-02
1.509868633002042770e-02
2.109017036855220795e-02
2.273607254028320312e-02
1.673049107193946838e-02
1.436680741608142853e-02
1.933505572378635406e-02
2.337225340306758881e-02
2.131635695695877075e-02
1.726588793098926544e-02
2.113584056496620178e-02
1.833827979862689972e-02
2.164271846413612366e-02
2.053383551537990570e-02
1.968222670257091522e-02
1.902175694704055786e-02
2.237910218536853790e-02
1.680116727948188782e-02
1.354258041828870773e-02
2.351748198270797729e-02
2.162354625761508942e-02
2.063603140413761139e-02
1.617473177611827850e-02
1.829649507999420166e-02
1.837014220654964447e-02
2.384399436414241791e-02
1.839796267449855804e-02
1.938360743224620819e-02
1.861193031072616577e-02
2.135247178375720978e-02
1.777591556310653687e-02
1.444609649479389191e-02
2.147994190454483032e-02
2.345135621726512909e-02
1.502811815589666367e-02
1.912817731499671936e-02
1.471739355474710464e-02
1.979333721101284027e-02
1.359260454773902893e-02
1.937626302242279053e-02
2.215224318206310272e-02
1.843889616429805756e-02
1.438919268548488617e-02
1.679492369294166565e-02
1.958172582089900970e-02
2.119974605739116669e-02
2.049352601170539856e-02
2.214302308857440948e-02
2.150969021022319794e-02
1.992933824658393860e-02
1.633166335523128510e-02
2.137966640293598175e-02
1.584499888122081757e-02
1.810546591877937317e-02
1.928738318383693695e-02
2.068344689905643463e-02
1.924115419387817383e-02
1.673549227416515350e-02
1.832032017409801483e-02
1.739031448960304260e-02
2.093890868127346039e-02
1.704776845872402191e-02
1.390649378299713135e-02
1.750560104846954346e-02
1.786130107939243317e-02
1.810926012694835663e-02
1.728954538702964783e-02
2.094343118369579315e-02
1.878942176699638367e-02
1.609415374696254730e-02
1.639989390969276428e-02
2.311858721077442169e-02
1.626082696020603180e-02
2.185767889022827148e-02
1.749070920050144196e-02
1.733557879924774170e-02
1.865989342331886292e-02
1.784268394112586975e-02
2.244491502642631531e-02
2.052180469036102295e-02
2.069541811943054199e-02
1.775155216455459595e-02
1.887774467468261719e-02
1.910797134041786194e-02
1.906896941363811493e-02
1.611430197954177856e-02
1.668688096106052399e-02
1.621094904839992523e-02
1.970893703401088715e-02
1.959767006337642670e-02
1.691580004990100861e-02
1.717942580580711365e-02
2.003140747547149658e-02
1.607779785990715027e-02
1.836133003234863281e-02
1.767565868794918060e-02
1.955056190490722656e-02
1.947575435042381287e-02
1.886982843279838562e-02
1.813486963510513306e-02
1.668608747422695160e-02
1.742685027420520782e-02
1.664460077881813049e-02
1.944543235003948212e-02
1.484525948762893677e-02
2.091482840478420258e-02
1.558353938162326813e-02
2.074125595390796661e-02
1.782006397843360901e-02
2.356522716581821442e-02
1.764671318233013153e-02
1.518617104738950729e-02
1.359275821596384048e-02
1.314232591539621353e-02
2.048181183636188507e-02
1.732923276722431183e-02
1.839895732700824738e-02
2.096679992973804474e-02
1.882534846663475037e-02
1.634420081973075867e-02
1.771773584187030792e-02
2.543565072119235992e-02
1.774351671338081360e-02
1.648764126002788544e-02
1.445096917450428009e-02
2.122301049530506134e-02
1.268931850790977478e-02
1.883160509169101715e-02
1.657613553106784821e-02
1.711053401231765747e-02
2.117809467017650604e-02
2.211925014853477478e-02
2.357804216444492340e-02
1.695872843265533447e-02
1.952921599149703979e-02
2.060503885149955750e-02
1.865150965750217438e-02
1.700237765908241272e-02
2.051658742129802704e-02
1.779416948556900024e-02
2.167944796383380890e-02
1.904434338212013245e-02
1.923988386988639832e-02
1.639550924301147461e-02
1.679885759949684143e-02
1.918952539563179016e-02
1.784308999776840210e-02
1.752253435552120209e-02
1.805558986961841583e-02
2.110964432358741760e-02
1.988510973751544952e-02
2.201068960130214691e-02
1.722539588809013367e-02
1.863034814596176147e-02
1.676441915333271027e-02
1.869546063244342804e-02
2.360336296260356903e-02
1.681001111865043640e-02
1.454828586429357529e-02
1.566690765321254730e-02
1.580789685249328613e-02
1.574628800153732300e-02
1.634375937283039093e-02
1.406705286353826523e-02
2.007667906582355499e-02
1.571302488446235657e-02
1.677873544394969940e-02
1.677373051643371582e-02
1.753814332187175751e-02
1.481754425913095474e-02
2.171642519533634186e-02
1.734090782701969147e-02
1.680934615433216095e-02
2.083653211593627930e-02
1.694144867360591888e-02
1.968150399625301361e-02
1.666478626430034637e-02
1.638213731348514557e-02
1.987976208329200745e-02
1.649366691708564758e-02
1.368590071797370911e-02
2.013362012803554535e-02
1.918366365134716034e-02
2.141936682164669037e-02
1.422600075602531433e-02
2.040330320596694946e-02
2.195255458354949951e-02
1.686104945838451385e-02
2.209289558231830597e-02
1.693154126405715942e-02
2.088550105690956116e-02
1.849108748137950897e-02
1.638912595808506012e-02
1.678537763655185699e-02
2.141901291906833649e-02
1.919714733958244324e-02
1.644344441592693329e-02
1.452076621353626251e-02
1.825148798525333405e-02
1.768572814762592316e-02
1.952296309173107147e-02
1.627059839665889740e-02
1.790839433670043945e-02
1.811417751014232635e-02
1.861898787319660187e-02
1.557642314583063126e-02
1.864187419414520264e-02
1.462407223880290985e-02
1.653955131769180298e-02
1.947896182537078857e-02
1.441646460443735123e-02
1.513531059026718140e-02
1.686393469572067261e-02
1.696388982236385345e-02
2.059266902506351471e-02
1.916524581611156464e-02
1.528594642877578735e-02
1.709838025271892548e-02
1.875094138085842133e-02
1.528205629438161850e-02
1.812585815787315369e-02
1.802179403603076935e-02
1.364327315241098404e-02
1.433299668133258820e-02
2.168213017284870148e-02
1.442452799528837204e-02
1.698348484933376312e-02
1.428126171231269836e-02
1.753750257194042206e-02
1.892736926674842834e-02
1.528165210038423538e-02
2.275690808892250061e-02
1.612576842308044434e-02
1.855421811342239380e-02
1.516385376453399658e-02
1.236660592257976532e-02
1.647665910422801971e-02
1.528056710958480835e-02
1.813905872404575348e-02
1.742065697908401489e-02
1.791209913790225983e-02
2.038073539733886719e-02
1.751717738807201385e-02
1.716312207281589508e-02
1.626419648528099060e-02
1.748739741742610931e-02
1.861095987260341644e-02
1.516261417418718338e-02
1.502511277794837952e-02
1.454230677336454391e-02
1.658649556338787079e-02
1.371116843074560165e-02
1.269043050706386566e-02
1.572632603347301483e-02
1.501218602061271667e-02
1.949581131339073181e-02
1.155399437993764877e-02
1.986825466156005859e-02
1.451668236404657364e-02
2.357063814997673035e-02
1.455563306808471680e-02
1.521556731313467026e-02
1.319607812911272049e-02
1.556983496993780136e-02
1.652382127940654755e-02
1.871286146342754364e-02
1.492107752710580826e-02
1.429175678640604019e-02
1.507925800979137421e-02
1.804435811936855316e-02
1.221727486699819565e-02
1.501021347939968109e-02
1.798524521291255951e-02
1.555318199098110199e-02
1.292967889457941055e-02
1.551520917564630508e-02
1.720178499817848206e-02
1.555657293647527695e-02
1.407777052372694016e-02
1.403516717255115509e-02
1.048042718321084976e-02
1.424113847315311432e-02
1.574027910828590393e-02
1.967910677194595337e-02
1.310385856777429581e-02
1.358135603368282318e-02
1.552632078528404236e-02
1.423979923129081726e-02
1.933648250997066498e-02
1.399447210133075714e-02
1.454529818147420883e-02
1.565288752317428589e-02
1.692223921418190002e-02
1.412004977464675903e-02
1.526228431612253189e-02
1.892407238483428955e-02
1.634825207293033600e-02
1.431899890303611755e-02
1.424238830804824829e-02
1.531337853521108627e-02
1.091214921325445175e-02
1.441165246069431305e-02
1.261234283447265625e-02
1.060518529266119003e-02
1.456011086702346802e-02
1.670149154961109161e-02
1.947435364127159119e-02
1.829739101231098175e-02
1.443606987595558167e-02
1.915777660906314850e-02
1.509410794824361801e-02
1.835009828209877014e-02
1.327988691627979279e-02
1.704388670623302460e-02
1.448536384850740433e-02
1.745747588574886322e-02
1.509368885308504105e-02
1.466325204819440842e-02
1.617554575204849243e-02
1.892373897135257721e-02
1.496347598731517792e-02
1.150543615221977234e-02
1.513135619461536407e-02
1.517654396593570709e-02
1.267126202583312988e-02
1.450729556381702423e-02
1.541369035840034485e-02
1.414567790925502777e-02
1.533068064600229263e-02
1.281019486486911774e-02
1.408585347235202789e-02
1.845468580722808838e-02
1.362893171608448029e-02
1.516280416399240494e-02
1.469191163778305054e-02
1.711624674499034882e-02
9.036755189299583435e-03
1.191375497728586197e-02
1.264827884733676910e-02
1.459350623190402985e-02
1.602859422564506531e-02
1.583031937479972839e-02
1.315088570117950439e-02
1.457490865141153336e-02
1.179140619933605194e-02
1.360293757170438766e-02
1.204720418900251389e-02
1.322871353477239609e-02
1.490469742566347122e-02
1.315607130527496338e-02
1.226205285638570786e-02
1.164346002042293549e-02
1.328193210065364838e-02
1.294751092791557312e-02
1.542428880929946899e-02
1.339656021445989609e-02
1.150086428970098495e-02
1.344921626150608063e-02
1.368379499763250351e-02
1.266194228082895279e-02
1.344148349016904831e-02
1.141495257616043091e-02
1.402922999113798141e-02
1.444025337696075439e-02
1.263664569705724716e-02
1.617788523435592651e-02
1.075614988803863525e-02
1.514285895973443985e-02
1.102516893297433853e-02
1.353809610009193420e-02
1.264339126646518707e-02
2.021723799407482147e-02
1.247538439929485321e-02
1.610391214489936829e-02
1.572471484541893005e-02
1.474799029529094696e-02
1.208260562270879745e-02
1.432569138705730438e-02
1.390527468174695969e-02
1.535829156637191772e-02
1.743820309638977051e-02
1.599020138382911682e-02
1.504878979176282883e-02
1.028886903077363968e-02
1.373904664069414139e-02
1.359973289072513580e-02
1.460956037044525146e-02
1.574560627341270447e-02
1.333854719996452332e-02
1.528705004602670670e-02
1.213668938726186752e-02
1.702719181776046753e-02
1.663538999855518341e-02
1.321685221046209335e-02
1.502613909542560577e-02
1.103483512997627258e-02
1.482887286692857742e-02
8.957787416875362396e-03
1.342856138944625854e-02
1.480222959071397781e-02
9.195958264172077179e-03
1.518496870994567871e-02
1.122979447245597839e-02
1.451828703284263611e-02
1.291741617023944855e-02
1.405088324099779129e-02
1.633598841726779938e-02
1.335618458688259125e-02
1.574027352035045624e-02
1.329195406287908554e-02
1.488620694726705551e-02
1.307001151144504547e-02
9.910127148032188416e-03
1.298444997519254684e-02
9.618442505598068237e-03
1.488830801099538803e-02
1.145903673022985458e-02
1.453382987529039383e-02
1.555642113089561462e-02
1.688260957598686218e-02
1.595934480428695679e-02
1.415126211941242218e-02
1.258534472435712814e-02
1.617810875177383423e-02
1.074681337922811508e-02
1.371555682271718979e-02
1.091926917433738708e-02
1.291051786392927170e-02
1.348805800080299377e-02
1.420995406806468964e-02
1.127375569194555283e-02
1.317867729812860489e-02
1.037492789328098297e-02
1.192770525813102722e-02
1.316100265830755234e-02
9.726869873702526093e-03
1.127022039145231247e-02
1.545843016356229782e-02
1.446259021759033203e-02
1.916801556944847107e-02
1.063205022364854813e-02
1.315174158662557602e-02
1.143425889313220978e-02
1.021332293748855591e-02
1.222690846771001816e-02
1.406839583069086075e-02
1.241904869675636292e-02
1.011113543063402176e-02
1.254876889288425446e-02
1.395488902926445007e-02
1.314310636371374130e-02
1.242034137248992920e-02
1.304207928478717804e-02
9.502379223704338074e-03
9.773816913366317749e-03
9.861271828413009644e-03
1.192352641373872757e-02
1.166648324579000473e-02
1.519828196614980698e-02
7.881648838520050049e-03
1.378578878939151764e-02
1.161293964833021164e-02
1.422985922545194626e-02
1.384050399065017700e-02
1.308124419301748276e-02
1.202129106968641281e-02
1.170730963349342346e-02
1.432991307228803635e-02
1.230944786220788956e-02
1.317561417818069458e-02
1.344738900661468506e-02
1.143717858940362930e-02
1.157595682889223099e-02
1.096175704151391983e-02
1.410354115068912506e-02
9.532811120152473450e-03
1.255246251821517944e-02
1.199854165315628052e-02
1.336716301739215851e-02
1.321100071072578430e-02
1.301083993166685104e-02
1.312244869768619537e-02
9.382111951708793640e-03
1.099272444844245911e-02
1.225835178047418594e-02
1.409406773746013641e-02
1.086963061243295670e-02
9.318146854639053345e-03
1.323737669736146927e-02
1.588334701955318451e-02
1.648419164121150970e-02
1.472622901201248169e-02
1.461871806532144547e-02
1.240297686308622360e-02
1.262539532035589218e-02
1.338383555412292480e-02
1.301221922039985657e-02
1.015132386237382889e-02
1.228921953588724136e-02
1.337724272161722183e-02
9.692710824310779572e-03
1.459455396980047226e-02
1.231561973690986633e-02
1.559572480618953705e-02
1.037464756518602371e-02
1.395691093057394028e-02
1.357994228601455688e-02
8.588284254074096680e-03
1.591791585087776184e-02
9.896071627736091614e-03
1.108990050852298737e-02
1.399264391511678696e-02
9.945590980350971222e-03
1.698810979723930359e-02
1.287076808512210846e-02
9.072473272681236267e-03
1.405450422316789627e-02
1.378879137337207794e-02
1.241831947118043900e-02
1.389823295176029205e-02
1.400140207260847092e-02
1.132493466138839722e-02
9.692177176475524902e-03
1.196982804685831070e-02
1.247099600732326508e-02
1.177898794412612915e-02
1.500428002327680588e-02
1.052967552095651627e-02
1.133756525814533234e-02
1.296217367053031921e-02
1.091660559177398682e-02
1.208382751792669296e-02
9.795871563255786896e-03
1.220974233001470566e-02
8.566712029278278351e-03
1.221177354454994202e-02
1.528724562376737595e-02
1.361905876547098160e-02
1.063319016247987747e-02
1.167413778603076935e-02
9.104659780859947205e-03
1.181443314999341965e-02
1.091835740953683853e-02
1.154609303921461105e-02
1.430044043809175491e-02
1.200107019394636154e-02
1.048484444618225098e-02
9.925394318997859955e-03
1.549268979579210281e-02
1.152318250387907028e-02
1.439455430954694748e-02
1.290289685130119324e-02
1.192837767302989960e-02
1.113074459135532379e-02
1.146739907562732697e-02
1.309158094227313995e-02
1.152739953249692917e-02
1.115309726446866989e-02
1.295721530914306641e-02
1.291566621512174606e-02
1.337120588868856430e-02
1.161557994782924652e-02
1.121571566909551620e-02
1.304126158356666565e-02
1.267332118004560471e-02
1.096823997795581818e-02
1.222308352589607239e-02
1.333845034241676331e-02
1.189584843814373016e-02
1.088147796690464020e-02
1.097071543335914612e-02
1.137345284223556519e-02
1.079934462904930115e-02
1.250021066516637802e-02
1.156676840037107468e-02
1.510784216225147247e-02
1.241233944892883301e-02
1.042987685650587082e-02
1.165416743606328964e-02
1.341932080686092377e-02
1.145739573985338211e-02
1.257756352424621582e-02
1.172896008938550949e-02
1.145007647573947906e-02
1.184237282723188400e-02
1.268261577934026718e-02
1.260854862630367279e-02
1.250553503632545471e-02
1.302838232368230820e-02
1.149141509085893631e-02
1.122201420366764069e-02
1.237825676798820496e-02
1.709292270243167877e-02
1.121377479285001755e-02
9.319673292338848114e-03
1.444175560027360916e-02
1.408612262457609177e-02
1.142807677388191223e-02
1.201005093753337860e-02
1.446366123855113983e-02
8.007499389350414276e-03
1.458170823752880096e-02
1.359296217560768127e-02
1.586136408150196075e-02
1.213305722922086716e-02
1.152706984430551529e-02
1.160872075706720352e-02
1.265266537666320801e-02
9.643276222050189972e-03
9.836873039603233337e-03
1.018209941685199738e-02
1.360813435167074203e-02
1.392930280417203903e-02
9.502445347607135773e-03
1.423725578933954239e-02
1.205505616962909698e-02
8.700371719896793365e-03
7.861614227294921875e-03
1.409881655126810074e-02
1.346794888377189636e-02
1.420586835592985153e-02
1.297547481954097748e-02
1.200771611183881760e-02
1.268148981034755707e-02
1.224561501294374466e-02
1.241641212254762650e-02
9.420933201909065247e-03
1.298431493341922760e-02
1.227940712124109268e-02
8.758642710745334625e-03
1.097633410245180130e-02
1.247164886444807053e-02
1.141105499118566513e-02
8.232529275119304657e-03
1.301672123372554779e-02
1.043412648141384125e-02
8.440535515546798706e-03
1.107797026634216309e-02
1.141107641160488129e-02
1.187781523913145065e-02
8.139969781041145325e-03
9.964430704712867737e-03
1.325020194053649902e-02
1.120772399008274078e-02
8.240036666393280029e-03
1.236558426171541214e-02
1.106172613799571991e-02
1.017855945974588394e-02
1.123614795506000519e-02
9.185578674077987671e-03
9.588368237018585205e-03
1.059811096638441086e-02
1.272903475910425186e-02
1.111161522567272186e-02
1.336132828146219254e-02
8.158992975950241089e-03
1.359269116073846817e-02
1.134602911770343781e-02
9.849787689745426178e-03
1.340901665389537811e-02
9.196426719427108765e-03
1.066051982343196869e-02
1.146945077925920486e-02
1.029700506478548050e-02
9.465036913752555847e-03
1.072944886982440948e-02
1.073953881859779358e-02
1.017061993479728699e-02
9.054123423993587494e-03
1.102444622665643692e-02
9.368316270411014557e-03
1.204980164766311646e-02
1.149001717567443848e-02
1.388358883559703827e-02
9.099375456571578979e-03
9.039741940796375275e-03
1.086246222257614136e-02
1.108289416879415512e-02
8.943947032094001770e-03
1.101212482899427414e-02
1.098036766052246094e-02
1.300364453345537186e-02
1.041592191904783249e-02
1.000914536416530609e-02
7.942894473671913147e-03
1.211965456604957581e-02
1.280564814805984497e-02
1.033513434231281281e-02
1.083314698189496994e-02
1.073400396853685379e-02
1.093857455998659134e-02
1.246749237179756165e-02
1.188582647591829300e-02
9.526305831968784332e-03
1.115579530596733093e-02
1.279868930578231812e-02
9.863199666142463684e-03
1.056932564824819565e-02
7.916685193777084351e-03
9.439852088689804077e-03
7.155063562095165253e-03
9.795266203582286835e-03
1.367865316569805145e-02
1.049986109137535095e-02
1.053592842072248459e-02
9.861154481768608093e-03
9.952458553016185760e-03
1.235769037157297134e-02
6.779810413718223572e-03
9.932311251759529114e-03
1.089281961321830750e-02
1.240129489451646805e-02
8.180118165910243988e-03
7.728643249720335007e-03
1.053857896476984024e-02
9.298175573348999023e-03
1.161825563758611679e-02
1.044881995767354965e-02
8.876569569110870361e-03
9.240946732461452484e-03
8.636422455310821533e-03
1.039437390863895416e-02
1.131142582744359970e-02
9.050991386175155640e-03
1.128232944756746292e-02
1.391041837632656097e-02
1.055182050913572311e-02
1.075596641749143600e-02
9.985956363379955292e-03
8.025689981877803802e-03
9.628452360630035400e-03
1.077334303408861160e-02
1.432462781667709351e-02
1.130755338817834854e-02
1.183377020061016083e-02
8.908521384000778198e-03
1.185355614870786667e-02
8.710708469152450562e-03
9.551037102937698364e-03
8.866824209690093994e-03
8.431742899119853973e-03
1.221393328160047531e-02
1.231952384114265442e-02
1.062574610114097595e-02
9.763888083398342133e-03
9.948005899786949158e-03
1.189843658357858658e-02
1.018678583204746246e-02
1.008489821106195450e-02
1.002506073564291000e-02
1.221142895519733429e-02
1.009592227637767792e-02
1.270959712564945221e-02
1.030044257640838623e-02
9.845221415162086487e-03
1.058837864547967911e-02
7.977498695254325867e-03
9.747283533215522766e-03
1.091510616242885590e-02
9.224153123795986176e-03
1.026540622115135193e-02
1.061639934778213501e-02
1.151165459305047989e-02
8.420512080192565918e-03
7.881523109972476959e-03
1.013702433556318283e-02
1.027135457843542099e-02
9.252145886421203613e-03
7.991932332515716553e-03
9.228372946381568909e-03
7.256031036376953125e-03
7.729176431894302368e-03
7.417647168040275574e-03
1.264034304767847061e-02
1.090438757091760635e-02
8.426733314990997314e-03
1.159807574003934860e-02
1.082270592451095581e-02
1.110793277621269226e-02
1.319250185042619705e-02
9.169222787022590637e-03
1.146643329411745071e-02
1.043087244033813477e-02
9.239875711500644684e-03
1.294462569057941437e-02
8.488755673170089722e-03
8.715161122381687164e-03
1.168190687894821167e-02
1.171256508678197861e-02
9.863696992397308350e-03
1.234175916761159897e-02
7.421527989208698273e-03
9.942530654370784760e-03
8.847230114042758942e-03
1.083926949650049210e-02
8.852462284266948700e-03
9.215590544044971466e-03
8.900078944861888885e-03
1.240118034183979034e-02
9.138248860836029053e-03
8.705582469701766968e-03
9.700282476842403412e-03
1.018940750509500504e-02
8.103920146822929382e-03
9.253961034119129181e-03
1.119623985141515732e-02
9.413212537765502930e-03
1.039358414709568024e-02
1.138927601277828217e-02
1.265914924442768097e-02
9.333312511444091797e-03
9.939955547451972961e-03
1.085076387971639633e-02
9.230292402207851410e-03
6.848514545708894730e-03
8.481691591441631317e-03
1.287724729627370834e-02
1.187025476247072220e-02
9.552771225571632385e-03
8.816959336400032043e-03
7.748589385300874710e-03
1.292433775961399078e-02
1.057834830135107040e-02
8.692690171301364899e-03
8.958848193287849426e-03
1.075666770339012146e-02
1.060236617922782898e-02
1.080017816275358200e-02
1.298363041132688522e-02
9.149224497377872467e-03
9.698098525404930115e-03
1.030172780156135559e-02
1.129261776804924011e-02
8.423395454883575439e-03
8.216382004320621490e-03
8.577363565564155579e-03
1.115949638187885284e-02
1.052845921367406845e-02
9.126246906816959381e-03
1.066803187131881714e-02
9.527252055704593658e-03
1.096125505864620209e-02
1.091550290584564209e-02
1.002878881990909576e-02
1.005808077752590179e-02
8.135397918522357941e-03
7.358890026807785034e-03
8.558206260204315186e-03
1.046843361109495163e-02
9.728619828820228577e-03
9.286939166486263275e-03
8.847718127071857452e-03
9.679378941655158997e-03
7.045207545161247253e-03
1.081892196089029312e-02
1.144868135452270508e-02
9.166392497718334198e-03
7.384011987596750259e-03
7.894787006080150604e-03
9.453316219151020050e-03
9.674330241978168488e-03
8.492013439536094666e-03
7.567766588181257248e-03
8.978306315839290619e-03
8.255851455032825470e-03
9.428567253053188324e-03
7.822925224900245667e-03
7.929450832307338715e-03
7.761423941701650620e-03
9.025460109114646912e-03
8.029554970562458038e-03
9.348113089799880981e-03
5.320325493812561035e-03
7.878358475863933563e-03
1.322790607810020447e-02
7.559346966445446014e-03
8.884169161319732666e-03
7.253874093294143677e-03
7.819740101695060730e-03
9.696170687675476074e-03
1.063709519803524017e-02
8.929909206926822662e-03
9.175028651952743530e-03
9.566410444676876068e-03
5.313012283295392990e-03
8.777358569204807281e-03
7.202214095741510391e-03
9.538675658404827118e-03
8.700464852154254913e-03
8.975042030215263367e-03
7.915219292044639587e-03
7.404921110719442368e-03
9.358937852084636688e-03
9.895163588225841522e-03
7.571929600089788437e-03
8.144372142851352692e-03
9.397884830832481384e-03
1.078706979751586914e-02
8.695070631802082062e-03
1.008452847599983215e-02
1.466209348291158676e-02
8.401391096413135529e-03
9.655563160777091980e-03
1.244518999010324478e-02
8.883254602551460266e-03
1.066502463072538376e-02
8.540657348930835724e-03
8.808552287518978119e-03
8.799657225608825684e-03
7.597632706165313721e-03
6.702399812638759613e-03
9.367345832288265228e-03
9.929618798196315765e-03
7.336843758821487427e-03
1.061768736690282822e-02
8.154283277690410614e-03
6.978101097047328949e-03
9.352386929094791412e-03
8.489823900163173676e-03
8.338254876434803009e-03
9.699634276330471039e-03
9.502688422799110413e-03
1.039597019553184509e-02
9.604793973267078400e-03
7.102947216480970383e-03
6.586180999875068665e-03
6.512044463306665421e-03
8.578569628298282623e-03
7.371866609901189804e-03
8.064844645559787750e-03
7.952395826578140259e-03
9.122971445322036743e-03
7.173834368586540222e-03
6.845103576779365540e-03
7.657207082957029343e-03
8.297709748148918152e-03
8.649638853967189789e-03
8.167238906025886536e-03
7.362378761172294617e-03
7.715811021625995636e-03
7.859555073082447052e-03
9.023108519613742828e-03
6.951367948204278946e-03
9.264993481338024139e-03
6.611343473196029663e-03
7.714915554970502853e-03
7.626223843544721603e-03
1.025431044399738312e-02
9.679117240011692047e-03
7.739177905023097992e-03
8.676428347826004028e-03
9.549259208142757416e-03
5.835082381963729858e-03
9.401726536452770233e-03
5.799369886517524719e-03
7.219807244837284088e-03
8.161034435033798218e-03
1.025080028921365738e-02
8.479205891489982605e-03
6.641836836934089661e-03
7.573912851512432098e-03
6.854807026684284210e-03
7.350516039878129959e-03
9.561797603964805603e-03
7.013735827058553696e-03
9.100204333662986755e-03
5.253900773823261261e-03
6.091854069381952286e-03
7.289789151400327682e-03
6.738920696079730988e-03
7.468493189662694931e-03
6.839296780526638031e-03
7.560086902230978012e-03
7.686091121286153793e-03
7.085525896400213242e-03
8.338034152984619141e-03
7.587570231407880783e-03
8.389589376747608185e-03
6.818579044193029404e-03
6.095013115555047989e-03
5.718809086829423904e-03
5.128717049956321716e-03
6.330470554530620575e-03
6.930963601917028427e-03
7.139137946069240570e-03
6.120243109762668610e-03
6.928998045623302460e-03
7.493809331208467484e-03
6.257004570215940475e-03
5.388376303017139435e-03
6.494574714452028275e-03
6.500332150608301163e-03
6.605848670005798340e-03
6.045655347406864166e-03
9.188720956444740295e-03
7.756135892122983932e-03
6.176015827804803848e-03
6.522965151816606522e-03
6.321290507912635803e-03
6.305864546447992325e-03
6.222106982022523880e-03
8.070497773587703705e-03
5.625972989946603775e-03
6.417298223823308945e-03
6.363240070641040802e-03
7.702893111854791641e-03
6.143482401967048645e-03
6.216323468834161758e-03
7.803075946867465973e-03
5.653304979205131531e-03
6.582763977348804474e-03
6.127404049038887024e-03
7.323264144361019135e-03
6.184066645801067352e-03
8.450210094451904297e-03
6.683116313070058823e-03
5.614597816020250320e-03
7.849631831049919128e-03
6.580317392945289612e-03
6.145824212580919266e-03
6.176711525768041611e-03
7.265296299010515213e-03
4.951800219714641571e-03
6.339974235743284225e-03
7.004278246313333511e-03
8.107759058475494385e-03
6.536148022860288620e-03
8.518355898559093475e-03
5.140723194926977158e-03
8.354011923074722290e-03
8.092041127383708954e-03
8.081470616161823273e-03
8.180629462003707886e-03
6.998263299465179443e-03
6.930606905370950699e-03
4.848945420235395432e-03
6.280336529016494751e-03
7.053786888718605042e-03
7.401223760098218918e-03
8.094890043139457703e-03
5.882577504962682724e-03
6.748958956450223923e-03
6.742107216268777847e-03
8.742843754589557648e-03
7.541767321527004242e-03
6.430504377931356430e-03
6.088097579777240753e-03
6.984737236052751541e-03
6.866532843559980392e-03
6.533931940793991089e-03
7.033133879303932190e-03
6.427404470741748810e-03
4.830925725400447845e-03
5.349769257009029388e-03
6.833553779870271683e-03
8.369356393814086914e-03
5.333113949745893478e-03
7.730399258434772491e-03
6.996526848524808884e-03
7.643804419785737991e-03
7.121312431991100311e-03
9.538515470921993256e-03
6.772141437977552414e-03
6.461259443312883377e-03
6.644753739237785339e-03
8.034050464630126953e-03
9.432158432900905609e-03
9.742122143507003784e-03
7.850970141589641571e-03
1.047673914581537247e-02
7.621161174029111862e-03
6.305872462689876556e-03
8.602408692240715027e-03
9.418289177119731903e-03
7.623384241014719009e-03
1.117634680122137070e-02
7.315651047974824905e-03
1.002016477286815643e-02
7.522697560489177704e-03
7.574055343866348267e-03
7.845180109143257141e-03
7.257462944835424423e-03
5.796231329441070557e-03
7.477606181055307388e-03
5.386316217482089996e-03
5.357393994927406311e-03
7.224300410598516464e-03
7.181140594184398651e-03
8.175709284842014313e-03
8.584110997617244720e-03
7.163116708397865295e-03
8.323111571371555328e-03
1.132577285170555115e-02
6.284021772444248199e-03
6.919429637491703033e-03
9.273143485188484192e-03
6.949889007955789566e-03
5.844817496836185455e-03
5.825856234878301620e-03
7.022123783826828003e-03
5.078578833490610123e-03
6.940322462469339371e-03
7.376053370535373688e-03
8.493565954267978668e-03
6.127215921878814697e-03
8.227521553635597229e-03
1.160270906984806061e-02
8.912391029298305511e-03
6.080773193389177322e-03
4.878879524767398834e-03
8.127030916512012482e-03
6.534442305564880371e-03
5.353457760065793991e-03
6.427212618291378021e-03
7.386174984276294708e-03
5.470362026244401932e-03
6.785897072404623032e-03
6.027165800333023071e-03
5.863324273377656937e-03
7.724493276327848434e-03
6.314797326922416687e-03
7.908045314252376556e-03
8.233654312789440155e-03
8.325574919581413269e-03
5.331532098352909088e-03
4.963623359799385071e-03
7.937860675156116486e-03
8.030375465750694275e-03
7.134360261261463165e-03
5.018780939280986786e-03
7.177927531301975250e-03
7.603926584124565125e-03
6.523219868540763855e-03
6.542038172483444214e-03
4.735456779599189758e-03
5.130798090249300003e-03
7.974518463015556335e-03
7.855187170207500458e-03
7.181236520409584045e-03
8.867063559591770172e-03
6.913849618285894394e-03
5.210818257182836533e-03
7.518521510064601898e-03
5.376147106289863586e-03
7.464667782187461853e-03
6.783829070627689362e-03
5.060655530542135239e-03
8.594752289354801178e-03
6.108728703111410141e-03
5.812479648739099503e-03
7.566489744931459427e-03
5.654461681842803955e-03
4.876590333878993988e-03
6.370715796947479248e-03
4.713565111160278320e-03
4.555472638458013535e-03
6.422431673854589462e-03
7.845440879464149475e-03
6.584487389773130417e-03
6.283591967076063156e-03
5.949410144239664078e-03
4.828466102480888367e-03
4.157737363129854202e-03
7.391090970486402512e-03
5.551248788833618164e-03
5.256163422018289566e-03
4.133843351155519485e-03
6.266001146286725998e-03
5.035878624767065048e-03
6.005016155540943146e-03
4.979636054486036301e-03
3.401394700631499290e-03
6.062565371394157410e-03
5.347244441509246826e-03
3.978678490966558456e-03
5.844460800290107727e-03
5.565442144870758057e-03
5.123097449541091919e-03
5.162077955901622772e-03
5.859823897480964661e-03
5.368105135858058929e-03
5.446917843073606491e-03
4.887279588729143143e-03
8.664600551128387451e-03
4.976779222488403320e-03
4.836607724428176880e-03
5.415538791567087173e-03
4.152727779000997543e-03
3.959330730140209198e-03
4.126161802560091019e-03
4.851102828979492188e-03
5.648046266287565231e-03
5.184993147850036621e-03
4.302748478949069977e-03
5.307622719556093216e-03
4.922858905047178268e-03
6.166368722915649414e-03
5.138615611940622330e-03
3.368062898516654968e-03
4.067474976181983948e-03
4.478909075260162354e-03
4.955348558723926544e-03
4.802931565791368484e-03
4.435645416378974915e-03
6.490948610007762909e-03
5.443140864372253418e-03
6.272740196436643600e-03
4.539104178547859192e-03
5.684924777597188950e-03
5.957523826509714127e-03
4.362707957625389099e-03
5.332517903298139572e-03
4.115497693419456482e-03
5.644312128424644470e-03
4.597461782395839691e-03
6.340942811220884323e-03
6.703789345920085907e-03
6.384988781064748764e-03
5.886654369533061981e-03
6.116102449595928192e-03
5.138433072715997696e-03
5.234276875853538513e-03
5.170817021280527115e-03
7.390619255602359772e-03
5.829860456287860870e-03
5.131387151777744293e-03
7.825715467333793640e-03
7.064843084663152695e-03
6.399982143193483353e-03
6.273599807173013687e-03
4.718520678579807281e-03
7.289832457900047302e-03
6.191708147525787354e-03
6.396114360541105270e-03
4.731343127787113190e-03
6.781649775803089142e-03
7.136965170502662659e-03
5.093818996101617813e-03
5.855759140104055405e-03
7.058996241539716721e-03
4.148340784013271332e-03
5.429690238088369370e-03
5.325595382601022720e-03
9.181936271488666534e-03
5.314073525369167328e-03
4.498600494116544724e-03
4.106272477656602859e-03
6.336276419460773468e-03
4.895780701190233231e-03
5.182673223316669464e-03
4.386387765407562256e-03
4.414698109030723572e-03
5.236259195953607559e-03
4.876955412328243256e-03
4.175373353064060211e-03
5.444444250315427780e-03
4.890086594969034195e-03
4.481021314859390259e-03
5.186419934034347534e-03
5.125286988914012909e-03
4.480072762817144394e-03
4.089285619556903839e-03
3.702392801642417908e-03
5.986159667372703552e-03
3.928276710212230682e-03
3.670435165986418724e-03
6.538575515151023865e-03
3.826015628874301910e-03
4.860976710915565491e-03
5.879488773643970490e-03
4.429655615240335464e-03
4.321815911680459976e-03
4.927811678498983383e-03
4.222817718982696533e-03
5.546487402170896530e-03
3.922637086361646652e-03
4.570627119392156601e-03
4.930999130010604858e-03
5.462667904794216156e-03
4.280982073396444321e-03
4.065067972987890244e-03
3.760270774364471436e-03
5.270936992019414902e-03
4.545193165540695190e-03
3.891955828294157982e-03
3.258157987147569656e-03
4.439959302544593811e-03
4.918198566883802414e-03
3.980688750743865967e-03
4.186313133686780930e-03
4.376814235001802444e-03
4.724853206425905228e-03
3.658353118225932121e-03
6.416233722120523453e-03
4.811812657862901688e-03
4.521829076111316681e-03
4.313074517995119095e-03
4.282203968614339828e-03
4.254801198840141296e-03
5.155123304575681686e-03
4.042693413794040680e-03
5.947273224592208862e-03
4.723459016531705856e-03
4.379842430353164673e-03
4.663506057113409042e-03
4.100583493709564209e-03
4.501659423112869263e-03
5.213630851358175278e-03
1.076758000999689102e-02
5.061111878603696823e-03
6.620833184570074081e-03
4.689167253673076630e-03
6.930173374712467194e-03
4.209301900118589401e-03
4.567663650959730148e-03
6.782122422009706497e-03
5.489699076861143112e-03
4.505564924329519272e-03
4.626308102160692215e-03
4.623481072485446930e-03
4.640342202037572861e-03
4.668736364692449570e-03
4.786433186382055283e-03
4.636374302208423615e-03
4.708345979452133179e-03
4.840495530515909195e-03
3.574558766558766365e-03
4.863273352384567261e-03
4.343359265476465225e-03
5.409944802522659302e-03
4.682224709540605545e-03
4.746760241687297821e-03
3.952931147068738937e-03
3.878611605614423752e-03
5.210350733250379562e-03
8.384366519749164581e-03
5.438978783786296844e-03
3.506933804601430893e-03
4.352129995822906494e-03
4.318676423281431198e-03
5.124199669808149338e-03
4.157596267759799957e-03
5.566823296248912811e-03
4.411507397890090942e-03
4.937557969242334366e-03
3.545582527294754982e-03
3.781494684517383575e-03
3.900474635884165764e-03
3.508558031171560287e-03
3.416435793042182922e-03
3.689114237204194069e-03
5.140779074281454086e-03
4.736495669931173325e-03
2.877027727663516998e-03
6.463041063398122787e-03
3.883836325258016586e-03
7.611700333654880524e-03
5.346384830772876740e-03
5.100320558995008469e-03
5.264146253466606140e-03
7.171852979809045792e-03
8.897146210074424744e-03
5.423359107226133347e-03
5.361072253435850143e-03
5.461155436933040619e-03
4.815005231648683548e-03
4.450879059731960297e-03
6.385640706866979599e-03
4.081866238266229630e-03
5.634634289890527725e-03
5.057098809629678726e-03
4.792099818587303162e-03
5.831006914377212524e-03
6.947934161871671677e-03
9.289408102631568909e-03
3.357184352353215218e-03
7.670722901821136475e-03
6.076740566641092300e-03
7.422686554491519928e-03
4.745671059936285019e-03
6.255378946661949158e-03
5.903159268200397491e-03
8.177966810762882233e-03
4.613453522324562073e-03
6.247048266232013702e-03
6.131696980446577072e-03
7.089754100888967514e-03
5.631027743220329285e-03
6.798119749873876572e-03
6.518282461911439896e-03
6.119001656770706177e-03
6.162862759083509445e-03
5.366300698369741440e-03
4.552707541733980179e-03
5.613551009446382523e-03
4.688246175646781921e-03
4.270219244062900543e-03
5.038655363023281097e-03
3.729950636625289917e-03
5.622177384793758392e-03
5.059334449470043182e-03
4.661844577640295029e-03
4.820601083338260651e-03
4.139837343245744705e-03
4.150836728513240814e-03
4.834715276956558228e-03
5.643372889608144760e-03
4.346572794020175934e-03
5.464990623295307159e-03
4.623749293386936188e-03
3.936858847737312317e-03
4.934851080179214478e-03
4.323611035943031311e-03
4.123945720493793488e-03
3.854386741295456886e-03
3.970265388488769531e-03
4.227090161293745041e-03
3.930546343326568604e-03
3.969244193285703659e-03
3.956532105803489685e-03
4.281817469745874405e-03
3.548449836671352386e-03
5.481210537254810333e-03
3.285317216068506241e-03
3.148072166368365288e-03
4.264950752258300781e-03
3.313067601993680000e-03
3.614104120060801506e-03
3.857302013784646988e-03
4.101722501218318939e-03
3.212987910956144333e-03
6.217682734131813049e-03
4.010991659015417099e-03
3.391097765415906906e-03
3.696931758895516396e-03
2.855486702173948288e-03
4.458955023437738419e-03
3.515925258398056030e-03
2.806984819471836090e-03
3.714557038620114326e-03
3.891610773280262947e-03
3.147389739751815796e-03
3.519750665873289108e-03
3.496823599562048912e-03
3.573887981474399567e-03
3.031692234799265862e-03
3.418372478336095810e-03
5.134089849889278412e-03
4.551619291305541992e-03
4.014797508716583252e-03
3.238769946619868279e-03
4.869869444519281387e-03
5.481622181832790375e-03
5.830461625009775162e-03
4.215013701468706131e-03
3.386119613423943520e-03
4.155904520303010941e-03
3.619631286710500717e-03
4.195703193545341492e-03
4.222819115966558456e-03
4.259808454662561417e-03
2.937031211331486702e-03
5.262661725282669067e-03
3.489295253530144691e-03
4.919485189020633698e-03
4.397821146994829178e-03
4.057543352246284485e-03
4.264190793037414551e-03
5.091752856969833374e-03
5.754219833761453629e-03
5.573791451752185822e-03
3.775744698941707611e-03
4.961512517184019089e-03
5.404316354542970657e-03
3.831476438790559769e-03
3.389374818652868271e-03
3.968829289078712463e-03
4.071908537298440933e-03
3.428408177569508553e-03
4.180015530437231064e-03
4.217305686324834824e-03
4.930607043206691742e-03
5.080217961221933365e-03
2.864065347239375114e-03
3.345032222568988800e-03
3.491017268970608711e-03
3.255392424762248993e-03
5.167947616428136826e-03
3.929049707949161530e-03
6.824947427958250046e-03
4.652454517781734467e-03
4.944567568600177765e-03
4.463810473680496216e-03
7.995508611202239990e-03
5.858981981873512268e-03
6.036230362951755524e-03
5.841921549290418625e-03
5.939438473433256149e-03
5.788698792457580566e-03
6.134096998721361160e-03
4.238465800881385803e-03
5.851642228662967682e-03
4.287879914045333862e-03
4.742429591715335846e-03
3.406260628253221512e-03
7.550434675067663193e-03
5.134446080774068832e-03
4.225303418934345245e-03
5.603161174803972244e-03
5.330339539796113968e-03
3.668931080028414726e-03
4.382596816867589951e-03
4.621355328708887100e-03
5.559436045587062836e-03
5.962687544524669647e-03
3.910664469003677368e-03
3.882054938003420830e-03
3.908685874193906784e-03
3.956254571676254272e-03
5.929069593548774719e-03
3.189851762726902962e-03
4.137594252824783325e-03
4.390548449009656906e-03
6.269462406635284424e-03
4.762446042150259018e-03
5.592194385826587677e-03
4.863817244768142700e-03
7.022885605692863464e-03
3.894709050655364990e-03
5.611355416476726532e-03
4.956639837473630905e-03
3.945614211261272430e-03
6.437529809772968292e-03
3.915894310921430588e-03
3.321507479995489120e-03
4.322486463934183121e-03
3.720432752743363380e-03
3.712238278239965439e-03
4.582545720040798187e-03
3.723845584318041801e-03
5.604332312941551208e-03
2.771845087409019470e-03
4.191487561911344528e-03
5.903713870793581009e-03
4.785004071891307831e-03
4.292789846658706665e-03
3.294914728030562401e-03
4.471316933631896973e-03
3.563792211934924126e-03
2.701119054108858109e-03
4.309580661356449127e-03
3.952092491090297699e-03
4.918858874589204788e-03
3.954168409109115601e-03
3.973682876676321030e-03
3.469603834673762321e-03
4.703069571405649185e-03
3.275967203080654144e-03
3.557476913556456566e-03
2.988121937960386276e-03
3.464621957391500473e-03
3.541720332577824593e-03
3.017934970557689667e-03
3.566111205145716667e-03
4.245937336236238480e-03
3.803172148764133453e-03
3.178470768034458160e-03
3.621486481279134750e-03
2.823184011504054070e-03
2.886233851313591003e-03
4.511936102062463760e-03
3.575228853151202202e-03
3.405513474717736244e-03
2.730687148869037628e-03
3.968573641031980515e-03
3.037059679627418518e-03
4.547080490738153458e-03
3.199454164132475853e-03
5.149204283952713013e-03
3.164642257615923882e-03
2.900701947510242462e-03
3.946831915527582169e-03
2.910565352067351341e-03
3.332298481836915016e-03
3.301714081317186356e-03
2.842920599505305290e-03
3.357401117682456970e-03
4.112102091312408447e-03
3.432727651670575142e-03
3.208261681720614433e-03
4.117283970117568970e-03
2.682291204109787941e-03
2.953848568722605705e-03
3.846072126179933548e-03
3.285913961008191109e-03
3.198334015905857086e-03
3.051267703995108604e-03
3.662315197288990021e-03
4.290311131626367569e-03
3.580190008506178856e-03
3.424267284572124481e-03
3.514191834256052971e-03
2.428330713883042336e-03
3.629789687693119049e-03
3.599808085709810257e-03
3.717530053108930588e-03
3.252128604799509048e-03
3.797092474997043610e-03
3.255937481299042702e-03
3.065779572352766991e-03
3.842694684863090515e-03
3.668057499453425407e-03
3.768194233998656273e-03
2.678114222362637520e-03
3.205383894965052605e-03
4.558062646538019180e-03
2.405374543741345406e-03
2.807541517540812492e-03
3.443527035415172577e-03
3.614089218899607658e-03
3.201198065653443336e-03
3.454385092481970787e-03
3.142226720228791237e-03
3.439308376982808113e-03
3.475600387901067734e-03
3.104446921497583389e-03
3.952760249376296997e-03
2.791040576994419098e-03
3.536925651133060455e-03
3.188816597685217857e-03
3.479868173599243164e-03
3.100063884630799294e-03
2.672094851732254028e-03
2.757678739726543427e-03
3.341780276969075203e-03
3.442593151703476906e-03
4.453224595636129379e-03
2.873521298170089722e-03
2.651929622516036034e-03
3.911701962351799011e-03
3.418080741539597511e-03
2.938143210485577583e-03
3.150486154481768608e-03
3.510981798171997070e-03
3.998739179223775864e-03
3.127622185274958611e-03
2.537071704864501953e-03
4.617857746779918671e-03
3.326379926875233650e-03
3.302934579551219940e-03
2.723648911342024803e-03
3.265076782554388046e-03
2.960812533274292946e-03
3.132471581920981407e-03
3.406405914574861526e-03
3.099286230280995369e-03
3.515018848702311516e-03
3.143386682495474815e-03
2.583211753517389297e-03
2.890303730964660645e-03
2.474669134244322777e-03
2.832098864018917084e-03
3.385133808478713036e-03
2.883758395910263062e-03
4.007364623248577118e-03
3.068139310926198959e-03
3.388192970305681229e-03
3.987800795584917068e-03
3.902457188814878464e-03
2.829169621691107750e-03
2.957487478852272034e-03
2.659495454281568527e-03
3.250443143770098686e-03
3.528193105012178421e-03
3.198098158463835716e-03
3.646180266514420509e-03
2.959281904622912407e-03
4.102896433323621750e-03
2.813168335705995560e-03
3.666799981147050858e-03
2.939864294603466988e-03
3.702254500240087509e-03
4.298948682844638824e-03
2.801588969305157661e-03
2.973613329231739044e-03
7.254388649016618729e-03
4.699267446994781494e-03
3.501473227515816689e-03
3.667563199996948242e-03
4.545876756310462952e-03
3.478089347481727600e-03
3.260267665609717369e-03
3.674349747598171234e-03
4.578755702823400497e-03
4.375766031444072723e-03
4.240456502884626389e-03
3.424012567847967148e-03
4.234054591506719589e-03
2.923819236457347870e-03
3.780172672122716904e-03
4.465036559849977493e-03
3.570127300918102264e-03
6.505672819912433624e-03
4.064318258315324783e-03
3.003417747095227242e-03
4.887175280600786209e-03
4.045027308166027069e-03
3.892129985615611076e-03
3.013335168361663818e-03
3.526031039655208588e-03
3.925227560102939606e-03
4.721224773675203323e-03
3.449142677709460258e-03
2.683210419490933418e-03
3.095716238021850586e-03
3.205117536708712578e-03
3.067982848733663559e-03
3.354939166456460953e-03
4.677952732890844345e-03
2.944481559097766876e-03
2.928039059042930603e-03
2.996259368956089020e-03
3.459258237853646278e-03
3.280992154031991959e-03
2.830364042893052101e-03
2.733174245804548264e-03
3.757826285436749458e-03
4.491008352488279343e-03
3.789815353229641914e-03
3.782823914662003517e-03
4.124220460653305054e-03
3.692406695336103439e-03
3.115888684988021851e-03
3.710610792040824890e-03
3.658832516521215439e-03
3.440568223595619202e-03
3.084181575104594231e-03
2.872382989153265953e-03
2.777966670691967010e-03
3.215037519112229347e-03
3.487514099106192589e-03
3.140209708362817764e-03
3.252689493820071220e-03
2.532403217628598213e-03
3.048724029213190079e-03
3.314433852210640907e-03
3.087645629420876503e-03
3.609611419960856438e-03
2.767792204394936562e-03
2.568646566942334175e-03
2.765933750197291374e-03
3.450397867709398270e-03
3.666664008051156998e-03
3.319613402709364891e-03
4.767752252519130707e-03
2.457827329635620117e-03
3.857501083984971046e-03
2.590366173535585403e-03
2.911388641223311424e-03
3.124972339719533920e-03
2.480683149769902229e-03
3.024959005415439606e-03
3.391014179214835167e-03
4.504967946559190750e-03
3.009204752743244171e-03
3.915517125278711319e-03
3.079614602029323578e-03
3.776910714805126190e-03
3.296469338238239288e-03
3.844096092507243156e-03
2.844432368874549866e-03
3.660268848761916161e-03
2.999072428792715073e-03
3.437636652961373329e-03
3.015390830114483833e-03
3.265287261456251144e-03
3.027619328349828720e-03
4.420862067490816116e-03
3.837173571810126305e-03
3.030824940651655197e-03
3.106751246377825737e-03
2.849578391760587692e-03
4.171412903815507889e-03
2.459428971633315086e-03
3.082394832745194435e-03
3.192627802491188049e-03
3.025982994586229324e-03
3.078836249187588692e-03
2.369547961279749870e-03
3.470470197498798370e-03
2.795126987621188164e-03
3.682721639052033424e-03
3.097949549555778503e-03
3.250042907893657684e-03
2.939665922895073891e-03
3.744814777746796608e-03
3.479153849184513092e-03
4.296354949474334717e-03
3.013572422787547112e-03
4.500381648540496826e-03
3.128997283056378365e-03
4.112565424293279648e-03
2.999695250764489174e-03
3.090305253863334656e-03
5.475675687193870544e-03
3.656234359368681908e-03
3.199456725269556046e-03
2.423036145046353340e-03
2.920098602771759033e-03
2.777915215119719505e-03
3.124890150502324104e-03
3.113708924502134323e-03
3.474857890978455544e-03
3.650379600003361702e-03
3.407229902222752571e-03
3.767145564779639244e-03
3.608422121033072472e-03
3.386470023542642593e-03
2.696049632504582405e-03
3.197056706994771957e-03
2.793058520182967186e-03
3.144160611554980278e-03
2.894060686230659485e-03
3.402663627639412880e-03
2.713193418458104134e-03
3.579270094633102417e-03
4.106339998543262482e-03
4.239824134856462479e-03
3.200211795046925545e-03
5.001319106668233871e-03
2.689262386411428452e-03
2.797497203573584557e-03
2.562884707003831863e-03
4.075943492352962494e-03
2.643407788127660751e-03
3.043795935809612274e-03
3.613233566284179688e-03
3.829028224572539330e-03
3.904135897755622864e-03
3.899215254932641983e-03
3.954830113798379898e-03
3.530811285600066185e-03
4.031299613416194916e-03
3.081576898694038391e-03
3.146508010104298592e-03
2.792102750390768051e-03
3.465142101049423218e-03
2.845999551936984062e-03
3.210882889106869698e-03
3.864650148898363113e-03
2.782536437734961510e-03
2.523328876122832298e-03
3.256249241530895233e-03
3.315687412396073341e-03
3.004514146596193314e-03
3.852075198665261269e-03
3.464830573648214340e-03
2.743918448686599731e-03
2.870409283787012100e-03
3.215019125491380692e-03
4.346253816038370132e-03
3.268253291025757790e-03
2.807736862450838089e-03
3.033012384548783302e-03
3.251980058848857880e-03
3.211526898667216301e-03
2.798807341605424881e-03
2.596570178866386414e-03
3.333067987114191055e-03
3.518968354910612106e-03
2.828394528478384018e-03
2.959791803732514381e-03
3.216098528355360031e-03
3.028753446415066719e-03
3.165206173434853554e-03
3.444313770160079002e-03
2.892193384468555450e-03
3.156126243993639946e-03
5.258882418274879456e-03
2.796105109155178070e-03
3.029274987056851387e-03
3.599747084081172943e-03
4.216997884213924408e-03
3.778599901124835014e-03
3.386956639587879181e-03
2.726982114836573601e-03
3.253633156418800354e-03
2.794955857098102570e-03
4.783034324645996094e-03
3.745174501091241837e-03
3.064509481191635132e-03
3.002026351168751717e-03
4.255744162946939468e-03
4.479622934013605118e-03
3.794279880821704865e-03
2.641372615471482277e-03
2.933385316282510757e-03
4.456743132323026657e-03
2.911468967795372009e-03
3.570701926946640015e-03
4.287096671760082245e-03
3.239906858652830124e-03
4.367839545011520386e-03
6.232894491404294968e-03
2.986397594213485718e-03
3.188308328390121460e-03
3.980673383921384811e-03
3.350739600136876106e-03
3.624365897849202156e-03
4.927870817482471466e-03
3.085195086896419525e-03
3.930851351469755173e-03
3.003717167302966118e-03
3.075980814173817635e-03
4.299629945307970047e-03
3.994997125118970871e-03
3.571795532479882240e-03
3.109091427177190781e-03
3.417154075577855110e-03
3.547176718711853027e-03
4.187046550214290619e-03
3.095594467595219612e-03
4.397256765514612198e-03
2.859476488083600998e-03
3.269733395427465439e-03
3.667550394311547279e-03
3.623394761234521866e-03
4.522107541561126709e-03
3.434211015701293945e-03
3.539764555171132088e-03
2.452353481203317642e-03
3.705397713929414749e-03
2.842995338141918182e-03
3.225864609703421593e-03
4.960006102919578552e-03
5.193744320422410965e-03
5.281327292323112488e-03
4.976521711796522141e-03
4.255278035998344421e-03
3.324863035231828690e-03
3.507337998598814011e-03
3.659467212855815887e-03
2.357543213292956352e-03
3.037045244127511978e-03
4.101296421140432358e-03
4.592960234731435776e-03
2.934739692136645317e-03
3.945512697100639343e-03
4.197650123387575150e-03
3.991751931607723236e-03
2.516078064218163490e-03
2.968899672850966454e-03
4.895961843430995941e-03
3.802265971899032593e-03
3.646929282695055008e-03
4.493896849453449249e-03
4.299346823245286942e-03
3.266767598688602448e-03
3.312958171591162682e-03
3.730048192664980888e-03
3.281329758465290070e-03
3.450230229645967484e-03
4.069134127348661423e-03
2.739119110628962517e-03
4.350903443992137909e-03
3.728876356035470963e-03
3.503593849018216133e-03
3.562939353287220001e-03
2.841958543285727501e-03
3.095901571214199066e-03
3.068503458052873611e-03
3.015610156580805779e-03
3.777222475036978722e-03
4.405934829264879227e-03
5.552853457629680634e-03
4.525052849203348160e-03
7.526364643126726151e-03
4.100287798792123795e-03
3.888729726895689964e-03
4.430272150784730911e-03
3.913233987987041473e-03
3.761084983125329018e-03
3.904734505340456963e-03
3.401899244636297226e-03
3.457222133874893188e-03
2.968523651361465454e-03
3.938009962439537048e-03
3.682392649352550507e-03
3.378418972715735435e-03
3.218863159418106079e-03
4.369264002889394760e-03
4.178016912192106247e-03
2.859187312424182892e-03
3.514262614771723747e-03
3.776327008381485939e-03
4.015488550066947937e-03
4.234472755342721939e-03
3.831774229183793068e-03
4.742103163152933121e-03
3.964061383157968521e-03
3.005777485668659210e-03
3.311178879812359810e-03
3.018173854798078537e-03
3.917877096682786942e-03
2.895386656746268272e-03
3.435724880546331406e-03
3.850199049338698387e-03
2.812925493344664574e-03
3.327478654682636261e-03
3.674890846014022827e-03
2.989837434142827988e-03
3.276214469224214554e-03
3.285690443590283394e-03
4.429053515195846558e-03
2.871229313313961029e-03
2.809792757034301758e-03
2.470471663400530815e-03
2.954407129436731339e-03
2.632446819916367531e-03
2.500347094610333443e-03
3.878306364640593529e-03
3.176167374476790428e-03
2.337603829801082611e-03
3.099505091086030006e-03
3.242205595597624779e-03
3.783431835472583771e-03
2.822487615048885345e-03
3.614112967625260353e-03
3.249902278184890747e-03
2.547597745433449745e-03
2.740639261901378632e-03
3.794759511947631836e-03
2.507454715669155121e-03
3.470371244475245476e-03
2.850519260391592979e-03
2.752927830442786217e-03
3.782513784244656563e-03
3.590316744521260262e-03
2.776999725028872490e-03
3.244607476517558098e-03
3.771021263673901558e-03
3.015233902260661125e-03
3.289279062300920486e-03
4.325629211962223053e-03
2.405189676210284233e-03
3.187807742506265640e-03
3.287699073553085327e-03
2.926409710198640823e-03
5.156227387487888336e-03
2.976802410557866096e-03
3.641606075689196587e-03
2.387237967923283577e-03
4.445777740329504013e-03
2.854426624253392220e-03
3.190501127392053604e-03
3.149342024698853493e-03
2.527948003262281418e-03
3.316660644486546516e-03
3.481531282886862755e-03
2.726336242631077766e-03
3.356598783284425735e-03
3.107955679297447205e-03
2.913523465394973755e-03
3.668695222586393356e-03
2.866465831175446510e-03
2.360932063311338425e-03
3.072062972933053970e-03
2.350103575736284256e-03
3.114381106570363045e-03
2.589422278106212616e-03
3.112099133431911469e-03
2.699715318158268929e-03
3.194482531398534775e-03
2.807489363476634026e-03
3.197426442056894302e-03
2.385446336120367050e-03
2.329022157937288284e-03
3.032137174159288406e-03
3.438841784372925758e-03
3.109059529379010201e-03
2.563179703429341316e-03
3.491969313472509384e-03
2.450911561027169228e-03
3.027687547728419304e-03
2.882064320147037506e-03
2.874045167118310928e-03
2.693284768611192703e-03
3.303283592686057091e-03
3.023822326213121414e-03
4.216715227812528610e-03
2.681090962141752243e-03
3.937169909477233887e-03
2.772210631519556046e-03
3.099929541349411011e-03
2.449476858600974083e-03
4.094818141311407089e-03
2.812469378113746643e-03
2.756516681984066963e-03
3.317598486319184303e-03
2.532419981434941292e-03
4.645499866455793381e-03
2.713073045015335083e-03
3.191798692569136620e-03
3.122432623058557510e-03
4.419325850903987885e-03
2.696458017453551292e-03
2.565715927630662918e-03
4.402576014399528503e-03
2.513742074370384216e-03
2.915514167398214340e-03
3.632280044257640839e-03
4.607580136507749557e-03
2.893334487453103065e-03
3.083484014496207237e-03
4.648910835385322571e-03
7.570232730358839035e-03
3.436833154410123825e-03
5.027008708566427231e-03
2.489862730726599693e-03
5.055532325059175491e-03
3.213461721315979958e-03
3.675638232380151749e-03
4.067790228873491287e-03
4.257198888808488846e-03
2.878234256058931351e-03
2.745980629697442055e-03
3.403126029297709465e-03
4.350099712610244751e-03
3.254605224356055260e-03
3.962768707424402237e-03
3.187859663739800453e-03
3.579607699066400528e-03
4.514122381806373596e-03
2.953605027869343758e-03
9.523701854050159454e-03
3.317087423056364059e-03
3.907647449523210526e-03
4.314386285841464996e-03
2.944065723568201065e-03
6.621802691370248795e-03
3.568999934941530228e-03
3.509566420689225197e-03
2.864744747057557106e-03
2.930247457697987556e-03
2.891763811931014061e-03
3.446126123890280724e-03
4.181193653494119644e-03
2.591500757262110710e-03
2.774222055450081825e-03
3.510579466819763184e-03
3.229524474591016769e-03
3.104659030213952065e-03
4.345182329416275024e-03
3.336834721267223358e-03
3.988414071500301361e-03
3.052710089832544327e-03
3.740619169548153877e-03
4.256578627973794937e-03
2.800418995320796967e-03
3.242836566641926765e-03
3.369963029399514198e-03
3.908847458660602570e-03
3.124379320070147514e-03
3.313563065603375435e-03
2.771977335214614868e-03
3.949787933379411697e-03
3.118281019851565361e-03
3.367986530065536499e-03
2.674631541594862938e-03
3.012018976733088493e-03
4.125847481191158295e-03
2.821485977619886398e-03
2.672074828296899796e-03
3.267552237957715988e-03
3.361309645697474480e-03
5.619357805699110031e-03
3.748825518414378166e-03
2.919981256127357483e-03
3.957536537200212479e-03
2.407278865575790405e-03
2.707758685573935509e-03
3.623424330726265907e-03
3.349403850734233856e-03
2.423226600512862206e-03
3.634796710684895515e-03
2.992848400026559830e-03
3.545687533915042877e-03
3.053906373679637909e-03
3.892591921612620354e-03
4.000241868197917938e-03
2.511982573196291924e-03
3.800909267738461494e-03
2.361338818445801735e-03
2.963633043691515923e-03
4.218245856463909149e-03
2.730935113504528999e-03
3.530618967488408089e-03
4.475882742553949356e-03
2.656888915225863457e-03
4.376733675599098206e-03
4.021994303911924362e-03
2.752102212980389595e-03
3.506883746013045311e-03
3.748475806787610054e-03
2.624934306368231773e-03
3.878951771184802055e-03
3.500841557979583740e-03
2.763645024970173836e-03
2.339988248422741890e-03
2.608255250379443169e-03
2.632719231769442558e-03
3.735542064532637596e-03
2.666555577889084816e-03
2.720954595133662224e-03
2.257373649626970291e-03
4.292364232242107391e-03
3.485209774225950241e-03
3.132679034024477005e-03
3.311891807243227959e-03
2.645328640937805176e-03
2.943573053926229477e-03
2.598233986645936966e-03
3.199558472260832787e-03
2.935432130470871925e-03
3.262357786297798157e-03
3.204308683052659035e-03
2.859719097614288330e-03
3.044824581593275070e-03
4.357036203145980835e-03
2.733364934101700783e-03
3.706517629325389862e-03
4.143700003623962402e-03
3.148432821035385132e-03
2.606879454106092453e-03
2.596842590719461441e-03
4.043966531753540039e-03
2.836529631167650223e-03
3.787862835451960564e-03
3.774696262553334236e-03
2.823578426614403725e-03
3.153304802253842354e-03
3.475755918771028519e-03
4.369363188743591309e-03
3.254840616136789322e-03
3.115247236564755440e-03
3.061242867261171341e-03
5.110731348395347595e-03
7.007956970483064651e-03
6.891843862831592560e-03
1.235785149037837982e-02
3.181687090545892715e-03
6.210773251950740814e-03
5.677373614162206650e-03
1.461800560355186462e-02
1.177157647907733917e-02
1.303396187722682953e-02
9.179998189210891724e-03
1.459392160177230835e-02
1.070386171340942383e-02
5.976003594696521759e-03
1.311739906668663025e-02
4.371290560811758041e-03
1.173056103289127350e-02
9.103476069867610931e-03
5.461212713271379471e-03
7.188368123024702072e-03
8.602945134043693542e-03
8.490670472383499146e-03
4.669916350394487381e-03
1.055677328258752823e-02
7.547606714069843292e-03
4.501923918724060059e-03
7.998040877282619476e-03
4.632519558072090149e-03
6.419396027922630310e-03
7.284190040081739426e-03
5.392075516283512115e-03
5.614825990051031113e-03
5.198930390179157257e-03
5.964922718703746796e-03
5.519262515008449554e-03
3.141289576888084412e-03
5.829568020999431610e-03
3.424057736992835999e-03
4.308258648961782455e-03
4.157278686761856079e-03
3.908758051693439484e-03
3.220693208277225494e-03
4.361777100712060928e-03
2.993806265294551849e-03
4.026138689368963242e-03
3.746011992916464806e-03
3.568951971828937531e-03
3.772149793803691864e-03
3.338076872751116753e-03
3.583475947380065918e-03
3.102903487160801888e-03
4.183310549706220627e-03
3.651180304586887360e-03
4.451835062354803085e-03
3.004706697538495064e-03
3.538768971338868141e-03
5.045781377702951431e-03
2.402494195848703384e-03
5.118090193718671799e-03
4.063030704855918884e-03
5.896991118788719177e-03
5.760430358350276947e-03
2.908076625317335129e-03
3.007525578141212463e-03
3.980103414505720139e-03
3.873894223943352699e-03
2.693619579076766968e-03
4.257384687662124634e-03
3.272649832069873810e-03
4.259341396391391754e-03
3.564416430890560150e-03
3.212970448657870293e-03
4.538090433925390244e-03
3.347513265907764435e-03
5.480792373418807983e-03
2.798741916194558144e-03
3.234243253245949745e-03
3.809657879173755646e-03
5.274010356515645981e-03
3.805334446951746941e-03
3.170830896124243736e-03
2.509443322196602821e-03
2.323155757039785385e-03
3.925594035536050797e-03
3.225106047466397285e-03
2.719350624829530716e-03
4.658813588321208954e-03
3.178688697516918182e-03
3.040785668417811394e-03
3.141524270176887512e-03
4.747782833874225616e-03
2.523834118619561195e-03
3.110303310677409172e-03
3.743326757103204727e-03
3.133785910904407501e-03
3.811585949733853340e-03
2.436756156384944916e-03
5.250475369393825531e-03
3.556256182491779327e-03
3.159355605021119118e-03
3.634160151705145836e-03
3.257803386077284813e-03
3.815221833065152168e-03
3.180882195010781288e-03
2.674592426046729088e-03
3.407033625990152359e-03
3.241450292989611626e-03
4.502708092331886292e-03
4.158601630479097366e-03
3.014853689819574356e-03
2.838800894096493721e-03
2.790994243696331978e-03
2.905322704464197159e-03
2.698227064684033394e-03
4.000060260295867920e-03
3.337495028972625732e-03
3.269416280090808868e-03
2.762244781479239464e-03
3.820340847596526146e-03
2.951634582132101059e-03
3.150216303765773773e-03
4.869003314524888992e-03
3.021311713382601738e-03
2.371872309595346451e-03
3.041698364540934563e-03
2.960582263767719269e-03
2.548896707594394684e-03
3.459764644503593445e-03
4.233547486364841461e-03
4.188791383057832718e-03
2.267029136419296265e-03
3.777739824727177620e-03
2.748271683230996132e-03
3.216096665710210800e-03
3.370710881426930428e-03
4.796895198523998260e-03
5.676606670022010803e-03
3.417585976421833038e-03
2.983481856063008308e-03
3.473558230325579643e-03
3.571924986317753792e-03
4.277863074094057083e-03
5.018671043217182159e-03
3.261951962485909462e-03
2.834872342646121979e-03
2.580760046839714050e-03
3.318167990073561668e-03
4.210052080452442169e-03
3.028554143384099007e-03
3.683267626911401749e-03
3.136206883937120438e-03
3.014655085280537605e-03
2.986978041008114815e-03
3.082901472225785255e-03
3.462529741227626801e-03
2.657039556652307510e-03
2.790843136608600616e-03
2.759257098659873009e-03
2.374997595325112343e-03
3.027805592864751816e-03
2.443736651912331581e-03
2.972634974867105484e-03
3.081028349697589874e-03
3.058598842471837997e-03
2.466290956363081932e-03
2.474906854331493378e-03
2.560092601925134659e-03
3.157551866024732590e-03
2.255838131532073021e-03
3.391870064660906792e-03
2.635876880958676338e-03
2.720481483265757561e-03
2.373501192778348923e-03
2.647416666150093079e-03
3.178073326125741005e-03
2.344838576391339302e-03
3.188168862834572792e-03
2.774026943370699883e-03
2.746562007814645767e-03
2.897439291700720787e-03
3.066692966967821121e-03
4.479902330785989761e-03
2.081639366224408150e-03
2.256295643746852875e-03
3.125609597191214561e-03
2.164040924981236458e-03
2.575238468125462532e-03
2.522352384403347969e-03
2.314688870683312416e-03
2.366791944950819016e-03
3.135476727038621902e-03
2.591400174424052238e-03
2.950366120785474777e-03
2.669758163392543793e-03
2.883397275581955910e-03
2.816797234117984772e-03
2.489047357812523842e-03
2.497921232134103775e-03
2.469846745952963829e-03
2.673024777323007584e-03
2.248487435281276703e-03
2.742973854765295982e-03
3.078877693042159081e-03
2.174980239942669868e-03
2.309781499207019806e-03
2.940048696473240852e-03
2.310416894033551216e-03
2.937795594334602356e-03
2.334061777219176292e-03
2.586981048807501793e-03
2.155634108930826187e-03
2.409484703093767166e-03
2.180317649617791176e-03
2.379045123234391212e-03
2.120108110830187798e-03
2.340523758903145790e-03
2.483441727235913277e-03
2.804271411150693893e-03
2.834992948919534683e-03
3.626694437116384506e-03
2.419936237856745720e-03
2.701745601370930672e-03
2.212336286902427673e-03
2.702798927202820778e-03
2.514283638447523117e-03
2.805379685014486313e-03
3.387256991118192673e-03
2.246198710054159164e-03
2.318364800885319710e-03
2.812318503856658936e-03
3.198260208591818810e-03
2.412146423012018204e-03
2.092339098453521729e-03
3.520196070894598961e-03
2.531745238229632378e-03
2.444010460749268532e-03
2.179692266508936882e-03
2.347863279283046722e-03
2.600291278213262558e-03
3.468660870566964149e-03
2.377313561737537384e-03
2.466941485181450844e-03
2.200505230575799942e-03
2.574573270976543427e-03
2.980436664074659348e-03
3.489469643682241440e-03
2.839401131495833397e-03
2.670819638296961784e-03
2.201346214860677719e-03
2.194325206801295280e-03
2.215540735051035881e-03
2.403516555204987526e-03
2.431465312838554382e-03
2.857272746041417122e-03
2.221593167632818222e-03
2.048604656010866165e-03
3.259104676544666290e-03
2.384368330240249634e-03
2.581735840067267418e-03
2.315371297299861908e-03
2.721235854551196098e-03
2.229716628789901733e-03
2.182952594012022018e-03
2.069898415356874466e-03
3.161423606798052788e-03
3.198144957423210144e-03
2.007419010624289513e-03
2.167210448533296585e-03
2.859972650185227394e-03
2.392405876889824867e-03
3.862384473904967308e-03
2.087318105623126030e-03
2.446080092340707779e-03
2.152695320546627045e-03
2.376007148995995522e-03
2.474884036928415298e-03
2.065338660031557083e-03
2.457366324961185455e-03
1.897931098937988281e-03
3.127014031633734703e-03
2.483461750671267509e-03
2.578730229288339615e-03
2.805026713758707047e-03
2.457150258123874664e-03
2.343814354389905930e-03
2.740406664088368416e-03
2.693722024559974670e-03
2.221293048933148384e-03
2.294578356668353081e-03
2.726824721321463585e-03
2.674283925443887711e-03
2.489844569936394691e-03
2.182019874453544617e-03
2.738536801189184189e-03
3.511950606480240822e-03
3.116022795438766479e-03
2.989609725773334503e-03
1.958484994247555733e-03
1.977781066671013832e-03
2.783113159239292145e-03
2.593291690573096275e-03
2.058474114164710045e-03
2.206172095611691475e-03
3.083720337599515915e-03
2.095263684168457985e-03
2.188656711950898170e-03
2.283512381836771965e-03
2.232375554740428925e-03
2.523271134123206139e-03
3.178198589012026787e-03
2.019917592406272888e-03
2.238294808194041252e-03
2.736879512667655945e-03
2.952954266220331192e-03
2.975174458697438240e-03
2.239141380414366722e-03
3.288639709353446960e-03
2.259437460452318192e-03
2.235857769846916199e-03
3.160342108458280563e-03
3.255042480304837227e-03
3.673905506730079651e-03
2.024233806878328323e-03
2.335616154596209526e-03
2.600101521238684654e-03
2.418065443634986877e-03
2.128785010427236557e-03
2.304509049281477928e-03
3.310957225039601326e-03
2.120005432516336441e-03
2.366896951571106911e-03
2.113134600222110748e-03
2.234646119177341461e-03
2.283890731632709503e-03
2.638460602611303329e-03
2.117991447448730469e-03
2.251740079373121262e-03
2.216051332652568817e-03
2.468718215823173523e-03
2.396458759903907776e-03
2.311709336936473846e-03
1.982647459954023361e-03
2.269037067890167236e-03
2.295830752700567245e-03
2.746450016275048256e-03
2.415101276710629463e-03
2.687613479793071747e-03
2.154295798391103745e-03
2.563849091529846191e-03
2.284243004396557808e-03
3.501412225887179375e-03
3.009311156347393990e-03
2.986119827255606651e-03
2.353054704144597054e-03
3.242418868467211723e-03
3.547911765053868294e-03
2.066425280645489693e-03
2.496053231880068779e-03
2.263503381982445717e-03
2.314269309863448143e-03
2.159597352147102356e-03
3.395818406715989113e-03
2.798155182972550392e-03
2.308715833351016045e-03
2.202485688030719757e-03
2.641226630657911301e-03
2.377772238105535507e-03
3.440724918618798256e-03
1.943403622135519981e-03
2.223463263362646103e-03
2.543378155678510666e-03
2.478625392541289330e-03
2.110593020915985107e-03
2.772472100332379341e-03
2.118210308253765106e-03
2.028100192546844482e-03
2.252687932923436165e-03
2.353513380512595177e-03
2.323062624782323837e-03
2.702476223930716515e-03
2.742908895015716553e-03
2.417790004983544350e-03
2.666536020115017891e-03
2.686011604964733124e-03
2.367595443502068520e-03
2.361203543841838837e-03
2.514256397262215614e-03
2.690264722332358360e-03
2.617937047034502029e-03
2.746030455455183983e-03
2.708667656406760216e-03
2.207383280619978905e-03
2.224634168669581413e-03
2.154742367565631866e-03
2.507272176444530487e-03
2.201983239501714706e-03
2.647162415087223053e-03
2.420010510832071304e-03
2.301426371559500694e-03
2.550603356212377548e-03
2.555628772825002670e-03
3.161241300404071808e-03
2.242891816422343254e-03
2.961674472317099571e-03
3.544444218277931213e-03
2.519908826798200607e-03
2.132275607436895370e-03
2.125491388142108917e-03
2.408016705885529518e-03
2.762943506240844727e-03
2.353414660319685936e-03
2.260782057419419289e-03
2.098061144351959229e-03
2.211793558672070503e-03
3.249237546697258949e-03
5.031515378504991531e-03
2.900742925703525543e-03
2.367003122344613075e-03
2.693854039534926414e-03
2.414432121440768242e-03
2.343165688216686249e-03
2.726753009483218193e-03
2.610972616821527481e-03
2.958471653982996941e-03
2.795957960188388824e-03
2.218849025666713715e-03
2.695350209251046181e-03
2.578716492280364037e-03
2.487873192876577377e-03
2.181029412895441055e-03
2.247841563075780869e-03
2.623354084789752960e-03
2.346232533454895020e-03
2.398610813543200493e-03
2.228861674666404724e-03
2.864162670448422432e-03
3.007683670148253441e-03
2.284097718074917793e-03
2.034326316788792610e-03
4.010274074971675873e-03
2.863317262381315231e-03
2.452762797474861145e-03
2.622419036924839020e-03
2.338094171136617661e-03
2.089050831273198128e-03
2.058423822745680809e-03
2.485047793015837669e-03
2.082089195027947426e-03
2.369465306401252747e-03
2.055766060948371887e-03
2.091579604893922806e-03
1.994854304939508438e-03
2.793574938550591469e-03
2.494797576218843460e-03
2.548500429838895798e-03
2.390514360740780830e-03
4.743152298033237457e-03
2.863495610654354095e-03
3.840232733637094498e-03
2.695895498618483543e-03
2.261740854009985924e-03
2.577746519818902016e-03
2.875124569982290268e-03
2.469518920406699181e-03
3.326560603454709053e-03
3.006433602422475815e-03
3.783495165407657623e-03
3.375139785930514336e-03
2.443103119730949402e-03
2.912637311965227127e-03
2.247376367449760437e-03
3.046794794499874115e-03
2.262741792947053909e-03
2.983216661959886551e-03
2.587736817076802254e-03
3.009101375937461853e-03
3.328772960230708122e-03
2.780721522867679596e-03
2.380317077040672302e-03
2.869787393137812614e-03
2.606435213238000870e-03
4.468333441764116287e-03
2.132404595613479614e-03
3.168674884364008904e-03
3.384099341928958893e-03
3.073031781241297722e-03
3.178463783115148544e-03
2.802876057103276253e-03
2.844125032424926758e-03
2.512948820367455482e-03
2.736638532951474190e-03
2.470973413437604904e-03
2.949686720967292786e-03
2.684164326637983322e-03
2.652543829753994942e-03
2.953346120193600655e-03
2.748009981587529182e-03
2.643479965627193451e-03
2.276309533044695854e-03
2.363235224038362503e-03
2.505502430722117424e-03
2.230050275102257729e-03
2.901338506489992142e-03
2.972887363284826279e-03
2.350455150008201599e-03
2.577753970399498940e-03
2.267879899591207504e-03
3.209914313629269600e-03
3.218309022486209869e-03
2.408654894679784775e-03
2.883623354136943817e-03
2.574425889179110527e-03
2.228085650131106377e-03
2.586766611784696579e-03
2.318670507520437241e-03
3.245637053623795509e-03
2.489103237167000771e-03
2.632803982123732567e-03
2.335104625672101974e-03
2.963482169434428215e-03
3.377530025318264961e-03
3.629264887422323227e-03
2.760065952315926552e-03
2.731301123276352882e-03
2.924092812463641167e-03
2.554620848968625069e-03
2.701214049011468887e-03
2.633540425449609756e-03
3.075957531109452248e-03
5.248995032161474228e-03
2.676604548469185829e-03
2.591603435575962067e-03
2.252308418974280357e-03
3.700806759297847748e-03
2.535100560635328293e-03
2.422084799036383629e-03
2.125166589394211769e-03
3.136700950562953949e-03
3.450184129178524017e-03
2.793804975226521492e-03
2.752048429101705551e-03
2.397389616817235947e-03
3.129857359454035759e-03
2.655605319887399673e-03
2.895153593271970749e-03
2.227721735835075378e-03
2.086652209982275963e-03
2.491263905540108681e-03
2.493421081453561783e-03
5.181400105357170105e-03
2.282366855069994926e-03
3.549029119312763214e-03
3.077736357226967812e-03
2.628186950460076332e-03
2.445967867970466614e-03
2.853897167369723320e-03
2.135983668267726898e-03
3.060487331822514534e-03
2.675563795492053032e-03
2.073901239782571793e-03
2.704169601202011108e-03
2.743426244705915451e-03
2.205211203545331955e-03
2.249139826744794846e-03
2.637874102219939232e-03
2.210800070315599442e-03
2.275224542245268822e-03
2.666543005034327507e-03
2.193953143432736397e-03
2.150979824364185333e-03
3.276020986959338188e-03
2.287104725837707520e-03
2.345210174098610878e-03
2.178864553570747375e-03
2.513573039323091507e-03
2.144578145816922188e-03
2.666050102561712265e-03
2.898954553529620171e-03
2.563862362876534462e-03
2.230391139164566994e-03
2.398446202278137207e-03
2.362848725169897079e-03
3.106627380475401878e-03
2.223915886133909225e-03
2.399156102910637856e-03
1.986892661079764366e-03
2.282547531649470329e-03
2.636442426592111588e-03
3.407540963962674141e-03
3.380561945959925652e-03
2.659667516127228737e-03
2.617614576593041420e-03
2.234872430562973022e-03
2.331638475880026817e-03
2.444705460220575333e-03
2.983120270073413849e-03
3.218838479369878769e-03
2.482869662344455719e-03
2.206634962931275368e-03
2.231372287496924400e-03
2.616308629512786865e-03
2.692481037229299545e-03
2.596454927697777748e-03
2.837249776348471642e-03
2.287815557792782784e-03
3.542575286701321602e-03
2.344785258173942566e-03
2.342082094401121140e-03
2.420169301331043243e-03
3.147393232211470604e-03
2.484173746779561043e-03
2.480162540450692177e-03
2.487338148057460785e-03
2.244714414700865746e-03
2.873526187613606453e-03
2.349968999624252319e-03
2.813593251630663872e-03
2.549381228163838387e-03
3.303022589534521103e-03
2.163234632462263107e-03
2.755803987383842468e-03
2.469497732818126678e-03
2.714332891628146172e-03
2.067762892693281174e-03
2.952610375359654427e-03
2.841096604242920876e-03
2.206638921052217484e-03
2.134250709787011147e-03
2.575469203293323517e-03
2.344063948839902878e-03
2.342849504202604294e-03
2.684064907953143120e-03
2.169733867049217224e-03
2.764837583526968956e-03
2.403727266937494278e-03
2.322002779692411423e-03
2.315940335392951965e-03
2.422150922939181328e-03
2.892744727432727814e-03
2.429533284157514572e-03
2.295064972713589668e-03
2.126359613612294197e-03
2.163511700928211212e-03
2.119551645591855049e-03
3.766792593523859978e-03
2.334756543859839439e-03
2.014146186411380768e-03
3.334022127091884613e-03
2.669054549187421799e-03
2.268297132104635239e-03
2.166360616683959961e-03
2.393443137407302856e-03
2.004062058404088020e-03
2.621114486828446388e-03
2.164108445867896080e-03
2.011782256886363029e-03
2.560769673436880112e-03
2.083550207316875458e-03
2.079906873404979706e-03
2.668882021680474281e-03
2.178758615627884865e-03
2.140335040166974068e-03
2.269764197990298271e-03
2.478681504726409912e-03
2.289213240146636963e-03
2.333992393687367439e-03
2.258026506751775742e-03
2.183571923524141312e-03
1.984374597668647766e-03
1.937859924510121346e-03
2.138712210580706596e-03
2.088983543217182159e-03
2.138241659849882126e-03
2.200951101258397102e-03
2.482710406184196472e-03
2.390637528151273727e-03
1.940651913173496723e-03
2.860082779079675674e-03
2.201208611950278282e-03
2.200148534029722214e-03
3.322907257825136185e-03
2.124915365129709244e-03
2.230541082099080086e-03
2.756920875981450081e-03
2.425317652523517609e-03
2.082923427224159241e-03
2.444194396957755089e-03
2.918938873335719109e-03
2.238544402644038200e-03
2.228239551186561584e-03
2.544712508097290993e-03
2.532756188884377480e-03
2.009671647101640701e-03
2.865448128432035446e-03
2.417157404124736786e-03
2.245406387373805046e-03
2.039996674284338951e-03
2.199521055445075035e-03
1.998303690925240517e-03
2.844612579792737961e-03
1.969842007383704185e-03
2.027854323387145996e-03
2.236383268609642982e-03
1.945566968061029911e-03
2.626036992296576500e-03
2.268965356051921844e-03
2.778904512524604797e-03
2.110844478011131287e-03
1.986554358154535294e-03
2.284379443153738976e-03
2.633338328450918198e-03
2.308075316250324249e-03
2.637151395902037621e-03
3.774810116738080978e-03
2.535317093133926392e-03
2.421591663733124733e-03
2.006044844165444374e-03
2.353612333536148071e-03
1.984986709430813789e-03
2.039087004959583282e-03
2.573268953710794449e-03
2.464854856953024864e-03
2.710735192522406578e-03
2.692488720640540123e-03
2.482724608853459358e-03
3.135437378659844398e-03
3.115771804004907608e-03
2.661768812686204910e-03
3.771733958274126053e-03
2.785264514386653900e-03
2.332024974748492241e-03
2.449941122904419899e-03
3.264289349317550659e-03
2.052862662822008133e-03
2.067573834210634232e-03
3.059298032894730568e-03
2.121472498401999474e-03
3.651126986369490623e-03
3.980266395956277847e-03
2.800847403705120087e-03
2.719807904213666916e-03
2.169852610677480698e-03
2.961497986689209938e-03
2.711742650717496872e-03
2.415552968159317970e-03
3.874560119584202766e-03
2.119956072419881821e-03
2.797075314447283745e-03
2.519095549359917641e-03
2.497275359928607941e-03
2.703037345781922340e-03
2.585732610896229744e-03
3.043860197067260742e-03
3.217404009774327278e-03
3.605563193559646606e-03
3.314511384814977646e-03
3.702543443068861961e-03
3.155999584123492241e-03
2.330660587176680565e-03
4.729277454316616058e-03
4.010119475424289703e-03
3.224118147045373917e-03
2.640964463353157043e-03
4.547886550426483154e-03
4.704685416072607040e-03
8.371954783797264099e-03
2.914051292464137077e-03
3.631514497101306915e-03
4.111283458769321442e-03
4.507238976657390594e-03
3.074789186939597130e-03
3.324627643451094627e-03
3.189623355865478516e-03
3.492377232760190964e-03
4.308394156396389008e-03
3.547478001564741135e-03
3.060665912926197052e-03
3.270020009949803352e-03
2.646349137648940086e-03
2.742078620940446854e-03
3.157172352075576782e-03
3.157689003273844719e-03
3.294887486845254898e-03
5.118614062666893005e-03
3.016260452568531036e-03
4.889940842986106873e-03
2.194408327341079712e-03
3.367741126567125320e-03
2.463942393660545349e-03
2.170629566535353661e-03
2.547282027080655098e-03
2.924509579315781593e-03
3.730171592906117439e-03
2.355683827772736549e-03
2.609656658023595810e-03
3.323294455185532570e-03
3.274580929428339005e-03
4.214202985167503357e-03
3.405572148039937019e-03
2.489869017153978348e-03
2.439995529130101204e-03
4.018166102468967438e-03
2.809816738590598106e-03
2.791609382256865501e-03
4.126267507672309875e-03
2.773133572190999985e-03
3.147114533931016922e-03
2.974824979901313782e-03
2.287823706865310669e-03
2.199098933488130569e-03
4.276531282812356949e-03
2.549667144194245338e-03
2.235302235931158066e-03
2.438527531921863556e-03
2.593561774119734764e-03
2.147095976397395134e-03
2.211946062743663788e-03
2.180153038352727890e-03
2.382844453677535057e-03
3.177062375470995903e-03
2.679541474208235741e-03
2.000168664380908012e-03
2.643387299031019211e-03
2.668145112693309784e-03
3.115374362096190453e-03
2.405919600278139114e-03
3.078753827139735222e-03
3.739348612725734711e-03
4.943685606122016907e-03
2.868226962164044380e-03
2.401426434516906738e-03
2.401922596618533134e-03
2.642013365402817726e-03
3.659238573163747787e-03
3.145700087770819664e-03
2.800202229991555214e-03
2.398903947323560715e-03
2.625980181619524956e-03
3.249262459576129913e-03
3.516453318297863007e-03
4.056214354932308197e-03
2.232761587947607040e-03
2.209745580330491066e-03
2.363681094720959663e-03
2.669055480509996414e-03
3.429985838010907173e-03
2.518223365768790245e-03
3.388155484572052956e-03
2.317689126357436180e-03
2.329603536054491997e-03
2.349610906094312668e-03
2.855311147868633270e-03
2.507662866264581680e-03
3.372783074155449867e-03
2.314436482265591621e-03
3.188470378518104553e-03
2.697856398299336433e-03
2.170622814446687698e-03
2.998997690156102180e-03
2.199940383434295654e-03
2.465840894728899002e-03
3.605447011068463326e-03
5.429804325103759766e-03
2.490480197593569756e-03
2.429145155474543571e-03
2.041416009888052940e-03
4.653566516935825348e-03
4.963162355124950409e-03
2.666715765371918678e-03
2.205864060670137405e-03
3.181413980200886726e-03
3.578207455575466156e-03
2.738137729465961456e-03
3.170665120705962181e-03
3.028381848707795143e-03
4.733270499855279922e-03
3.894633613526821136e-03
3.360242582857608795e-03
3.642027266323566437e-03
3.567120525985956192e-03
2.460673218593001366e-03
2.170237014070153236e-03
2.998727140948176384e-03
2.665244275704026222e-03
3.023787867277860641e-03
2.673718379810452461e-03
3.285860875621438026e-03
2.985190832987427711e-03
2.920200116932392120e-03
2.807216253131628036e-03
2.759962575510144234e-03
2.036956604570150375e-03
2.681282348930835724e-03
2.258201595395803452e-03
2.718135016039013863e-03
2.497497014701366425e-03
2.973933704197406769e-03
2.430437598377466202e-03
2.374779665842652321e-03
2.655705204233527184e-03
2.114274306222796440e-03
2.652003895491361618e-03
2.637175377458333969e-03
2.141635864973068237e-03
2.180525567382574081e-03
2.087002620100975037e-03
2.117813564836978912e-03
2.425760030746459961e-03
2.124991500750184059e-03
2.736535388976335526e-03
2.449620049446821213e-03
2.284380374476313591e-03
2.478769049048423767e-03
2.152497647330164909e-03
2.047059824690222740e-03
3.071602433919906616e-03
2.215405227616429329e-03
2.894030883908271790e-03
2.299125539138913155e-03
2.680431120097637177e-03
3.935050219297409058e-03
2.261837711557745934e-03
2.246625488623976707e-03
3.058456350117921829e-03
2.979066921398043633e-03
2.221562433987855911e-03
2.316417871043086052e-03
2.101314021274447441e-03
2.396284369751811028e-03
2.459111157804727554e-03
2.598404418677091599e-03
2.043189015239477158e-03
3.750262083485722542e-03
2.255904953926801682e-03
2.176912268623709679e-03
2.635446842759847641e-03
2.012552693486213684e-03
1.984411152079701424e-03
2.612875774502754211e-03
3.046040656045079231e-03
3.208596725016832352e-03
2.554913517087697983e-03
3.129362361505627632e-03
1.977500040084123611e-03
2.035156823694705963e-03
2.091007074341177940e-03
2.145631471648812294e-03
2.562721725553274155e-03
2.175347879528999329e-03
2.302143024280667305e-03
2.739738905802369118e-03
2.130659529939293861e-03
3.161501372233033180e-03
1.969469944015145302e-03
2.614050870761275291e-03
2.165130572393536568e-03
2.419907134026288986e-03
3.461399115622043610e-03
1.977515639737248421e-03
3.736471524462103844e-03
2.049006754532456398e-03
2.334152115508913994e-03
2.358738565817475319e-03
4.402508959174156189e-03
2.344724722206592560e-03
2.882096916437149048e-03
3.057720838114619255e-03
2.190896309912204742e-03
2.056682482361793518e-03
2.497976180166006088e-03
2.468301681801676750e-03
2.073425101116299629e-03
2.539185574278235435e-03
2.627404173836112022e-03
2.423346973955631256e-03
2.510728314518928528e-03
2.277219900861382484e-03
2.018620725721120834e-03
2.817956963554024696e-03
2.287520561367273331e-03
2.379154320806264877e-03
2.015040488913655281e-03
2.708353102207183838e-03
3.114369697868824005e-03
2.762939780950546265e-03
2.677848096936941147e-03
2.122228499501943588e-03
2.533379709348082542e-03
2.670299727469682693e-03
2.473790198564529419e-03
2.755513181909918785e-03
1.933436607941985130e-03
2.714347792789340019e-03
2.309133997187018394e-03
3.430245909839868546e-03
2.032974036410450935e-03
2.040459774434566498e-03
2.521748887374997139e-03
2.469347557052969933e-03
2.210249658674001694e-03
2.363778650760650635e-03
2.177662681788206100e-03
2.691144123673439026e-03
2.302426146343350410e-03
2.644594525918364525e-03
2.450089436024427414e-03
1.958695007488131523e-03
2.160067670047283173e-03
2.815362997353076935e-03
2.061370760202407837e-03
2.704071113839745522e-03
2.400556346401572227e-03
2.400272293016314507e-03
2.103565959259867668e-03
2.066389191895723343e-03
2.233608858659863472e-03
2.537849126383662224e-03
2.414684277027845383e-03
1.990499906241893768e-03
2.105987863615155220e-03
2.833104226738214493e-03
2.037486061453819275e-03
3.345027565956115723e-03
1.998682972043752670e-03
2.082073828205466270e-03
2.480702940374612808e-03
2.408820204436779022e-03
2.011056058108806610e-03
2.743290038779377937e-03
2.398532582446932793e-03
2.063651103526353836e-03
3.011455526575446129e-03
2.286864444613456726e-03
2.181112533435225487e-03
2.174882451072335243e-03
2.363764215260744095e-03
2.092764945700764656e-03
2.328173723071813583e-03
1.953833736479282379e-03
2.106594154611229897e-03
2.202609786763787270e-03
2.735631074756383896e-03
2.717236988246440887e-03
2.378236502408981323e-03
2.738073235377669334e-03
1.971098128706216812e-03
2.050579059869050980e-03
2.162340795621275902e-03
1.944172196090221405e-03
1.945874886587262154e-03
2.990425797179341316e-03
2.642023377120494843e-03
2.870152238756418228e-03
2.019158098846673965e-03
2.461205702275037766e-03
2.593370154500007629e-03
3.108639037236571312e-03
2.504500560462474823e-03
2.243172843009233475e-03
2.166972029954195023e-03
2.610782394185662270e-03
2.050377661362290382e-03
2.014929195865988731e-03
2.452911110594868660e-03
2.341069281101226807e-03
2.408953383564949036e-03
2.086235908791422844e-03
2.293052384629845619e-03
1.951459329575300217e-03
3.163762623444199562e-03
2.523646689951419830e-03
2.202999312430620193e-03
2.414799295365810394e-03
2.059825928881764412e-03
2.196253044530749321e-03
2.110414672642946243e-03
2.804626245051622391e-03
1.995170488953590393e-03
1.942556351423263550e-03
3.183441003784537315e-03
2.767768222838640213e-03
2.111714333295822144e-03
2.327038906514644623e-03
2.061797305941581726e-03
3.003932768478989601e-03
2.160946372896432877e-03
2.683959668502211571e-03
1.925430260598659515e-03
2.075407654047012329e-03
2.586125163361430168e-03
1.988134812563657761e-03
3.604941535741090775e-03
2.498249756172299385e-03
2.465917030349373817e-03
2.364409854635596275e-03
1.965547911822795868e-03
2.039372688159346581e-03
2.179478760808706284e-03
2.098240423947572708e-03
2.653118688613176346e-03
2.193886553868651390e-03
2.294670790433883667e-03
2.263797912746667862e-03
2.075196942314505577e-03
2.604756038635969162e-03
2.231116872280836105e-03
2.294667530804872513e-03
3.254490206018090248e-03
2.188544254750013351e-03
2.358159981667995453e-03
2.035686513409018517e-03
2.444064943119883537e-03
2.304132329300045967e-03
2.370380796492099762e-03
2.692576264962553978e-03
2.004700712859630585e-03
2.915253397077322006e-03
2.382112434133887291e-03
2.091624075546860695e-03
2.505833283066749573e-03
2.127101877704262733e-03
1.913856482133269310e-03
2.223395043984055519e-03
2.022217959165573120e-03
1.864421996288001537e-03
2.396155381575226784e-03
2.523805480450391769e-03
2.170158550143241882e-03
2.192642772570252419e-03
2.454452216625213623e-03
2.477150876075029373e-03
3.202153136953711510e-03
2.278008032590150833e-03
1.928132493048906326e-03
2.235400257632136345e-03
2.479308051988482475e-03
1.989552052691578865e-03
2.079247962683439255e-03
1.918736146762967110e-03
2.002631081268191338e-03
2.093062503263354301e-03
2.417279873043298721e-03
2.244948642328381538e-03
2.207764424383640289e-03
3.435903927311301231e-03
2.572776982560753822e-03
2.118499716743826866e-03
2.750716637820005417e-03
2.109575318172574043e-03
2.436651382595300674e-03
2.296297345310449600e-03
2.166868187487125397e-03
2.703840844333171844e-03
2.489029429852962494e-03
2.844545291736721992e-03
2.222651615738868713e-03
2.611344214528799057e-03
2.582046668976545334e-03
3.064212389290332794e-03
2.381190424785017967e-03
2.619482809677720070e-03
2.874593483284115791e-03
2.988908672705292702e-03
2.118994249030947685e-03
2.231007674708962440e-03
2.517879707738757133e-03
2.169307088479399681e-03
2.701526973396539688e-03
2.609966322779655457e-03
3.532889997586607933e-03
2.290357835590839386e-03
2.349358517676591873e-03
2.452817978337407112e-03
2.773823449388146400e-03
2.073089126497507095e-03
2.009312156587839127e-03
2.115868264809250832e-03
2.323078922927379608e-03
2.259117318317294121e-03
2.177971415221691132e-03
2.523398958146572113e-03
2.472032560035586357e-03
2.779627684503793716e-03
2.006451599299907684e-03
2.078473567962646484e-03
2.566608600318431854e-03
2.328604459762573242e-03
2.317888429388403893e-03
2.739780582487583160e-03
2.522435272112488747e-03
2.437428804114460945e-03
2.025563502684235573e-03
2.243638038635253906e-03
2.326594898477196693e-03
2.680556382983922958e-03
2.093552146106958389e-03
2.426809398457407951e-03
1.936892978847026825e-03
2.852072007954120636e-03
2.410688437521457672e-03
2.735072746872901917e-03
1.992197241634130478e-03
2.214045962318778038e-03
2.169521991163492203e-03
2.308669965714216232e-03
2.140946453437209129e-03
2.205674070864915848e-03
2.360946731641888618e-03
2.096597570925951004e-03
2.726651960983872414e-03
2.676809905096888542e-03
1.955856569111347198e-03
2.135369461029767990e-03
2.065434353426098824e-03
2.167066093534231186e-03
2.611940726637840271e-03
2.211291342973709106e-03
2.052956959232687950e-03
2.109908033162355423e-03
2.304732566699385643e-03
2.099205506965517998e-03
2.274420345202088356e-03
2.005291171371936798e-03
2.997768577188253403e-03
2.101233229041099548e-03
2.253875602036714554e-03
2.206642413511872292e-03
2.209423109889030457e-03
2.120868535712361336e-03
2.125049242749810219e-03
2.291732700541615486e-03
2.425147220492362976e-03
1.964311813935637474e-03
2.299195388332009315e-03
2.059687161818146706e-03
2.096959855407476425e-03
2.005362417548894882e-03
2.636928809806704521e-03
2.127141691744327545e-03
3.138181520625948906e-03
2.058854093775153160e-03
2.075931522995233536e-03
3.048707963898777962e-03
2.028146293014287949e-03
2.205850323662161827e-03
2.152426401153206825e-03
2.395513467490673065e-03
2.012402052059769630e-03
2.349862828850746155e-03
2.364477841183543205e-03
2.729238010942935944e-03
2.077169483527541161e-03
2.419601194560527802e-03
2.570716431364417076e-03
2.124469261616468430e-03
2.198612783104181290e-03
2.305376343429088593e-03
2.170245163142681122e-03
2.037367084994912148e-03
2.088797278702259064e-03
1.982871443033218384e-03
3.224016632884740829e-03
1.893824664875864983e-03
2.124132355675101280e-03
2.385850297287106514e-03
1.963723683729767799e-03
2.304491819813847542e-03
2.526031341403722763e-03
2.052234951406717300e-03
2.603424247354269028e-03
2.709266263991594315e-03
2.669308101758360863e-03
1.918682013638317585e-03
2.324931789189577103e-03
2.618190366774797440e-03
2.390762791037559509e-03
2.026858506724238396e-03
2.125040860846638680e-03
1.879423623904585838e-03
1.867453800514340401e-03
2.118828473612666130e-03
2.046227455139160156e-03
2.329726470634341240e-03
2.017877297475934029e-03
2.866711933165788651e-03
2.181087387725710869e-03
2.307720948010683060e-03
1.830602181144058704e-03
2.125383354723453522e-03
2.529517747461795807e-03
1.999184023588895798e-03
2.320395782589912415e-03
2.070631831884384155e-03
2.168114995583891869e-03
1.924030017107725143e-03
2.124892082065343857e-03
2.243864117190241814e-03
2.597995568066835403e-03
2.478564623743295670e-03
2.348312642425298691e-03
2.019475679844617844e-03
2.035837853327393532e-03
2.147704595699906349e-03
2.018718514591455460e-03
3.783854190260171890e-03
2.308436902239918709e-03
2.642921172082424164e-03
2.295338548719882965e-03
1.905285054817795753e-03
2.491859020665287971e-03
2.117769792675971985e-03
2.212493680417537689e-03
2.139009302482008934e-03
2.052481751888990402e-03
2.540010493248701096e-03
2.206059638410806656e-03
2.145557431504130363e-03
2.674223156645894051e-03
2.573579084128141403e-03
1.950077246874570847e-03
2.169197658076882362e-03
2.434970345348119736e-03
1.971484860405325890e-03
2.244972623884677887e-03
2.157021081075072289e-03
2.175313187763094902e-03
1.897625741548836231e-03
2.215103711932897568e-03
1.971484860405325890e-03
2.020957181230187416e-03
2.237447304651141167e-03
2.054058481007814407e-03
2.396721392869949341e-03
2.444819547235965729e-03
2.216188702732324600e-03
2.104155486449599266e-03
2.282181521877646446e-03
2.195864915847778320e-03
2.056057797744870186e-03
2.460883930325508118e-03
4.205114208161830902e-03
1.957976724952459335e-03
2.846629824489355087e-03
2.383374841883778572e-03
2.078436547890305519e-03
1.977775478735566139e-03
2.295217709615826607e-03
3.186871297657489777e-03
2.015092642977833748e-03
2.100081881508231163e-03
1.907189609482884407e-03
2.064256463199853897e-03
2.055813092738389969e-03
2.419850323349237442e-03
2.139207441359758377e-03
2.736208029091358185e-03
2.152752596884965897e-03
2.069181296974420547e-03
2.194112865254282951e-03
2.264845184981822968e-03
2.735672518610954285e-03
2.447559032589197159e-03
2.430294407531619072e-03
2.114545321092009544e-03
3.456950653344392776e-03
2.054850570857524872e-03
2.870912896469235420e-03
2.582000335678458214e-03
1.987963449209928513e-03
2.217513509094715118e-03
2.089488785713911057e-03
2.597745507955551147e-03
2.043044660240411758e-03
2.496252767741680145e-03
3.055179025977849960e-03
2.591433003544807434e-03
2.137223724275827408e-03
2.752828411757946014e-03
1.982906367629766464e-03
3.008437808603048325e-03
1.989522948861122131e-03
2.429303014650940895e-03
3.051847452297806740e-03
2.179735805839300156e-03
2.635259414091706276e-03
2.241245238110423088e-03
2.592792036011815071e-03
2.378643257543444633e-03
2.400615718215703964e-03
1.989176962524652481e-03
2.024682238698005676e-03
2.045000204816460609e-03
3.083179239183664322e-03
2.005367074161767960e-03
2.177920658141374588e-03
3.182915970683097839e-03
2.032747259363532066e-03
1.969037577509880066e-03
2.236137632280588150e-03
2.304698806256055832e-03
2.228352706879377365e-03
1.957921544089913368e-03
2.440868644043803215e-03
3.369223093613982201e-03
2.603087341412901878e-03
2.010211348533630371e-03
1.907961792312562466e-03
2.210231265053153038e-03
2.422906458377838135e-03
3.693503094837069511e-03
2.110935747623443604e-03
3.258005715906620026e-03
2.005956834182143211e-03
2.579726977273821831e-03
2.768899081274867058e-03
4.025343805551528931e-03
3.113533137366175652e-03
2.513915766030550003e-03
2.844978822395205498e-03
2.020499669015407562e-03
2.239901572465896606e-03
1.938091241754591465e-03
3.396958578377962112e-03
2.608237322419881821e-03
2.843601629137992859e-03
2.319326857104897499e-03
2.299231477081775665e-03
2.013975055888295174e-03
2.111026551574468613e-03
3.083022776991128922e-03
2.057802863419055939e-03
2.748137805610895157e-03
2.002185443416237831e-03
2.543370472267270088e-03
1.940320478752255440e-03
2.057538833469152451e-03
1.946515403687953949e-03
2.587323542684316635e-03
2.108352258801460266e-03
2.075798111036419868e-03
3.560678334906697273e-03
2.160479314625263214e-03
2.121861325576901436e-03
2.572979545220732689e-03
2.112418180331587791e-03
2.235112246125936508e-03
2.104003215208649635e-03
2.286012051627039909e-03
2.682016231119632721e-03
2.568950410932302475e-03
2.068276749923825264e-03
2.181509044021368027e-03
2.972770947962999344e-03
2.310323063284158707e-03
2.661417936906218529e-03
2.493878826498985291e-03
2.172429813072085381e-03
2.780267503112554550e-03
3.135659033432602882e-03
2.083491533994674683e-03
3.537366399541497231e-03
2.190877916291356087e-03
2.846526680514216423e-03
2.428072504699230194e-03
2.351184375584125519e-03
2.634092001244425774e-03
2.265180693939328194e-03
3.460995387285947800e-03
2.022371860221028328e-03
2.543224953114986420e-03
2.289383672177791595e-03
2.435032045468688011e-03
2.078743418678641319e-03
2.432270208373665810e-03
2.241099718958139420e-03
1.972306519746780396e-03
2.195330569520592690e-03
1.967414515092968941e-03
2.112811198458075523e-03
2.650591311976313591e-03
2.227159217000007629e-03
2.526073949411511421e-03
2.346725668758153915e-03
2.186278812587261200e-03
2.272230340167880058e-03
2.252508420497179031e-03
2.279763109982013702e-03
1.917362795211374760e-03
2.032280899584293365e-03
2.463585231453180313e-03
3.142730798572301865e-03
2.515689237043261528e-03
2.340048318728804588e-03
2.165802521631121635e-03
2.151079941540956497e-03
1.975415274500846863e-03
1.878617098554968834e-03
1.978896092623472214e-03
3.467723028734326363e-03
1.935374690219759941e-03
2.244191477075219154e-03
2.140462165698409081e-03
2.153228502720594406e-03
2.537894528359174728e-03
1.966463169082999229e-03
2.143306192010641098e-03
2.030847594141960144e-03
2.263157395645976067e-03
1.893520820885896683e-03
2.117024268954992294e-03
2.298467094078660011e-03
2.659172518178820610e-03
2.295184647664427757e-03
1.952923950739204884e-03
2.299198647961020470e-03
1.915369066409766674e-03
3.394162748008966446e-03
1.937016379088163376e-03
2.279022941365838051e-03
2.505710814148187637e-03
2.104199491441249847e-03
2.573091303929686546e-03
1.901874202303588390e-03
2.551167272031307220e-03
1.954660052433609962e-03
2.802194328978657722e-03
2.340608509257435799e-03
1.993784680962562561e-03
2.961377613246440887e-03
1.991444732993841171e-03
1.828499720431864262e-03
2.263124100863933563e-03
2.066651824861764908e-03
2.142260083928704262e-03
2.205079188570380211e-03
3.317540744319558144e-03
1.929956953972578049e-03
3.150786738842725754e-03
1.934095867909491062e-03
2.126323524862527847e-03
2.917017554864287376e-03
2.560109365731477737e-03
1.902217394672334194e-03
2.188535174354910851e-03
2.502947812899947166e-03
2.038460923358798027e-03
3.275963244959712029e-03
2.433258108794689178e-03
2.446685917675495148e-03
2.248793607577681541e-03
2.037514001131057739e-03
2.439378062263131142e-03
2.102937316522002220e-03
2.468609949573874474e-03
2.113777445629239082e-03
2.324331318959593773e-03
2.055082237347960472e-03
2.004521666094660759e-03
2.828401047736406326e-03
2.122025238350033760e-03
2.469035098329186440e-03
2.137833507731556892e-03
2.551826182752847672e-03
2.642729319632053375e-03
1.945008058100938797e-03
2.380284015089273453e-03
2.839382737874984741e-03
2.223625313490629196e-03
3.161136992275714874e-03
2.224806230515241623e-03
1.966325100511312485e-03
2.818768378347158432e-03
2.465843688696622849e-03
2.885345602408051491e-03
2.338353078812360764e-03
3.216412151232361794e-03
2.723662648350000381e-03
2.460447605699300766e-03
2.346397843211889267e-03
3.102363785728812218e-03
2.127955434843897820e-03
3.483583452180027962e-03
2.200339222326874733e-03
2.352516399696469307e-03
2.111122943460941315e-03
2.159686293452978134e-03
2.348970156162977219e-03
2.111281268298625946e-03
2.070396440103650093e-03
1.927749137394130230e-03
2.191497944295406342e-03
2.034904900938272476e-03
2.043460262939333916e-03
3.564894897863268852e-03
2.067512134090065956e-03
2.161440672352910042e-03
2.941799815744161606e-03
1.946022035554051399e-03
2.531895181164145470e-03
2.440216485410928726e-03
1.935228938236832619e-03
2.042396692559123039e-03
2.047627931460738182e-03
2.199349459260702133e-03
2.593878656625747681e-03
2.943294821307063103e-03
2.352701500058174133e-03
2.139606978744268417e-03
3.644545562565326691e-03
2.874862402677536011e-03
2.148743020370602608e-03
2.665824955329298973e-03
2.955345669761300087e-03
2.320118015632033348e-03
3.698389511555433273e-03
2.219220856204628944e-03
2.735879970714449883e-03
3.108295844867825508e-03
3.656499320641160011e-03
3.490272909402847290e-03
2.430122345685958862e-03
2.270516008138656616e-03
3.198965685442090034e-03
2.630609087646007538e-03
4.379137419164180756e-03
3.524040104821324348e-03
3.033403074368834496e-03
2.943943953141570091e-03
2.924201078712940216e-03
3.153290366753935814e-03
2.210510894656181335e-03
2.218973124399781227e-03
3.158345585688948631e-03
2.267505973577499390e-03
2.687172498553991318e-03
2.468678634613752365e-03
2.605761634185910225e-03
2.414830727502703667e-03
2.669246867299079895e-03
2.545999363064765930e-03
2.156792674213647842e-03
2.035191515460610390e-03
2.496570348739624023e-03
2.987567801028490067e-03
2.544285031035542488e-03
2.708976855501532555e-03
2.425436163321137428e-03
2.405067440122365952e-03
2.316420199349522591e-03
2.659264719113707542e-03
2.470196457579731941e-03
3.513769013807177544e-03
2.619334962218999863e-03
2.208663616329431534e-03
3.196902573108673096e-03
2.908752998337149620e-03
2.770302584394812584e-03
2.829925855621695518e-03
2.961153862997889519e-03
3.524896223098039627e-03
4.042820073664188385e-03
6.466159597039222717e-03
2.382620237767696381e-03
2.561022760346531868e-03
3.584227291867136955e-03
