1.219519853591918945e+00
1.247759103775024414e+00
1.165218830108642578e+00
1.191213488578796387e+00
1.286201477050781250e+00
1.219743251800537109e+00
1.181770443916320801e+00
1.157037973403930664e+00
1.170583844184875488e+00
1.261999964714050293e+00
1.259700655937194824e+00
1.239758491516113281e+00
1.218410730361938477e+00
1.201195597648620605e+00
1.254440784454345703e+00
1.224057435989379883e+00
1.111620068550109863e+00
1.220018267631530762e+00
1.292657613754272461e+00
1.220140933990478516e+00
1.269733667373657227e+00
1.151452660560607910e+00
1.171546578407287598e+00
1.185863614082336426e+00
1.294160246849060059e+00
1.228850483894348145e+00
1.228394269943237305e+00
1.238777041435241699e+00
1.342947483062744141e+00
1.220400691032409668e+00
1.207788825035095215e+00
1.109293937683105469e+00
1.205734372138977051e+00
1.155548930168151855e+00
1.176471352577209473e+00
1.246446132659912109e+00
1.118836998939514160e+00
1.190502166748046875e+00
1.230372667312622070e+00
1.241454720497131348e+00
1.178931713104248047e+00
1.143098711967468262e+00
1.211144208908081055e+00
1.135018944740295410e+00
1.157084107398986816e+00
1.168028354644775391e+00
1.235623955726623535e+00
1.189719438552856445e+00
1.188020467758178711e+00
1.187168240547180176e+00
1.180141806602478027e+00
1.147584915161132812e+00
1.204002499580383301e+00
1.179155349731445312e+00
1.167267322540283203e+00
1.179224014282226562e+00
1.162216424942016602e+00
1.183879852294921875e+00
1.176006793975830078e+00
1.141816496849060059e+00
1.288153409957885742e+00
1.178358674049377441e+00
1.094181776046752930e+00
1.088288664817810059e+00
1.115466713905334473e+00
1.134527683258056641e+00
1.285344362258911133e+00
1.207127213478088379e+00
1.222950100898742676e+00
1.192537784576416016e+00
1.213282942771911621e+00
1.205289125442504883e+00
1.201602339744567871e+00
1.218930244445800781e+00
1.154736757278442383e+00
1.165517807006835938e+00
1.237657904624938965e+00
1.170543670654296875e+00
1.196823716163635254e+00
1.185065507888793945e+00
1.174857497215270996e+00
1.185629367828369141e+00
1.263202190399169922e+00
1.116681098937988281e+00
1.161573886871337891e+00
1.170198678970336914e+00
1.096328139305114746e+00
1.165021300315856934e+00
1.123971104621887207e+00
1.218342542648315430e+00
1.178574919700622559e+00
1.217270970344543457e+00
1.156072735786437988e+00
1.222546577453613281e+00
1.202220797538757324e+00
1.246620655059814453e+00
1.224163413047790527e+00
1.191001057624816895e+00
1.226979136466979980e+00
1.250168681144714355e+00
1.162940025329589844e+00
1.244531393051147461e+00
1.194336295127868652e+00
1.157083749771118164e+00
1.274728775024414062e+00
1.117691993713378906e+00
1.213706493377685547e+00
1.249731659889221191e+00
1.222001910209655762e+00
1.178866267204284668e+00
1.162093639373779297e+00
1.136310219764709473e+00
1.134515166282653809e+00
1.259356975555419922e+00
1.127622127532958984e+00
1.172154307365417480e+00
1.122525930404663086e+00
1.280524611473083496e+00
1.250589132308959961e+00
1.272276878356933594e+00
1.178679704666137695e+00
1.192839860916137695e+00
1.264228343963623047e+00
1.100486755371093750e+00
1.152245879173278809e+00
1.162864923477172852e+00
1.192048549652099609e+00
1.192563295364379883e+00
1.084177970886230469e+00
1.314291000366210938e+00
1.233447313308715820e+00
1.137146949768066406e+00
1.198453664779663086e+00
1.175707101821899414e+00
1.198371767997741699e+00
1.197776079177856445e+00
1.240139961242675781e+00
1.176941275596618652e+00
1.229981899261474609e+00
1.199537992477416992e+00
1.202172517776489258e+00
1.196983814239501953e+00
1.265327572822570801e+00
1.132867097854614258e+00
1.240617036819458008e+00
1.204357147216796875e+00
1.144427299499511719e+00
1.207443952560424805e+00
1.144961237907409668e+00
1.218762993812561035e+00
1.174627780914306641e+00
1.195758104324340820e+00
1.194900155067443848e+00
1.193490028381347656e+00
1.168476343154907227e+00
1.194351077079772949e+00
1.197491407394409180e+00
1.146256089210510254e+00
1.262133359909057617e+00
1.300283193588256836e+00
1.169276475906372070e+00
1.316290616989135742e+00
1.200364112854003906e+00
1.232899188995361328e+00
1.295267820358276367e+00
1.133904695510864258e+00
1.140774846076965332e+00
1.198547720909118652e+00
1.200379133224487305e+00
1.168880224227905273e+00
1.158397912979125977e+00
1.114126086235046387e+00
1.161311507225036621e+00
1.120139241218566895e+00
1.235627889633178711e+00
1.258590936660766602e+00
1.243049621582031250e+00
1.187803864479064941e+00
1.200425863265991211e+00
1.161881446838378906e+00
1.167450308799743652e+00
1.183734416961669922e+00
1.121215343475341797e+00
1.245882630348205566e+00
1.265282869338989258e+00
1.247804522514343262e+00
1.271432876586914062e+00
1.252202510833740234e+00
1.186656594276428223e+00
1.257255911827087402e+00
1.204729557037353516e+00
1.174917101860046387e+00
1.227551698684692383e+00
1.166612744331359863e+00
1.154070854187011719e+00
1.219024062156677246e+00
1.218376636505126953e+00
1.244143843650817871e+00
1.231442213058471680e+00
1.187799930572509766e+00
1.133806705474853516e+00
1.163071393966674805e+00
1.243489265441894531e+00
1.224093914031982422e+00
1.110364079475402832e+00
1.219964385032653809e+00
1.198482275009155273e+00
1.179748654365539551e+00
1.132362127304077148e+00
1.229969501495361328e+00
1.211918234825134277e+00
1.215214848518371582e+00
1.185403466224670410e+00
1.236845612525939941e+00
1.241642713546752930e+00
1.161363244056701660e+00
1.141541361808776855e+00
1.140657186508178711e+00
1.186601281166076660e+00
1.197532773017883301e+00
1.204922676086425781e+00
1.117951273918151855e+00
1.242616891860961914e+00
1.141700625419616699e+00
1.160722136497497559e+00
1.165361404418945312e+00
1.118473887443542480e+00
1.202182292938232422e+00
1.222713470458984375e+00
1.148739337921142578e+00
1.102584481239318848e+00
1.204690217971801758e+00
1.193353414535522461e+00
1.207260608673095703e+00
1.130614519119262695e+00
1.142269730567932129e+00
1.243279814720153809e+00
1.251250743865966797e+00
1.165161371231079102e+00
1.126214981079101562e+00
1.144039511680603027e+00
1.129586696624755859e+00
1.205703377723693848e+00
1.132587671279907227e+00
1.159683704376220703e+00
1.242689013481140137e+00
1.134844303131103516e+00
1.181350946426391602e+00
1.141947984695434570e+00
1.215391159057617188e+00
1.160839676856994629e+00
1.272827982902526855e+00
1.242057681083679199e+00
1.231672048568725586e+00
1.269138813018798828e+00
1.155478239059448242e+00
1.244131088256835938e+00
1.285677194595336914e+00
1.171891450881958008e+00
1.298234701156616211e+00
1.222780823707580566e+00
1.105996727943420410e+00
1.202477097511291504e+00
1.158604621887207031e+00
1.174895286560058594e+00
1.163134694099426270e+00
1.247894048690795898e+00
1.204195857048034668e+00
1.206448674201965332e+00
1.233782768249511719e+00
1.164139986038208008e+00
1.147274255752563477e+00
1.196273565292358398e+00
1.187514781951904297e+00
1.074756145477294922e+00
1.180840969085693359e+00
1.193997740745544434e+00
1.222435832023620605e+00
1.157423734664916992e+00
1.272455811500549316e+00
1.186354398727416992e+00
1.079304814338684082e+00
1.119707584381103516e+00
1.111308813095092773e+00
1.174259424209594727e+00
1.319347500801086426e+00
1.148227334022521973e+00
1.223628640174865723e+00
1.201076030731201172e+00
1.160488486289978027e+00
1.122196555137634277e+00
1.140074849128723145e+00
1.213244795799255371e+00
1.220836877822875977e+00
1.184173107147216797e+00
1.201046228408813477e+00
1.188784599304199219e+00
1.115748643875122070e+00
1.183182239532470703e+00
1.283901214599609375e+00
1.241433858871459961e+00
1.153824090957641602e+00
1.218945860862731934e+00
1.095675468444824219e+00
1.145028352737426758e+00
1.260977506637573242e+00
1.270859003067016602e+00
1.248159050941467285e+00
1.120872020721435547e+00
1.287034034729003906e+00
1.187613010406494141e+00
1.201152205467224121e+00
1.191401720046997070e+00
1.178627729415893555e+00
1.157641887664794922e+00
1.174406409263610840e+00
1.225686669349670410e+00
1.159935235977172852e+00
1.147999525070190430e+00
1.189248561859130859e+00
1.235606789588928223e+00
1.115664720535278320e+00
1.177810907363891602e+00
1.189313292503356934e+00
1.261529803276062012e+00
1.168279528617858887e+00
1.233877062797546387e+00
1.273211717605590820e+00
1.202096700668334961e+00
1.165066003799438477e+00
1.114871382713317871e+00
1.097396373748779297e+00
1.304633617401123047e+00
1.181444525718688965e+00
1.243523120880126953e+00
1.189152121543884277e+00
1.170864820480346680e+00
1.190581917762756348e+00
1.219202518463134766e+00
1.130615234375000000e+00
1.198317766189575195e+00
1.167971730232238770e+00
1.119494915008544922e+00
1.217337012290954590e+00
1.318309307098388672e+00
1.226567625999450684e+00
1.185434818267822266e+00
1.250341653823852539e+00
1.189328908920288086e+00
1.163954973220825195e+00
1.216447591781616211e+00
1.121523976325988770e+00
1.214305043220520020e+00
1.136889219284057617e+00
1.222562432289123535e+00
1.150864481925964355e+00
1.082393288612365723e+00
1.208808302879333496e+00
1.158913254737854004e+00
1.170265555381774902e+00
1.214669704437255859e+00
1.285206198692321777e+00
1.204144001007080078e+00
1.278570652008056641e+00
1.128816485404968262e+00
1.216572642326354980e+00
1.105870604515075684e+00
1.240664482116699219e+00
1.105305671691894531e+00
1.204483151435852051e+00
1.185332655906677246e+00
1.196546077728271484e+00
1.170829415321350098e+00
1.187595367431640625e+00
1.152498006820678711e+00
1.250237226486206055e+00
1.224260449409484863e+00
1.249460458755493164e+00
1.186613559722900391e+00
1.183679342269897461e+00
1.218046903610229492e+00
1.247696518898010254e+00
1.141833066940307617e+00
1.156147241592407227e+00
1.094846963882446289e+00
1.302344322204589844e+00
1.129214286804199219e+00
1.264710783958435059e+00
1.133745074272155762e+00
1.137086153030395508e+00
1.305146455764770508e+00
1.217657208442687988e+00
1.261386156082153320e+00
1.133143186569213867e+00
1.148022413253784180e+00
1.209822654724121094e+00
1.143981575965881348e+00
1.182323575019836426e+00
1.171073555946350098e+00
1.179114222526550293e+00
1.214648842811584473e+00
1.298950910568237305e+00
1.156530261039733887e+00
1.245422244071960449e+00
1.188329219818115234e+00
1.085093259811401367e+00
1.124879956245422363e+00
1.180942058563232422e+00
1.116793274879455566e+00
1.191668272018432617e+00
1.247517466545104980e+00
1.147643804550170898e+00
1.166971921920776367e+00
1.251109600067138672e+00
1.157756805419921875e+00
1.138702988624572754e+00
1.151614308357238770e+00
1.144481420516967773e+00
1.296907544136047363e+00
1.170486807823181152e+00
1.104322791099548340e+00
1.130033969879150391e+00
1.188157796859741211e+00
1.150578737258911133e+00
1.326988935470581055e+00
1.159428954124450684e+00
1.203602313995361328e+00
1.208589553833007812e+00
1.144409179687500000e+00
1.132858276367187500e+00
1.166651129722595215e+00
1.140865325927734375e+00
1.181725263595581055e+00
1.179331064224243164e+00
1.212815761566162109e+00
1.199648857116699219e+00
1.206476688385009766e+00
1.255241870880126953e+00
1.133193016052246094e+00
1.201311469078063965e+00
1.180712223052978516e+00
1.124890327453613281e+00
1.258678674697875977e+00
1.301057815551757812e+00
1.192843198776245117e+00
1.232441902160644531e+00
1.170497775077819824e+00
1.204154253005981445e+00
1.306830883026123047e+00
1.162315487861633301e+00
1.250681042671203613e+00
1.121777772903442383e+00
1.155107736587524414e+00
1.225459456443786621e+00
1.194428682327270508e+00
1.231186509132385254e+00
1.159369468688964844e+00
1.138293862342834473e+00
1.159389972686767578e+00
1.209844946861267090e+00
1.089365839958190918e+00
1.159101963043212891e+00
1.197923183441162109e+00
1.215015649795532227e+00
1.155231595039367676e+00
1.156428217887878418e+00
1.143616199493408203e+00
1.191428780555725098e+00
1.196717143058776855e+00
1.280426621437072754e+00
1.228579878807067871e+00
1.241057991981506348e+00
1.119451522827148438e+00
1.178096652030944824e+00
1.254294276237487793e+00
1.106060028076171875e+00
1.245452642440795898e+00
1.293951272964477539e+00
1.186277508735656738e+00
1.111180782318115234e+00
1.192320346832275391e+00
1.182724475860595703e+00
1.171926736831665039e+00
1.260304689407348633e+00
1.264407634735107422e+00
1.212415814399719238e+00
1.264543533325195312e+00
1.266270399093627930e+00
1.220349550247192383e+00
1.168075561523437500e+00
1.271193265914916992e+00
1.211306571960449219e+00
1.317988991737365723e+00
1.177316904067993164e+00
1.140047073364257812e+00
1.148734450340270996e+00
1.219194412231445312e+00
1.253233194351196289e+00
1.130528688430786133e+00
1.182074308395385742e+00
1.126661181449890137e+00
1.209603786468505859e+00
1.166784882545471191e+00
1.025984764099121094e+00
1.198554277420043945e+00
1.173591971397399902e+00
1.152059912681579590e+00
1.148767590522766113e+00
1.256483793258666992e+00
1.190901041030883789e+00
1.195945978164672852e+00
1.322804570198059082e+00
1.119354009628295898e+00
1.212430477142333984e+00
1.391282796859741211e+00
1.131248712539672852e+00
1.192070245742797852e+00
1.072058320045471191e+00
1.175800561904907227e+00
1.243856072425842285e+00
1.259870529174804688e+00
1.182151675224304199e+00
1.194549441337585449e+00
1.318490028381347656e+00
1.151498913764953613e+00
1.148925900459289551e+00
1.304135441780090332e+00
1.056314349174499512e+00
1.166707158088684082e+00
1.028375625610351562e+00
1.171960949897766113e+00
1.245750427246093750e+00
1.173017501831054688e+00
1.174536824226379395e+00
1.184302806854248047e+00
1.158500432968139648e+00
1.165941357612609863e+00
1.285108327865600586e+00
1.245611190795898438e+00
1.293837904930114746e+00
1.188917160034179688e+00
1.184027075767517090e+00
1.221984982490539551e+00
1.158171176910400391e+00
1.203927636146545410e+00
1.229015588760375977e+00
1.218080639839172363e+00
1.186902999877929688e+00
1.188447117805480957e+00
1.222803831100463867e+00
1.150800108909606934e+00
1.296735167503356934e+00
1.276449918746948242e+00
1.265145182609558105e+00
1.194742321968078613e+00
1.077015399932861328e+00
1.133471488952636719e+00
1.258934497833251953e+00
1.239945888519287109e+00
1.053496003150939941e+00
1.185416340827941895e+00
1.126691579818725586e+00
1.106880187988281250e+00
1.269503355026245117e+00
1.145636677742004395e+00
1.098063707351684570e+00
1.173621177673339844e+00
1.247968554496765137e+00
1.142009496688842773e+00
1.185866236686706543e+00
1.262792348861694336e+00
1.232701182365417480e+00
1.142215728759765625e+00
1.198526144027709961e+00
1.097936868667602539e+00
9.849047064781188965e-01
1.201710939407348633e+00
1.152338743209838867e+00
1.098304986953735352e+00
1.294441461563110352e+00
1.190524816513061523e+00
1.437470555305480957e+00
1.194579839706420898e+00
1.175145149230957031e+00
1.301744818687438965e+00
1.183509707450866699e+00
1.132800817489624023e+00
1.187412023544311523e+00
1.158364057540893555e+00
1.215597152709960938e+00
1.192882895469665527e+00
1.229996323585510254e+00
1.309028625488281250e+00
1.155070781707763672e+00
1.135725259780883789e+00
1.131119370460510254e+00
1.142457008361816406e+00
1.318922996520996094e+00
1.224631667137145996e+00
1.273363351821899414e+00
1.212460756301879883e+00
1.084970712661743164e+00
1.010320782661437988e+00
1.144356131553649902e+00
1.150499343872070312e+00
1.125591993331909180e+00
1.222779154777526855e+00
1.105126261711120605e+00
1.205724000930786133e+00
1.103415250778198242e+00
1.257388830184936523e+00
1.175339579582214355e+00
1.228856921195983887e+00
1.135712742805480957e+00
1.316485643386840820e+00
1.212421059608459473e+00
1.207152009010314941e+00
1.195804953575134277e+00
1.354253411293029785e+00
1.077889204025268555e+00
1.058442950248718262e+00
1.165583252906799316e+00
1.325572252273559570e+00
1.177859187126159668e+00
1.108274221420288086e+00
1.035509943962097168e+00
1.289714574813842773e+00
1.114743590354919434e+00
1.167370676994323730e+00
1.218203544616699219e+00
1.361756801605224609e+00
1.333879232406616211e+00
1.125121831893920898e+00
1.130478382110595703e+00
9.947048425674438477e-01
1.179825067520141602e+00
1.245220422744750977e+00
1.201746344566345215e+00
1.170455813407897949e+00
1.263357639312744141e+00
1.257769346237182617e+00
1.237135291099548340e+00
1.048397302627563477e+00
1.180292248725891113e+00
1.128541946411132812e+00
1.204169154167175293e+00
1.260792613029479980e+00
1.264026284217834473e+00
1.155370831489562988e+00
1.256093978881835938e+00
1.209560871124267578e+00
1.173748016357421875e+00
1.258441686630249023e+00
1.193920850753784180e+00
1.143648386001586914e+00
1.043022155761718750e+00
1.216804742813110352e+00
1.246401548385620117e+00
1.243333578109741211e+00
1.236420273780822754e+00
1.160664439201354980e+00
1.092414855957031250e+00
1.270210146903991699e+00
1.247207283973693848e+00
1.162466287612915039e+00
1.320137262344360352e+00
1.103276848793029785e+00
1.217173814773559570e+00
1.015653014183044434e+00
1.207250833511352539e+00
1.199753403663635254e+00
1.233759641647338867e+00
1.129339933395385742e+00
1.230036258697509766e+00
1.293913006782531738e+00
1.295441746711730957e+00
1.299263596534729004e+00
1.283115863800048828e+00
1.305739402770996094e+00
1.211355805397033691e+00
1.364881277084350586e+00
1.151113271713256836e+00
1.219412207603454590e+00
1.293709278106689453e+00
1.393961071968078613e+00
1.218612790107727051e+00
1.144203662872314453e+00
1.143527150154113770e+00
1.323740959167480469e+00
1.218123674392700195e+00
1.210793972015380859e+00
1.246828675270080566e+00
1.008501887321472168e+00
1.213106393814086914e+00
1.259670734405517578e+00
1.295085430145263672e+00
1.270827889442443848e+00
1.117008924484252930e+00
1.414763092994689941e+00
1.059574604034423828e+00
1.260425090789794922e+00
1.223968267440795898e+00
1.102614164352416992e+00
1.160772323608398438e+00
1.199015855789184570e+00
1.128821849822998047e+00
1.243403077125549316e+00
1.246513485908508301e+00
1.239746928215026855e+00
1.150215864181518555e+00
1.286205887794494629e+00
1.258304834365844727e+00
1.256560564041137695e+00
1.124985694885253906e+00
1.184303641319274902e+00
1.069241166114807129e+00
1.256721258163452148e+00
1.210660099983215332e+00
1.173596143722534180e+00
1.211107611656188965e+00
1.260146141052246094e+00
1.321596384048461914e+00
1.263111472129821777e+00
1.275150895118713379e+00
1.290699481964111328e+00
1.064378023147583008e+00
1.045446515083312988e+00
1.200671792030334473e+00
1.208318591117858887e+00
1.286135196685791016e+00
1.156755328178405762e+00
1.120972752571105957e+00
1.120328903198242188e+00
1.291261792182922363e+00
1.295960068702697754e+00
1.366079807281494141e+00
1.293275117874145508e+00
1.136979818344116211e+00
1.184287905693054199e+00
1.106519818305969238e+00
1.315690040588378906e+00
1.201864719390869141e+00
1.350153088569641113e+00
1.135599851608276367e+00
1.299216032028198242e+00
1.121966481208801270e+00
1.276769399642944336e+00
1.176910638809204102e+00
1.158338546752929688e+00
1.106174349784851074e+00
1.173066020011901855e+00
1.231369376182556152e+00
1.317414879798889160e+00
1.046075820922851562e+00
1.246962308883666992e+00
1.083904385566711426e+00
1.169903039932250977e+00
1.230011463165283203e+00
1.217998027801513672e+00
1.040072679519653320e+00
1.302199363708496094e+00
1.144529342651367188e+00
1.170188426971435547e+00
1.326745986938476562e+00
1.209632396697998047e+00
1.126934409141540527e+00
1.152952194213867188e+00
1.338187694549560547e+00
1.358014702796936035e+00
1.409936070442199707e+00
1.377567172050476074e+00
1.192874908447265625e+00
1.298492312431335449e+00
1.165489912033081055e+00
1.202597975730895996e+00
1.157378077507019043e+00
1.216658830642700195e+00
1.219765901565551758e+00
1.113611578941345215e+00
1.123533844947814941e+00
1.158992052078247070e+00
1.229895353317260742e+00
1.197857141494750977e+00
1.192578792572021484e+00
1.100264549255371094e+00
1.208501935005187988e+00
1.284545779228210449e+00
1.234119057655334473e+00
1.315639972686767578e+00
1.058926343917846680e+00
1.169795632362365723e+00
1.180109262466430664e+00
1.171598672866821289e+00
1.113206505775451660e+00
1.109464287757873535e+00
1.324729800224304199e+00
1.171648263931274414e+00
1.199618577957153320e+00
1.261572599411010742e+00
1.200537443161010742e+00
1.157265901565551758e+00
1.124851465225219727e+00
1.237266302108764648e+00
1.247836351394653320e+00
1.239174604415893555e+00
1.230990171432495117e+00
1.106683969497680664e+00
1.199048995971679688e+00
1.186440348625183105e+00
1.310402393341064453e+00
1.139629721641540527e+00
1.254542589187622070e+00
1.123589277267456055e+00
1.090891480445861816e+00
1.133694410324096680e+00
1.083523869514465332e+00
1.162390470504760742e+00
1.294326543807983398e+00
1.111603260040283203e+00
1.158952116966247559e+00
1.049098372459411621e+00
1.207272887229919434e+00
1.211252212524414062e+00
1.118556380271911621e+00
1.212112307548522949e+00
1.115062117576599121e+00
1.199813246726989746e+00
1.294645786285400391e+00
1.325038909912109375e+00
1.295630693435668945e+00
1.162759661674499512e+00
1.140466928482055664e+00
1.242500543594360352e+00
1.277032852172851562e+00
1.274064302444458008e+00
1.072113037109375000e+00
1.139579772949218750e+00
1.249107956886291504e+00
1.240895509719848633e+00
1.379532217979431152e+00
1.237359404563903809e+00
1.253706455230712891e+00
1.260685682296752930e+00
1.256985902786254883e+00
1.241139054298400879e+00
1.240628123283386230e+00
1.128650426864624023e+00
1.235770940780639648e+00
1.280325651168823242e+00
1.158501863479614258e+00
1.178352355957031250e+00
1.086440801620483398e+00
1.167408704757690430e+00
1.308092236518859863e+00
1.207961797714233398e+00
1.213765621185302734e+00
1.357023239135742188e+00
1.133104681968688965e+00
1.158486247062683105e+00
1.288399934768676758e+00
1.176270246505737305e+00
1.214195728302001953e+00
1.239365935325622559e+00
1.222960948944091797e+00
1.306672334671020508e+00
1.394846439361572266e+00
1.200328469276428223e+00
1.286474466323852539e+00
1.303650140762329102e+00
1.213160872459411621e+00
1.193598508834838867e+00
1.265457272529602051e+00
1.211346387863159180e+00
1.301470637321472168e+00
1.122540593147277832e+00
1.146232247352600098e+00
1.268583416938781738e+00
1.230371236801147461e+00
1.238334655761718750e+00
1.249074816703796387e+00
1.225107789039611816e+00
1.259042263031005859e+00
1.147007465362548828e+00
1.164090394973754883e+00
1.199025273323059082e+00
1.028691887855529785e+00
1.179572343826293945e+00
1.136323928833007812e+00
1.170556068420410156e+00
1.263019680976867676e+00
1.185549855232238770e+00
1.320364952087402344e+00
1.197291016578674316e+00
1.378034353256225586e+00
1.339951872825622559e+00
1.336196303367614746e+00
1.354827165603637695e+00
1.091708421707153320e+00
1.203416228294372559e+00
1.281972169876098633e+00
1.192881941795349121e+00
1.126024246215820312e+00
1.148893594741821289e+00
1.279816746711730957e+00
1.093252539634704590e+00
1.295778989791870117e+00
1.217771172523498535e+00
1.205511808395385742e+00
1.189492702484130859e+00
1.273549318313598633e+00
1.243374466896057129e+00
1.339740633964538574e+00
1.171084642410278320e+00
1.277433514595031738e+00
1.253890156745910645e+00
1.355470180511474609e+00
1.001074671745300293e+00
1.156446337699890137e+00
1.182988166809082031e+00
1.169643521308898926e+00
1.096495270729064941e+00
1.129786372184753418e+00
1.337081909179687500e+00
1.367243528366088867e+00
1.129310488700866699e+00
1.228544116020202637e+00
1.227636814117431641e+00
1.200762391090393066e+00
1.325850009918212891e+00
1.387901544570922852e+00
1.302287101745605469e+00
1.223390221595764160e+00
1.264601230621337891e+00
1.173291921615600586e+00
1.125995874404907227e+00
1.181091070175170898e+00
1.170394062995910645e+00
1.231937408447265625e+00
1.300627350807189941e+00
1.242152333259582520e+00
1.167878150939941406e+00
1.246817827224731445e+00
1.256381750106811523e+00
1.190073966979980469e+00
1.152246236801147461e+00
1.141721606254577637e+00
1.227552652359008789e+00
1.240017533302307129e+00
1.156343340873718262e+00
1.322998881340026855e+00
1.205759525299072266e+00
1.230394124984741211e+00
1.263605833053588867e+00
1.180138945579528809e+00
1.351645946502685547e+00
1.228569984436035156e+00
1.072744369506835938e+00
1.300449252128601074e+00
1.214652895927429199e+00
1.404872655868530273e+00
1.294055819511413574e+00
1.333313703536987305e+00
1.185472249984741211e+00
1.336375951766967773e+00
1.259353160858154297e+00
1.172453641891479492e+00
1.343360543251037598e+00
1.224097132682800293e+00
1.357497453689575195e+00
1.212123990058898926e+00
1.427396297454833984e+00
1.221320033073425293e+00
1.326434612274169922e+00
1.218826532363891602e+00
1.227894067764282227e+00
1.349878311157226562e+00
1.189065933227539062e+00
1.271789193153381348e+00
1.256294012069702148e+00
1.203373670578002930e+00
1.192287206649780273e+00
1.258950352668762207e+00
1.271598458290100098e+00
1.162160396575927734e+00
1.313755273818969727e+00
1.343714594841003418e+00
1.216982364654541016e+00
1.385729551315307617e+00
1.233151674270629883e+00
1.395805597305297852e+00
1.219207525253295898e+00
1.340571641921997070e+00
1.417812108993530273e+00
1.322423458099365234e+00
1.243091940879821777e+00
1.216326594352722168e+00
1.227210521697998047e+00
1.374613285064697266e+00
1.090145230293273926e+00
1.207272529602050781e+00
1.308521747589111328e+00
1.254301190376281738e+00
1.234860420227050781e+00
1.286207199096679688e+00
1.331879138946533203e+00
1.205989599227905273e+00
1.278353929519653320e+00
1.251752734184265137e+00
1.142767310142517090e+00
1.103834509849548340e+00
1.324433088302612305e+00
1.341417789459228516e+00
1.269781231880187988e+00
1.187399268150329590e+00
1.108201622962951660e+00
1.368165493011474609e+00
1.222657442092895508e+00
1.376165032386779785e+00
1.251759648323059082e+00
1.284211397171020508e+00
1.129929780960083008e+00
1.300241708755493164e+00
1.291928768157958984e+00
1.309280395507812500e+00
1.246443510055541992e+00
1.250159025192260742e+00
1.187376856803894043e+00
1.278922438621520996e+00
1.243072986602783203e+00
1.503629207611083984e+00
1.106588006019592285e+00
1.232593536376953125e+00
1.243890881538391113e+00
1.198186159133911133e+00
1.242772698402404785e+00
1.315090298652648926e+00
1.391826391220092773e+00
1.205427169799804688e+00
1.281535387039184570e+00
1.197142601013183594e+00
1.273331165313720703e+00
1.360139131546020508e+00
1.267561316490173340e+00
1.365291833877563477e+00
1.259872913360595703e+00
1.252473354339599609e+00
1.257953405380249023e+00
1.217816591262817383e+00
1.231311559677124023e+00
1.283478617668151855e+00
1.323953151702880859e+00
1.183436989784240723e+00
1.413367390632629395e+00
1.256814599037170410e+00
1.271596193313598633e+00
1.231731534004211426e+00
1.206486105918884277e+00
1.180863380432128906e+00
1.186050295829772949e+00
1.249544024467468262e+00
1.209770798683166504e+00
1.281699299812316895e+00
1.347260713577270508e+00
1.287281870841979980e+00
1.249243021011352539e+00
1.382347583770751953e+00
1.322558641433715820e+00
1.415337085723876953e+00
1.083089590072631836e+00
1.155589103698730469e+00
1.347049117088317871e+00
1.227964997291564941e+00
1.219524145126342773e+00
1.204606294631958008e+00
1.239209175109863281e+00
1.238207221031188965e+00
1.248585581779479980e+00
1.249072909355163574e+00
1.200700998306274414e+00
1.315674781799316406e+00
1.372774958610534668e+00
1.187354445457458496e+00
1.113850474357604980e+00
1.272488355636596680e+00
1.087769031524658203e+00
1.296211957931518555e+00
1.305452108383178711e+00
1.213239789009094238e+00
1.296945095062255859e+00
1.270079255104064941e+00
1.265733480453491211e+00
1.331425070762634277e+00
1.256047010421752930e+00
1.261920571327209473e+00
1.218800902366638184e+00
1.146840333938598633e+00
1.257654905319213867e+00
1.263496160507202148e+00
1.229826331138610840e+00
1.287318706512451172e+00
1.195609807968139648e+00
1.299361586570739746e+00
1.281034231185913086e+00
1.326441764831542969e+00
1.306971192359924316e+00
1.184064745903015137e+00
1.247746825218200684e+00
1.231785655021667480e+00
1.326335430145263672e+00
1.200817704200744629e+00
1.384215354919433594e+00
1.186584830284118652e+00
1.199164152145385742e+00
1.313191533088684082e+00
1.251178145408630371e+00
1.190694212913513184e+00
1.332543730735778809e+00
1.275079727172851562e+00
1.432962894439697266e+00
1.183416604995727539e+00
1.311283230781555176e+00
1.287208795547485352e+00
1.250873923301696777e+00
1.286998629570007324e+00
1.206441044807434082e+00
1.205223798751831055e+00
1.320293068885803223e+00
1.288740277290344238e+00
1.267197370529174805e+00
1.104371547698974609e+00
1.194465994834899902e+00
1.197958707809448242e+00
1.350531101226806641e+00
1.382248401641845703e+00
1.125179886817932129e+00
1.170031905174255371e+00
1.382233262062072754e+00
1.399514079093933105e+00
1.254812598228454590e+00
1.226227641105651855e+00
1.354283213615417480e+00
1.291291594505310059e+00
1.227758407592773438e+00
1.328834176063537598e+00
1.301889300346374512e+00
1.314428687095642090e+00
1.264848589897155762e+00
1.211272358894348145e+00
1.221349477767944336e+00
1.354532480239868164e+00
1.245963335037231445e+00
1.201138734817504883e+00
1.229739427566528320e+00
1.371002197265625000e+00
1.316323041915893555e+00
1.363107442855834961e+00
1.308714628219604492e+00
1.326843738555908203e+00
1.333612680435180664e+00
1.197228908538818359e+00
1.145879149436950684e+00
1.102051734924316406e+00
1.262391090393066406e+00
1.268290758132934570e+00
1.182608246803283691e+00
1.388559222221374512e+00
1.254587173461914062e+00
1.169872999191284180e+00
1.359482169151306152e+00
1.422450304031372070e+00
1.298740148544311523e+00
1.167148947715759277e+00
1.216454505920410156e+00
1.224355220794677734e+00
1.235149502754211426e+00
1.218553900718688965e+00
1.063872456550598145e+00
1.247838973999023438e+00
1.181861042976379395e+00
1.248831152915954590e+00
1.265460491180419922e+00
1.278217315673828125e+00
1.304081916809082031e+00
1.345196008682250977e+00
1.089990139007568359e+00
1.271049022674560547e+00
1.317814588546752930e+00
1.228825688362121582e+00
1.198542475700378418e+00
1.229758620262145996e+00
1.302338004112243652e+00
1.235455393791198730e+00
1.204765915870666504e+00
1.232847213745117188e+00
1.114471077919006348e+00
1.160451173782348633e+00
1.302391529083251953e+00
1.320760726928710938e+00
1.289343595504760742e+00
1.333054065704345703e+00
1.229079961776733398e+00
1.270545244216918945e+00
1.059590935707092285e+00
1.157569646835327148e+00
1.195547342300415039e+00
1.209095120429992676e+00
1.224898338317871094e+00
1.201541900634765625e+00
1.255978107452392578e+00
1.140822649002075195e+00
1.282341718673706055e+00
1.228479504585266113e+00
1.251397609710693359e+00
1.172154426574707031e+00
1.351553320884704590e+00
1.189023494720458984e+00
1.260998129844665527e+00
1.243419170379638672e+00
1.331812620162963867e+00
1.371022939682006836e+00
1.275055170059204102e+00
1.249916553497314453e+00
1.185267567634582520e+00
1.258695602416992188e+00
1.209297537803649902e+00
1.260001540184020996e+00
1.268355011940002441e+00
1.216850042343139648e+00
1.171709895133972168e+00
1.175194263458251953e+00
1.243168234825134277e+00
1.320240974426269531e+00
1.222790598869323730e+00
1.216434478759765625e+00
1.337397813796997070e+00
1.156568765640258789e+00
1.248211383819580078e+00
1.272910594940185547e+00
1.254171371459960938e+00
1.279413700103759766e+00
1.256674170494079590e+00
1.191078662872314453e+00
1.285429954528808594e+00
1.236106753349304199e+00
1.221455097198486328e+00
1.284660100936889648e+00
1.260915517807006836e+00
1.147584199905395508e+00
1.253277063369750977e+00
1.209347486495971680e+00
1.174920916557312012e+00
1.204765558242797852e+00
1.222451210021972656e+00
1.199284791946411133e+00
1.177884101867675781e+00
1.309289336204528809e+00
1.186218023300170898e+00
1.159301757812500000e+00
1.303758382797241211e+00
1.303164124488830566e+00
1.074520111083984375e+00
1.150770068168640137e+00
1.387837886810302734e+00
1.279609560966491699e+00
1.197067141532897949e+00
1.319741010665893555e+00
1.284575939178466797e+00
1.269554495811462402e+00
1.207127094268798828e+00
1.186218500137329102e+00
1.337666511535644531e+00
1.329278230667114258e+00
1.256841182708740234e+00
1.238207221031188965e+00
1.330204248428344727e+00
1.251836061477661133e+00
1.390571594238281250e+00
1.337938547134399414e+00
1.223537564277648926e+00
1.314037799835205078e+00
1.318936944007873535e+00
1.291914820671081543e+00
1.330933570861816406e+00
1.259582281112670898e+00
1.251920938491821289e+00
1.235583782196044922e+00
1.189569234848022461e+00
1.264352560043334961e+00
1.291737556457519531e+00
1.332023978233337402e+00
1.296304941177368164e+00
1.339469671249389648e+00
1.337334513664245605e+00
1.268616676330566406e+00
1.277487039566040039e+00
1.402657270431518555e+00
1.354850530624389648e+00
1.123181223869323730e+00
1.387919425964355469e+00
1.336352705955505371e+00
1.273229122161865234e+00
1.288356423377990723e+00
1.260818004608154297e+00
1.333393096923828125e+00
1.393826842308044434e+00
1.224846363067626953e+00
1.228541254997253418e+00
1.344049572944641113e+00
1.159016728401184082e+00
1.342611312866210938e+00
1.191900610923767090e+00
1.207993865013122559e+00
1.170220971107482910e+00
1.326295971870422363e+00
1.196749329566955566e+00
1.233283042907714844e+00
1.283535242080688477e+00
1.434828639030456543e+00
1.427507638931274414e+00
1.335788130760192871e+00
1.331231117248535156e+00
1.304346919059753418e+00
1.321955919265747070e+00
1.422346830368041992e+00
1.166137695312500000e+00
1.156274676322937012e+00
1.219995379447937012e+00
1.241561412811279297e+00
1.386919736862182617e+00
1.280535936355590820e+00
1.322876334190368652e+00
1.445626020431518555e+00
1.333209753036499023e+00
1.293512582778930664e+00
1.278631329536437988e+00
1.436850309371948242e+00
1.177186965942382812e+00
1.254101395606994629e+00
1.284636020660400391e+00
1.410855293273925781e+00
1.140862464904785156e+00
1.279403805732727051e+00
1.189198017120361328e+00
1.318423509597778320e+00
1.269509553909301758e+00
1.298005819320678711e+00
1.389205932617187500e+00
1.298505902290344238e+00
1.259559631347656250e+00
1.207153797149658203e+00
1.187970876693725586e+00
1.220745682716369629e+00
1.337754964828491211e+00
1.139045000076293945e+00
1.215439915657043457e+00
1.137572765350341797e+00
1.244091033935546875e+00
1.350998282432556152e+00
1.388779282569885254e+00
1.171149969100952148e+00
1.214857101440429688e+00
1.335107803344726562e+00
1.252707958221435547e+00
1.301307082176208496e+00
1.339723467826843262e+00
1.293627142906188965e+00
1.220185279846191406e+00
1.438334703445434570e+00
1.315615653991699219e+00
1.359709501266479492e+00
1.197827219963073730e+00
1.260927557945251465e+00
1.224947452545166016e+00
1.185378432273864746e+00
1.203695535659790039e+00
1.348855137825012207e+00
1.294734477996826172e+00
1.301006078720092773e+00
1.313833236694335938e+00
1.234213352203369141e+00
1.245863795280456543e+00
1.243791937828063965e+00
1.220194458961486816e+00
1.198714017868041992e+00
1.389717578887939453e+00
1.366429209709167480e+00
1.157738924026489258e+00
1.312375783920288086e+00
1.231244921684265137e+00
1.153779506683349609e+00
1.230759859085083008e+00
1.184124708175659180e+00
1.164477705955505371e+00
1.105509757995605469e+00
1.179709434509277344e+00
1.367603540420532227e+00
1.294441342353820801e+00
1.262434720993041992e+00
1.287135124206542969e+00
1.273596405982971191e+00
1.294185757637023926e+00
1.245039939880371094e+00
1.285557627677917480e+00
1.184382200241088867e+00
1.330342292785644531e+00
1.242355227470397949e+00
1.197249650955200195e+00
1.237560272216796875e+00
1.312755107879638672e+00
1.184915304183959961e+00
1.295153975486755371e+00
1.250415682792663574e+00
1.263135671615600586e+00
1.201509475708007812e+00
1.312681674957275391e+00
1.407188653945922852e+00
1.209864974021911621e+00
1.207366585731506348e+00
1.347293376922607422e+00
1.372395277023315430e+00
1.417637825012207031e+00
1.338959693908691406e+00
1.376563787460327148e+00
1.264956235885620117e+00
1.303162097930908203e+00
1.230581760406494141e+00
1.328033685684204102e+00
1.338991284370422363e+00
1.239936709403991699e+00
1.463190793991088867e+00
1.199867367744445801e+00
1.130380868911743164e+00
1.154180049896240234e+00
1.134054660797119141e+00
1.201055765151977539e+00
1.279155731201171875e+00
1.283312797546386719e+00
1.199970960617065430e+00
1.224482059478759766e+00
1.198706388473510742e+00
1.174198985099792480e+00
1.180322885513305664e+00
1.236002683639526367e+00
1.250619292259216309e+00
1.392155051231384277e+00
1.192343831062316895e+00
1.296203136444091797e+00
1.329954624176025391e+00
1.191595911979675293e+00
1.222931146621704102e+00
1.050314545631408691e+00
1.362411737442016602e+00
1.376296639442443848e+00
1.226179361343383789e+00
1.396834373474121094e+00
1.289400815963745117e+00
1.363455772399902344e+00
1.267104268074035645e+00
1.355543136596679688e+00
1.212207794189453125e+00
1.366937518119812012e+00
1.392263293266296387e+00
1.198539018630981445e+00
1.336538195610046387e+00
1.317061543464660645e+00
1.206064224243164062e+00
1.291353464126586914e+00
1.118369102478027344e+00
1.354334235191345215e+00
1.343479275703430176e+00
1.270112872123718262e+00
1.279774665832519531e+00
1.157370924949645996e+00
1.152863264083862305e+00
1.248936057090759277e+00
1.277606725692749023e+00
1.211199045181274414e+00
1.364167094230651855e+00
1.216481328010559082e+00
1.152132749557495117e+00
1.356558561325073242e+00
1.382174372673034668e+00
1.254185080528259277e+00
1.176156282424926758e+00
1.131082653999328613e+00
1.352784276008605957e+00
1.175861239433288574e+00
1.202459335327148438e+00
1.231777906417846680e+00
1.178480744361877441e+00
1.360277056694030762e+00
1.138380646705627441e+00
1.305174112319946289e+00
1.299053192138671875e+00
1.208402395248413086e+00
1.223065614700317383e+00
1.253132581710815430e+00
1.222830533981323242e+00
1.220921516418457031e+00
1.250574588775634766e+00
1.298898220062255859e+00
1.321470856666564941e+00
1.394962906837463379e+00
1.202282428741455078e+00
1.228857040405273438e+00
1.253564476966857910e+00
1.213089466094970703e+00
1.250954151153564453e+00
1.387373685836791992e+00
1.270444631576538086e+00
1.397711992263793945e+00
1.169161438941955566e+00
1.371896862983703613e+00
1.128641843795776367e+00
1.317370772361755371e+00
1.285750508308410645e+00
1.287860870361328125e+00
1.291541934013366699e+00
1.145220518112182617e+00
1.192375063896179199e+00
1.412168622016906738e+00
1.245523452758789062e+00
1.342806816101074219e+00
1.189270138740539551e+00
1.383989095687866211e+00
1.230302810668945312e+00
1.266329765319824219e+00
1.286885380744934082e+00
1.356698513031005859e+00
1.278118848800659180e+00
1.175272941589355469e+00
1.295287251472473145e+00
1.368367910385131836e+00
1.398413419723510742e+00
1.285477399826049805e+00
1.431044816970825195e+00
1.227341890335083008e+00
1.265010833740234375e+00
1.252026557922363281e+00
1.331687211990356445e+00
1.316158294677734375e+00
1.305648803710937500e+00
1.333405256271362305e+00
1.206669807434082031e+00
1.221041679382324219e+00
1.265851259231567383e+00
1.276022434234619141e+00
1.222177147865295410e+00
1.222167015075683594e+00
1.096866250038146973e+00
1.316924095153808594e+00
1.320477366447448730e+00
1.321676492691040039e+00
1.336573839187622070e+00
1.233349919319152832e+00
1.053939938545227051e+00
1.251196384429931641e+00
1.296868324279785156e+00
1.225174546241760254e+00
1.265931606292724609e+00
1.066703438758850098e+00
1.321048259735107422e+00
1.353275060653686523e+00
1.375025391578674316e+00
1.267333984375000000e+00
1.341079711914062500e+00
1.200020909309387207e+00
1.331708669662475586e+00
1.181195497512817383e+00
1.195533871650695801e+00
1.279998183250427246e+00
1.151117682456970215e+00
1.246133923530578613e+00
1.297119379043579102e+00
1.300235152244567871e+00
1.266187429428100586e+00
1.178304910659790039e+00
1.253398418426513672e+00
1.369951009750366211e+00
1.198116540908813477e+00
1.290331006050109863e+00
1.210679769515991211e+00
1.196138620376586914e+00
1.275818347930908203e+00
1.225037336349487305e+00
1.267843723297119141e+00
1.113847970962524414e+00
1.292102456092834473e+00
1.300981283187866211e+00
1.303979396820068359e+00
1.254786610603332520e+00
1.255862593650817871e+00
1.369805455207824707e+00
1.034925818443298340e+00
1.200340986251831055e+00
1.260100722312927246e+00
1.137933850288391113e+00
1.321693658828735352e+00
1.311451792716979980e+00
1.301257133483886719e+00
1.231943249702453613e+00
1.246388196945190430e+00
1.252390146255493164e+00
1.131297111511230469e+00
1.110566973686218262e+00
1.221578359603881836e+00
1.356720328330993652e+00
1.291039228439331055e+00
1.266057252883911133e+00
1.289255976676940918e+00
1.340382099151611328e+00
1.224227428436279297e+00
1.250483751296997070e+00
1.262002944946289062e+00
1.256528854370117188e+00
1.174873113632202148e+00
1.376878142356872559e+00
1.177092552185058594e+00
1.184568405151367188e+00
1.278729557991027832e+00
1.294277071952819824e+00
1.273660540580749512e+00
1.401594877243041992e+00
1.287033557891845703e+00
1.166120767593383789e+00
1.246761322021484375e+00
1.241345882415771484e+00
1.222776889801025391e+00
1.402768969535827637e+00
1.072716236114501953e+00
1.238936901092529297e+00
1.208652496337890625e+00
1.329596519470214844e+00
1.368092298507690430e+00
1.343101143836975098e+00
1.306726694107055664e+00
1.357118844985961914e+00
1.397414326667785645e+00
1.303803324699401855e+00
1.360444068908691406e+00
1.220868349075317383e+00
1.303231239318847656e+00
1.281596302986145020e+00
1.397988557815551758e+00
1.299490451812744141e+00
1.242863416671752930e+00
1.365564227104187012e+00
1.382216572761535645e+00
1.281277537345886230e+00
1.210148215293884277e+00
1.288845777511596680e+00
1.318482518196105957e+00
1.434903144836425781e+00
1.325366973876953125e+00
1.289982080459594727e+00
1.202305555343627930e+00
1.262945175170898438e+00
1.252215385437011719e+00
1.255278587341308594e+00
1.150275945663452148e+00
1.217428326606750488e+00
1.284141063690185547e+00
1.273165702819824219e+00
1.300286412239074707e+00
1.318496704101562500e+00
1.070913434028625488e+00
1.306506037712097168e+00
1.298572540283203125e+00
1.360042095184326172e+00
1.249538183212280273e+00
1.206671357154846191e+00
1.355202198028564453e+00
1.271472692489624023e+00
1.269788861274719238e+00
1.232143282890319824e+00
1.197832703590393066e+00
1.263625264167785645e+00
1.308059811592102051e+00
1.134745597839355469e+00
1.319183826446533203e+00
1.310301065444946289e+00
1.301623821258544922e+00
1.322980523109436035e+00
1.264674186706542969e+00
1.319420814514160156e+00
1.311153650283813477e+00
1.212491750717163086e+00
1.197583556175231934e+00
1.246839284896850586e+00
1.300590395927429199e+00
1.226057291030883789e+00
1.304689764976501465e+00
1.360227584838867188e+00
1.283441781997680664e+00
1.193412661552429199e+00
1.245407342910766602e+00
1.107655763626098633e+00
1.272691249847412109e+00
1.367682218551635742e+00
1.348351240158081055e+00
1.329131960868835449e+00
1.366007566452026367e+00
1.264716148376464844e+00
1.395704984664916992e+00
1.222820401191711426e+00
1.269176602363586426e+00
1.214846968650817871e+00
1.292639374732971191e+00
1.213684439659118652e+00
1.379895687103271484e+00
1.225886106491088867e+00
1.215112090110778809e+00
1.324270009994506836e+00
1.212534308433532715e+00
1.233307361602783203e+00
1.148321628570556641e+00
1.265670418739318848e+00
1.242044448852539062e+00
1.206828594207763672e+00
1.168103575706481934e+00
1.128105282783508301e+00
1.280154466629028320e+00
1.346742510795593262e+00
1.261890053749084473e+00
1.256047129631042480e+00
1.185752511024475098e+00
1.271824002265930176e+00
1.263732671737670898e+00
1.328393220901489258e+00
1.261564373970031738e+00
1.320158481597900391e+00
1.263304471969604492e+00
1.270585536956787109e+00
1.276863455772399902e+00
1.186591386795043945e+00
1.307180166244506836e+00
1.398924589157104492e+00
1.283848285675048828e+00
1.225365877151489258e+00
1.195945024490356445e+00
1.255705595016479492e+00
1.279228925704956055e+00
1.209711313247680664e+00
1.290920972824096680e+00
1.227150797843933105e+00
1.269494295120239258e+00
1.293833017349243164e+00
1.195486068725585938e+00
1.387546062469482422e+00
1.340652942657470703e+00
1.260081052780151367e+00
1.251187443733215332e+00
1.275417327880859375e+00
1.136415600776672363e+00
1.211356163024902344e+00
1.189880847930908203e+00
1.295058965682983398e+00
1.251373291015625000e+00
1.396180868148803711e+00
1.304899096488952637e+00
1.194327950477600098e+00
1.279793381690979004e+00
1.252436637878417969e+00
1.301975965499877930e+00
1.135127663612365723e+00
1.148492693901062012e+00
1.303206324577331543e+00
1.304793477058410645e+00
1.236298203468322754e+00
1.193340420722961426e+00
1.235265851020812988e+00
1.174054861068725586e+00
1.263689517974853516e+00
1.201938390731811523e+00
1.213321208953857422e+00
1.321812033653259277e+00
1.317664980888366699e+00
1.282872915267944336e+00
1.259218692779541016e+00
1.121829271316528320e+00
1.279326200485229492e+00
1.232575893402099609e+00
1.251074194908142090e+00
1.253845930099487305e+00
1.332991957664489746e+00
1.219723701477050781e+00
1.311368465423583984e+00
1.350448608398437500e+00
1.198189973831176758e+00
1.146225929260253906e+00
1.300581574440002441e+00
1.241183757781982422e+00
1.388557910919189453e+00
1.368220448493957520e+00
1.248183727264404297e+00
1.274151086807250977e+00
1.252743124961853027e+00
1.271998167037963867e+00
1.256105542182922363e+00
1.230940818786621094e+00
1.356031298637390137e+00
1.297586798667907715e+00
1.201107740402221680e+00
1.458621621131896973e+00
1.216955065727233887e+00
1.258670806884765625e+00
1.294767737388610840e+00
1.231035351753234863e+00
1.192161321640014648e+00
1.210375905036926270e+00
1.306674003601074219e+00
1.260910987854003906e+00
1.192036867141723633e+00
1.297337532043457031e+00
1.271077156066894531e+00
1.181115269660949707e+00
1.308599114418029785e+00
1.297496795654296875e+00
1.240339517593383789e+00
1.263328313827514648e+00
1.317430973052978516e+00
1.363156557083129883e+00
1.284910917282104492e+00
1.211914062500000000e+00
1.249283313751220703e+00
1.434021949768066406e+00
1.283293604850769043e+00
1.298103213310241699e+00
1.331605553627014160e+00
1.206905722618103027e+00
1.364556789398193359e+00
1.420304298400878906e+00
1.234972596168518066e+00
1.279850244522094727e+00
1.306349515914916992e+00
1.273035526275634766e+00
1.147429585456848145e+00
1.327162981033325195e+00
1.312466025352478027e+00
1.362819910049438477e+00
1.127446055412292480e+00
1.283974409103393555e+00
1.280568361282348633e+00
1.259135484695434570e+00
1.254580259323120117e+00
1.073717117309570312e+00
1.270395636558532715e+00
1.169252276420593262e+00
1.322674512863159180e+00
1.201658248901367188e+00
1.386446714401245117e+00
1.241449594497680664e+00
1.243465065956115723e+00
1.230144500732421875e+00
1.349496841430664062e+00
1.201261281967163086e+00
1.180885076522827148e+00
1.278257727622985840e+00
1.339840412139892578e+00
1.252706885337829590e+00
1.204681038856506348e+00
1.321360230445861816e+00
1.367704868316650391e+00
1.348125338554382324e+00
1.368484973907470703e+00
1.370615482330322266e+00
1.322807788848876953e+00
1.335085153579711914e+00
1.410048484802246094e+00
1.446935653686523438e+00
1.252587914466857910e+00
1.370456695556640625e+00
1.293535947799682617e+00
1.255620002746582031e+00
1.240547060966491699e+00
1.306755661964416504e+00
1.287038445472717285e+00
1.237788200378417969e+00
1.213508844375610352e+00
1.242971897125244141e+00
1.184931397438049316e+00
1.273513793945312500e+00
1.203181147575378418e+00
1.208295345306396484e+00
1.341056108474731445e+00
1.218204259872436523e+00
1.303426265716552734e+00
1.256057143211364746e+00
1.243700146675109863e+00
1.327076196670532227e+00
1.194935083389282227e+00
1.300483226776123047e+00
1.207419157028198242e+00
1.235483765602111816e+00
1.207021713256835938e+00
1.186127901077270508e+00
1.352092504501342773e+00
1.261844635009765625e+00
1.370374679565429688e+00
1.199406743049621582e+00
1.275997400283813477e+00
1.256389021873474121e+00
1.152230739593505859e+00
1.088089227676391602e+00
1.292136907577514648e+00
1.260223269462585449e+00
1.279500007629394531e+00
1.387229442596435547e+00
1.292287111282348633e+00
1.294232487678527832e+00
1.356748580932617188e+00
1.198146343231201172e+00
1.381307363510131836e+00
1.268203616142272949e+00
1.416693210601806641e+00
1.239724636077880859e+00
1.258978009223937988e+00
1.392859220504760742e+00
1.282729864120483398e+00
1.194010138511657715e+00
1.253096103668212891e+00
1.257058382034301758e+00
1.240301132202148438e+00
1.294718503952026367e+00
1.324376583099365234e+00
1.355216979980468750e+00
1.267096519470214844e+00
1.256016254425048828e+00
1.368522644042968750e+00
1.256832599639892578e+00
1.375711202621459961e+00
1.430464506149291992e+00
1.258045554161071777e+00
1.211984992027282715e+00
1.268492698669433594e+00
1.187167167663574219e+00
1.317934751510620117e+00
1.201494455337524414e+00
1.241097927093505859e+00
1.275440216064453125e+00
1.230919480323791504e+00
1.202087759971618652e+00
1.208094358444213867e+00
1.286708831787109375e+00
1.221641063690185547e+00
1.362194299697875977e+00
1.290182352066040039e+00
1.225715279579162598e+00
1.276837229728698730e+00
1.249257326126098633e+00
1.165578246116638184e+00
1.337781190872192383e+00
1.297442197799682617e+00
1.238988637924194336e+00
1.252644300460815430e+00
1.294810175895690918e+00
1.195435047149658203e+00
1.346462845802307129e+00
1.231150388717651367e+00
1.174196243286132812e+00
1.207900881767272949e+00
1.255252718925476074e+00
1.122826933860778809e+00
1.253712534904479980e+00
1.362344622611999512e+00
1.253743410110473633e+00
1.307061314582824707e+00
1.317021727561950684e+00
1.236577868461608887e+00
1.306368112564086914e+00
1.413675785064697266e+00
1.289972543716430664e+00
1.200427174568176270e+00
1.237964868545532227e+00
1.310650587081909180e+00
1.234848737716674805e+00
1.375643968582153320e+00
1.328094720840454102e+00
1.256023287773132324e+00
1.321643590927124023e+00
1.204435348510742188e+00
1.311238765716552734e+00
1.255228161811828613e+00
1.209034442901611328e+00
1.227472543716430664e+00
1.228060960769653320e+00
1.285199642181396484e+00
1.278699398040771484e+00
1.198313355445861816e+00
1.345691680908203125e+00
1.322480559349060059e+00
1.325366497039794922e+00
1.226153492927551270e+00
1.261879086494445801e+00
1.245233535766601562e+00
1.313811063766479492e+00
1.214679837226867676e+00
1.164189338684082031e+00
1.299381375312805176e+00
1.225594162940979004e+00
1.289304018020629883e+00
1.245014905929565430e+00
1.343944787979125977e+00
1.196331977844238281e+00
1.400472879409790039e+00
1.305879831314086914e+00
1.196546196937561035e+00
1.247040867805480957e+00
1.134576559066772461e+00
1.334634304046630859e+00
1.378461360931396484e+00
1.211072325706481934e+00
1.277426719665527344e+00
1.360968708992004395e+00
1.286885976791381836e+00
1.234126329421997070e+00
1.312802553176879883e+00
1.397420644760131836e+00
1.249984741210937500e+00
1.173338055610656738e+00
1.251407146453857422e+00
1.221148133277893066e+00
1.259233474731445312e+00
1.310675621032714844e+00
1.296708464622497559e+00
1.415964007377624512e+00
1.256302237510681152e+00
1.130281686782836914e+00
1.243559956550598145e+00
1.242591261863708496e+00
1.366263985633850098e+00
1.208304047584533691e+00
1.216596245765686035e+00
1.192056894302368164e+00
1.312460422515869141e+00
1.360285282135009766e+00
1.384914040565490723e+00
1.311520814895629883e+00
1.310661196708679199e+00
1.310106515884399414e+00
1.276980757713317871e+00
1.242092609405517578e+00
1.349770307540893555e+00
1.194632291793823242e+00
1.284610509872436523e+00
1.258638620376586914e+00
1.288521051406860352e+00
1.212476730346679688e+00
1.221817970275878906e+00
1.303779602050781250e+00
1.173893213272094727e+00
1.311296939849853516e+00
1.311991691589355469e+00
1.296214818954467773e+00
1.315785408020019531e+00
1.308664798736572266e+00
1.260439157485961914e+00
1.307047843933105469e+00
1.178431868553161621e+00
1.378921866416931152e+00
1.199413537979125977e+00
1.239738583564758301e+00
1.359017610549926758e+00
1.115483641624450684e+00
1.317407727241516113e+00
1.268777489662170410e+00
1.187245011329650879e+00
1.221555471420288086e+00
1.246935248374938965e+00
1.272551178932189941e+00
1.253872036933898926e+00
1.320572376251220703e+00
1.400916814804077148e+00
1.318440914154052734e+00
1.237353205680847168e+00
1.240834474563598633e+00
1.244636654853820801e+00
1.251600027084350586e+00
1.179358243942260742e+00
1.312762618064880371e+00
1.296696186065673828e+00
1.238925814628601074e+00
1.226662158966064453e+00
1.359001636505126953e+00
1.174128055572509766e+00
1.208949685096740723e+00
1.299227118492126465e+00
1.335099577903747559e+00
1.274275660514831543e+00
1.347125768661499023e+00
1.372740268707275391e+00
1.306051611900329590e+00
1.287516593933105469e+00
1.316034436225891113e+00
1.260745048522949219e+00
1.268488168716430664e+00
1.297167778015136719e+00
1.405911803245544434e+00
1.365561604499816895e+00
1.190949201583862305e+00
1.331304907798767090e+00
1.261912822723388672e+00
1.347628474235534668e+00
1.252784490585327148e+00
1.412253856658935547e+00
1.150611042976379395e+00
1.162493228912353516e+00
1.202118754386901855e+00
1.202728509902954102e+00
1.336134791374206543e+00
1.356086730957031250e+00
1.209519505500793457e+00
1.264688253402709961e+00
1.339621543884277344e+00
1.308643817901611328e+00
1.172667503356933594e+00
1.242256641387939453e+00
1.259423255920410156e+00
1.352612614631652832e+00
1.241170763969421387e+00
1.278290510177612305e+00
1.219496965408325195e+00
1.282358050346374512e+00
1.247210502624511719e+00
1.199448585510253906e+00
1.294355154037475586e+00
1.321352124214172363e+00
1.244858741760253906e+00
1.199456453323364258e+00
1.371534824371337891e+00
1.208167076110839844e+00
1.249525547027587891e+00
1.265967369079589844e+00
1.324386239051818848e+00
1.355876445770263672e+00
1.282499194145202637e+00
1.363179683685302734e+00
1.247880816459655762e+00
1.312524557113647461e+00
1.233171343803405762e+00
1.187114000320434570e+00
1.194203615188598633e+00
1.181955933570861816e+00
1.211368322372436523e+00
1.134050965309143066e+00
1.225933790206909180e+00
1.283639073371887207e+00
1.214001059532165527e+00
1.349326372146606445e+00
1.251055002212524414e+00
1.354570031166076660e+00
1.421342372894287109e+00
1.375204682350158691e+00
1.267195463180541992e+00
1.283373117446899414e+00
1.278570175170898438e+00
1.429276823997497559e+00
1.292972087860107422e+00
1.309727430343627930e+00
1.229412078857421875e+00
1.312182903289794922e+00
1.413439631462097168e+00
1.280208468437194824e+00
1.165923714637756348e+00
1.369987010955810547e+00
1.282945156097412109e+00
1.382535457611083984e+00
1.256946682929992676e+00
1.319514632225036621e+00
1.391858458518981934e+00
1.291054606437683105e+00
1.112881183624267578e+00
1.283094763755798340e+00
1.188374042510986328e+00
1.269021511077880859e+00
1.323218226432800293e+00
1.375865697860717773e+00
1.268505573272705078e+00
1.383294463157653809e+00
1.386776685714721680e+00
1.297050476074218750e+00
1.337435007095336914e+00
1.247291088104248047e+00
1.233931779861450195e+00
1.211232423782348633e+00
1.228078484535217285e+00
1.247681379318237305e+00
1.281312704086303711e+00
1.148417830467224121e+00
1.202572345733642578e+00
1.313862323760986328e+00
1.315318346023559570e+00
1.266621351242065430e+00
1.327421903610229492e+00
1.250865101814270020e+00
1.256449460983276367e+00
1.269802570343017578e+00
1.272602200508117676e+00
1.141301870346069336e+00
1.152083635330200195e+00
1.288272619247436523e+00
1.256155252456665039e+00
1.442739248275756836e+00
1.387286424636840820e+00
1.237642288208007812e+00
1.208155155181884766e+00
1.167920351028442383e+00
1.194880962371826172e+00
1.342395067214965820e+00
1.330689430236816406e+00
1.295950412750244141e+00
1.418498277664184570e+00
1.139940977096557617e+00
1.294854164123535156e+00
1.321483850479125977e+00
1.337264895439147949e+00
1.419565439224243164e+00
1.196365118026733398e+00
1.390294075012207031e+00
1.208815097808837891e+00
1.298651933670043945e+00
1.234938025474548340e+00
1.287083506584167480e+00
1.174309253692626953e+00
1.246958374977111816e+00
1.425186395645141602e+00
1.269928812980651855e+00
1.300267219543457031e+00
1.242772936820983887e+00
1.234814405441284180e+00
1.314452171325683594e+00
1.285073757171630859e+00
1.131922006607055664e+00
1.256587505340576172e+00
1.348087549209594727e+00
1.317384243011474609e+00
1.277670502662658691e+00
1.384188890457153320e+00
1.132601618766784668e+00
1.283762454986572266e+00
1.321833968162536621e+00
1.341444969177246094e+00
1.277272701263427734e+00
1.283825516700744629e+00
1.417248249053955078e+00
1.348205089569091797e+00
1.252294301986694336e+00
1.210450291633605957e+00
1.239020824432373047e+00
1.261439561843872070e+00
1.291556835174560547e+00
1.258687853813171387e+00
1.218888401985168457e+00
1.299308538436889648e+00
1.348613500595092773e+00
1.185362815856933594e+00
1.259524822235107422e+00
1.298523187637329102e+00
1.275639176368713379e+00
1.264136314392089844e+00
1.193713545799255371e+00
1.258781433105468750e+00
1.229627609252929688e+00
1.188448190689086914e+00
1.323288202285766602e+00
1.195356130599975586e+00
1.246207594871520996e+00
1.272606372833251953e+00
1.230978727340698242e+00
1.237095117568969727e+00
1.271824598312377930e+00
1.202172756195068359e+00
1.357809066772460938e+00
1.209356665611267090e+00
1.221053123474121094e+00
1.211271524429321289e+00
1.295896172523498535e+00
1.335747718811035156e+00
1.321185827255249023e+00
1.222350358963012695e+00
1.291728377342224121e+00
1.317008256912231445e+00
1.209865212440490723e+00
1.291165351867675781e+00
1.312896490097045898e+00
1.266025304794311523e+00
1.269709587097167969e+00
1.174398422241210938e+00
1.352704763412475586e+00
1.149047851562500000e+00
1.166704177856445312e+00
1.271400809288024902e+00
1.218143701553344727e+00
1.280473709106445312e+00
1.420423150062561035e+00
1.287042856216430664e+00
1.334015607833862305e+00
1.267515420913696289e+00
1.423698186874389648e+00
1.206484913825988770e+00
1.276077866554260254e+00
1.161267518997192383e+00
1.317224025726318359e+00
1.162513852119445801e+00
1.428215146064758301e+00
1.303483843803405762e+00
1.174173355102539062e+00
1.278843522071838379e+00
1.306981682777404785e+00
1.212641596794128418e+00
1.376887321472167969e+00
1.267078876495361328e+00
1.261948943138122559e+00
1.332859516143798828e+00
1.225505709648132324e+00
1.317029237747192383e+00
1.331638216972351074e+00
1.179975628852844238e+00
1.181364297866821289e+00
1.296399831771850586e+00
1.416199564933776855e+00
1.306915283203125000e+00
1.264919161796569824e+00
1.447259664535522461e+00
1.258973360061645508e+00
1.317137360572814941e+00
1.178307771682739258e+00
1.266373038291931152e+00
1.281026005744934082e+00
1.303503036499023438e+00
1.294982194900512695e+00
1.265000343322753906e+00
1.320793628692626953e+00
1.376930236816406250e+00
1.380548954010009766e+00
1.306741356849670410e+00
1.326600670814514160e+00
1.279025793075561523e+00
1.364311456680297852e+00
1.339893579483032227e+00
1.201306700706481934e+00
1.183479785919189453e+00
1.077562212944030762e+00
1.247936725616455078e+00
1.228421449661254883e+00
1.271286964416503906e+00
1.254522204399108887e+00
1.258372187614440918e+00
1.360784292221069336e+00
1.337769508361816406e+00
1.283034086227416992e+00
1.383213162422180176e+00
1.227447986602783203e+00
1.183044433593750000e+00
1.312310457229614258e+00
1.414409399032592773e+00
1.354226350784301758e+00
1.239980578422546387e+00
1.257659316062927246e+00
1.171676754951477051e+00
1.248491287231445312e+00
1.288456916809082031e+00
1.238832831382751465e+00
1.334790825843811035e+00
1.181295871734619141e+00
1.243761181831359863e+00
1.248293399810791016e+00
1.159116864204406738e+00
1.245300769805908203e+00
1.191762328147888184e+00
1.193065643310546875e+00
1.310237646102905273e+00
1.295647025108337402e+00
1.331465363502502441e+00
1.265789985656738281e+00
1.288339614868164062e+00
1.536160945892333984e+00
1.282112598419189453e+00
1.188379883766174316e+00
1.316267728805541992e+00
1.205192208290100098e+00
1.219308733940124512e+00
1.376423001289367676e+00
1.245722293853759766e+00
1.252262115478515625e+00
1.196494817733764648e+00
1.281535148620605469e+00
1.356099963188171387e+00
1.165111899375915527e+00
1.187458395957946777e+00
1.232982635498046875e+00
1.193325996398925781e+00
1.231701850891113281e+00
1.320474863052368164e+00
1.399218797683715820e+00
1.205239892005920410e+00
1.192852377891540527e+00
1.319152951240539551e+00
1.171460866928100586e+00
1.314703106880187988e+00
1.336888790130615234e+00
1.252120852470397949e+00
1.343490600585937500e+00
1.267583608627319336e+00
1.410054326057434082e+00
1.301000356674194336e+00
1.261904716491699219e+00
1.260458946228027344e+00
1.122006177902221680e+00
1.140789747238159180e+00
1.210748672485351562e+00
1.265952825546264648e+00
1.220152854919433594e+00
1.314695000648498535e+00
1.356728196144104004e+00
1.289620757102966309e+00
1.180752515792846680e+00
1.473109126091003418e+00
1.334953069686889648e+00
1.344733476638793945e+00
1.208575963973999023e+00
1.293724298477172852e+00
1.275575041770935059e+00
1.217457413673400879e+00
1.244732737541198730e+00
1.307203769683837891e+00
1.225117206573486328e+00
1.299696564674377441e+00
1.264396190643310547e+00
1.272280931472778320e+00
1.174285173416137695e+00
1.206220865249633789e+00
1.330665588378906250e+00
1.355420351028442383e+00
1.241419076919555664e+00
1.273103713989257812e+00
1.259354710578918457e+00
1.246548175811767578e+00
1.272423148155212402e+00
1.221442103385925293e+00
1.347429871559143066e+00
1.247153282165527344e+00
1.203570365905761719e+00
1.303370952606201172e+00
1.245308160781860352e+00
1.290843844413757324e+00
1.294611215591430664e+00
1.238003969192504883e+00
1.201552867889404297e+00
1.191218614578247070e+00
1.311556696891784668e+00
1.243130922317504883e+00
1.270123720169067383e+00
1.311434984207153320e+00
1.258454799652099609e+00
1.131869077682495117e+00
1.223730802536010742e+00
1.291384935379028320e+00
1.352576255798339844e+00
1.200896263122558594e+00
1.310234546661376953e+00
1.299604773521423340e+00
1.251474976539611816e+00
1.276136398315429688e+00
1.278319835662841797e+00
1.284315943717956543e+00
1.380667567253112793e+00
1.271493911743164062e+00
1.343213319778442383e+00
1.225728273391723633e+00
1.240538597106933594e+00
1.193392872810363770e+00
1.302249312400817871e+00
1.366682171821594238e+00
1.232676029205322266e+00
1.322395324707031250e+00
1.264458656311035156e+00
1.185651302337646484e+00
1.388737916946411133e+00
1.211384057998657227e+00
1.295442581176757812e+00
1.325716137886047363e+00
1.207847118377685547e+00
1.307824611663818359e+00
1.335115671157836914e+00
1.316864490509033203e+00
1.357836723327636719e+00
1.078185796737670898e+00
1.253061771392822266e+00
1.325915694236755371e+00
1.306092381477355957e+00
1.205556035041809082e+00
1.298920869827270508e+00
1.297660112380981445e+00
1.213469505310058594e+00
1.395722389221191406e+00
1.369575262069702148e+00
1.321836352348327637e+00
1.242272496223449707e+00
1.353425383567810059e+00
1.388094305992126465e+00
1.251070141792297363e+00
1.244590401649475098e+00
1.288465023040771484e+00
1.333661794662475586e+00
1.295718908309936523e+00
1.156371831893920898e+00
1.267610549926757812e+00
1.228602409362792969e+00
1.342218160629272461e+00
1.223895072937011719e+00
1.319360494613647461e+00
1.175422906875610352e+00
1.229189753532409668e+00
1.223804712295532227e+00
1.287184715270996094e+00
1.300516843795776367e+00
1.205883502960205078e+00
1.244920134544372559e+00
1.264854073524475098e+00
1.288173556327819824e+00
1.260041952133178711e+00
1.339940309524536133e+00
1.197676777839660645e+00
1.232111930847167969e+00
1.242806434631347656e+00
1.195971250534057617e+00
1.124034643173217773e+00
1.328150272369384766e+00
1.214113712310791016e+00
1.139319539070129395e+00
1.296111583709716797e+00
1.195585012435913086e+00
1.316334605216979980e+00
1.303945779800415039e+00
1.336638212203979492e+00
1.306577682495117188e+00
1.268927574157714844e+00
1.268524408340454102e+00
1.307999134063720703e+00
1.246624588966369629e+00
1.270264744758605957e+00
1.332869887351989746e+00
1.257221460342407227e+00
1.382082462310791016e+00
1.324270248413085938e+00
1.199784517288208008e+00
1.241971969604492188e+00
1.214872121810913086e+00
1.254784703254699707e+00
1.093391180038452148e+00
1.149307012557983398e+00
1.257091045379638672e+00
1.317667245864868164e+00
1.281559109687805176e+00
1.119979858398437500e+00
1.299315094947814941e+00
1.191073417663574219e+00
1.308544874191284180e+00
1.342396974563598633e+00
1.328997135162353516e+00
1.251271009445190430e+00
1.389117002487182617e+00
1.098495006561279297e+00
1.225538969039916992e+00
1.293945550918579102e+00
1.275668859481811523e+00
1.308077812194824219e+00
1.354576468467712402e+00
1.275056838989257812e+00
1.323801040649414062e+00
1.368592500686645508e+00
1.178414463996887207e+00
1.170155882835388184e+00
1.255263805389404297e+00
1.301025629043579102e+00
1.321477890014648438e+00
1.269659876823425293e+00
1.366726636886596680e+00
1.405866861343383789e+00
1.225496888160705566e+00
1.251847267150878906e+00
1.216099739074707031e+00
1.315004467964172363e+00
1.327727317810058594e+00
1.270150423049926758e+00
1.230592250823974609e+00
1.310903787612915039e+00
1.361175298690795898e+00
1.221024990081787109e+00
1.231392979621887207e+00
1.219507217407226562e+00
1.368916749954223633e+00
1.280648231506347656e+00
1.401646614074707031e+00
1.286904573440551758e+00
1.212874174118041992e+00
1.328916549682617188e+00
1.346888542175292969e+00
1.261605620384216309e+00
1.238155841827392578e+00
1.295692563056945801e+00
1.313937902450561523e+00
1.221906065940856934e+00
1.327241897583007812e+00
1.299563407897949219e+00
1.309762239456176758e+00
1.314960241317749023e+00
1.302304625511169434e+00
1.363361716270446777e+00
1.381521463394165039e+00
1.282470822334289551e+00
1.193494319915771484e+00
1.296087741851806641e+00
1.171394348144531250e+00
1.277253627777099609e+00
1.309031724929809570e+00
1.354576468467712402e+00
1.430489897727966309e+00
1.284539818763732910e+00
1.333646535873413086e+00
1.276627779006958008e+00
1.250356435775756836e+00
1.279538393020629883e+00
1.204192519187927246e+00
1.185515165328979492e+00
1.424730658531188965e+00
1.337520837783813477e+00
1.153180360794067383e+00
1.277972698211669922e+00
1.338010072708129883e+00
1.154846191406250000e+00
1.265365004539489746e+00
1.322430014610290527e+00
1.212476372718811035e+00
1.281037092208862305e+00
1.265830516815185547e+00
1.322966456413269043e+00
1.213728308677673340e+00
1.358488202095031738e+00
1.570129156112670898e+00
1.365293145179748535e+00
1.393968820571899414e+00
1.331910371780395508e+00
1.293712735176086426e+00
1.362828373908996582e+00
1.340800762176513672e+00
1.383486032485961914e+00
1.290877580642700195e+00
1.263856768608093262e+00
1.286180496215820312e+00
1.172504544258117676e+00
1.191078662872314453e+00
1.248532176017761230e+00
1.169436693191528320e+00
1.344564080238342285e+00
1.386439085006713867e+00
1.153740406036376953e+00
1.271513700485229492e+00
1.295273065567016602e+00
1.263244509696960449e+00
1.190515756607055664e+00
1.206299185752868652e+00
1.165251135826110840e+00
1.314437508583068848e+00
1.303782701492309570e+00
1.324499845504760742e+00
1.256258249282836914e+00
1.323233723640441895e+00
1.250066757202148438e+00
1.345960855484008789e+00
1.406957745552062988e+00
1.371161460876464844e+00
1.368024110794067383e+00
1.309188961982727051e+00
1.232328057289123535e+00
1.254343032836914062e+00
1.322045207023620605e+00
1.242143154144287109e+00
1.123881578445434570e+00
1.292982459068298340e+00
1.228111863136291504e+00
1.439418554306030273e+00
1.256043314933776855e+00
1.163151025772094727e+00
1.182785153388977051e+00
1.237037062644958496e+00
1.256262302398681641e+00
1.106037259101867676e+00
1.207247138023376465e+00
1.295771121978759766e+00
1.212370872497558594e+00
1.388418197631835938e+00
1.167895317077636719e+00
1.247822165489196777e+00
1.414443612098693848e+00
1.382783293724060059e+00
1.324055433273315430e+00
1.278777360916137695e+00
1.234691739082336426e+00
1.336175441741943359e+00
1.236191034317016602e+00
1.247898340225219727e+00
1.177702426910400391e+00
1.190728545188903809e+00
1.314413666725158691e+00
1.277127504348754883e+00
1.330964922904968262e+00
1.297859668731689453e+00
1.138708949089050293e+00
1.298502802848815918e+00
1.225236892700195312e+00
1.393745660781860352e+00
1.168085575103759766e+00
1.369706153869628906e+00
1.348404884338378906e+00
1.318841814994812012e+00
1.321882486343383789e+00
1.306125879287719727e+00
1.136281490325927734e+00
1.265852332115173340e+00
1.175788402557373047e+00
1.224460363388061523e+00
1.218478679656982422e+00
1.312282800674438477e+00
1.441231489181518555e+00
1.224625468254089355e+00
1.188023805618286133e+00
1.263808369636535645e+00
1.256479620933532715e+00
1.086172223091125488e+00
1.226849079132080078e+00
1.269645929336547852e+00
1.406946420669555664e+00
1.405698537826538086e+00
1.186521291732788086e+00
1.198131442070007324e+00
1.182545661926269531e+00
1.189897060394287109e+00
1.281924486160278320e+00
1.386726856231689453e+00
1.297285556793212891e+00
1.276651740074157715e+00
1.188789129257202148e+00
1.317189455032348633e+00
1.408782839775085449e+00
1.316436052322387695e+00
1.307998657226562500e+00
1.256890535354614258e+00
1.201201677322387695e+00
1.282765269279479980e+00
1.233698248863220215e+00
1.250734329223632812e+00
1.342457652091979980e+00
1.356312990188598633e+00
1.321790456771850586e+00
1.314348101615905762e+00
1.270659208297729492e+00
1.312627196311950684e+00
1.359957218170166016e+00
1.194913864135742188e+00
1.255411982536315918e+00
1.126745223999023438e+00
1.349423170089721680e+00
1.214478254318237305e+00
1.141953587532043457e+00
1.353453874588012695e+00
1.374197006225585938e+00
1.335441708564758301e+00
1.218055605888366699e+00
1.270250558853149414e+00
1.443903446197509766e+00
1.160878658294677734e+00
1.250838994979858398e+00
1.310643434524536133e+00
1.195545673370361328e+00
1.298372983932495117e+00
1.199275612831115723e+00
1.286406755447387695e+00
1.336901664733886719e+00
1.275475025177001953e+00
1.321396350860595703e+00
1.282801270484924316e+00
1.344689488410949707e+00
1.333412289619445801e+00
1.320461153984069824e+00
1.355968236923217773e+00
1.197038412094116211e+00
1.158832907676696777e+00
1.273646116256713867e+00
1.427193880081176758e+00
1.289140820503234863e+00
1.395816802978515625e+00
1.310790419578552246e+00
1.407728314399719238e+00
1.220635652542114258e+00
1.348626017570495605e+00
1.185256242752075195e+00
1.240032672882080078e+00
1.382120847702026367e+00
1.410221815109252930e+00
1.366229891777038574e+00
1.176406502723693848e+00
1.269083857536315918e+00
1.164292931556701660e+00
1.278640270233154297e+00
1.381142139434814453e+00
1.244889259338378906e+00
1.257593989372253418e+00
1.288851737976074219e+00
1.348336338996887207e+00
1.156190752983093262e+00
1.273163437843322754e+00
1.322443842887878418e+00
1.235753178596496582e+00
1.350531578063964844e+00
1.345323085784912109e+00
1.357665657997131348e+00
1.388012647628784180e+00
1.266547679901123047e+00
1.272397398948669434e+00
1.306337714195251465e+00
1.291274189949035645e+00
1.315727829933166504e+00
1.415615916252136230e+00
1.368345737457275391e+00
1.341532468795776367e+00
1.292259454727172852e+00
1.293865203857421875e+00
1.343825101852416992e+00
1.261050939559936523e+00
1.278485536575317383e+00
1.197203040122985840e+00
1.328610181808471680e+00
1.245530605316162109e+00
1.341799497604370117e+00
1.313092947006225586e+00
1.261247992515563965e+00
1.306789636611938477e+00
1.301914930343627930e+00
1.290974140167236328e+00
1.295645952224731445e+00
1.303752779960632324e+00
1.406397342681884766e+00
1.268314003944396973e+00
1.266339302062988281e+00
1.355192422866821289e+00
1.308637380599975586e+00
1.273598790168762207e+00
1.074439644813537598e+00
1.373682975769042969e+00
1.333096981048583984e+00
1.341068029403686523e+00
1.216243267059326172e+00
1.212699890136718750e+00
1.349382162094116211e+00
1.220421552658081055e+00
1.293570518493652344e+00
1.335978150367736816e+00
1.386366367340087891e+00
1.197315812110900879e+00
1.249314546585083008e+00
1.301846027374267578e+00
1.246823191642761230e+00
1.395814061164855957e+00
1.229865789413452148e+00
1.370273113250732422e+00
1.299269199371337891e+00
1.273117780685424805e+00
1.374651193618774414e+00
1.317331790924072266e+00
1.278268098831176758e+00
1.224075317382812500e+00
1.289853334426879883e+00
1.277466773986816406e+00
1.290820360183715820e+00
1.387184977531433105e+00
1.200120449066162109e+00
1.042025446891784668e+00
1.143743991851806641e+00
1.240085482597351074e+00
1.332210659980773926e+00
1.210760951042175293e+00
1.313278317451477051e+00
1.344954252243041992e+00
1.325341939926147461e+00
1.379802942276000977e+00
1.289875745773315430e+00
1.219227552413940430e+00
1.350247383117675781e+00
1.310585021972656250e+00
1.283734560012817383e+00
1.352155327796936035e+00
1.179161906242370605e+00
1.238161802291870117e+00
1.254065752029418945e+00
1.099607348442077637e+00
1.349248886108398438e+00
1.289687871932983398e+00
1.280749320983886719e+00
1.250952482223510742e+00
1.219161033630371094e+00
1.360253334045410156e+00
1.253347039222717285e+00
1.321720600128173828e+00
1.299252510070800781e+00
1.237834215164184570e+00
1.363790273666381836e+00
1.348178744316101074e+00
1.263651132583618164e+00
1.351017951965332031e+00
1.251299738883972168e+00
1.234774112701416016e+00
1.363420724868774414e+00
1.244389057159423828e+00
1.277471780776977539e+00
1.340977311134338379e+00
1.155027270317077637e+00
1.223698139190673828e+00
1.241739034652709961e+00
1.267580509185791016e+00
1.354178428649902344e+00
1.349291086196899414e+00
1.204536318778991699e+00
1.261788845062255859e+00
1.271927952766418457e+00
1.338036179542541504e+00
1.334623098373413086e+00
1.285670995712280273e+00
1.184147953987121582e+00
1.249604821205139160e+00
1.435766100883483887e+00
1.375771045684814453e+00
1.274931550025939941e+00
1.196740388870239258e+00
1.200265169143676758e+00
1.344111919403076172e+00
1.385618209838867188e+00
1.297940015792846680e+00
1.189238786697387695e+00
1.375532388687133789e+00
1.227862000465393066e+00
1.222084641456604004e+00
1.354547142982482910e+00
1.454165101051330566e+00
1.324566006660461426e+00
1.285355925559997559e+00
1.276374340057373047e+00
1.313769102096557617e+00
1.309764862060546875e+00
1.282345771789550781e+00
1.263417005538940430e+00
1.190377712249755859e+00
1.271361947059631348e+00
1.202214956283569336e+00
1.142969131469726562e+00
1.266025781631469727e+00
1.222739219665527344e+00
1.398632645606994629e+00
1.365691423416137695e+00
1.254578948020935059e+00
1.419470429420471191e+00
1.233149766921997070e+00
1.306460857391357422e+00
1.191275835037231445e+00
1.244290113449096680e+00
1.242793679237365723e+00
1.177174329757690430e+00
1.249462127685546875e+00
1.398960351943969727e+00
1.300883531570434570e+00
1.266862988471984863e+00
1.221313476562500000e+00
1.208090782165527344e+00
1.310060858726501465e+00
1.256500005722045898e+00
1.321525931358337402e+00
1.288781046867370605e+00
1.304548978805541992e+00
1.280319213867187500e+00
1.293955922126770020e+00
1.262318015098571777e+00
1.290411472320556641e+00
1.388203382492065430e+00
1.222831487655639648e+00
1.217978358268737793e+00
1.295879602432250977e+00
1.421399593353271484e+00
1.242896318435668945e+00
1.300530314445495605e+00
1.254905700683593750e+00
1.227304339408874512e+00
1.346976518630981445e+00
1.277705073356628418e+00
1.297192692756652832e+00
1.187686204910278320e+00
1.173180103302001953e+00
1.247628450393676758e+00
1.263315558433532715e+00
1.276847362518310547e+00
1.300737857818603516e+00
1.313946485519409180e+00
1.293087482452392578e+00
1.340221762657165527e+00
1.311016559600830078e+00
1.300612211227416992e+00
1.147031307220458984e+00
1.200262308120727539e+00
1.430930137634277344e+00
1.226182222366333008e+00
1.238509416580200195e+00
1.362740039825439453e+00
1.489478826522827148e+00
1.419196128845214844e+00
1.256829023361206055e+00
1.299369692802429199e+00
1.303430318832397461e+00
1.203243851661682129e+00
1.267063379287719727e+00
1.103415608406066895e+00
1.423868775367736816e+00
1.144739985466003418e+00
1.323457479476928711e+00
1.292461156845092773e+00
1.346811294555664062e+00
1.271062493324279785e+00
1.144309282302856445e+00
1.382273674011230469e+00
1.279905319213867188e+00
1.387497782707214355e+00
1.216467022895812988e+00
1.168808698654174805e+00
1.237529993057250977e+00
1.347041010856628418e+00
1.308904767036437988e+00
1.260536551475524902e+00
1.362404823303222656e+00
1.325228810310363770e+00
1.358108162879943848e+00
1.291267514228820801e+00
1.303055286407470703e+00
1.236898183822631836e+00
1.274682998657226562e+00
1.384269118309020996e+00
1.443294644355773926e+00
1.308592557907104492e+00
1.255825757980346680e+00
1.283565044403076172e+00
1.165917277336120605e+00
1.343517541885375977e+00
1.249961733818054199e+00
1.203636765480041504e+00
1.247838139533996582e+00
1.255821466445922852e+00
1.277250885963439941e+00
1.333587646484375000e+00
1.392013549804687500e+00
1.226243734359741211e+00
1.236949086189270020e+00
1.223896026611328125e+00
1.266029357910156250e+00
1.336676001548767090e+00
1.289069175720214844e+00
1.278919696807861328e+00
1.257772326469421387e+00
1.350502371788024902e+00
1.366551160812377930e+00
1.240298509597778320e+00
1.331744074821472168e+00
1.303486347198486328e+00
1.378998041152954102e+00
1.199361443519592285e+00
1.211074233055114746e+00
1.219650268554687500e+00
1.227487802505493164e+00
1.291740298271179199e+00
1.278837442398071289e+00
1.205955624580383301e+00
1.156768202781677246e+00
1.382079839706420898e+00
1.453254938125610352e+00
1.283637046813964844e+00
1.342255949974060059e+00
1.301843881607055664e+00
1.196465492248535156e+00
1.258838534355163574e+00
1.206944942474365234e+00
1.257438302040100098e+00
1.345870494842529297e+00
1.239459037780761719e+00
1.250944375991821289e+00
1.317766904830932617e+00
1.072675108909606934e+00
1.295097708702087402e+00
1.191227793693542480e+00
1.160047531127929688e+00
1.190181255340576172e+00
1.288722395896911621e+00
1.243999123573303223e+00
1.280932307243347168e+00
1.363851666450500488e+00
1.318757295608520508e+00
1.350992441177368164e+00
1.322419524192810059e+00
1.264443635940551758e+00
1.298039674758911133e+00
1.235950469970703125e+00
1.180619597434997559e+00
1.252297163009643555e+00
1.258236289024353027e+00
1.098117113113403320e+00
1.235061168670654297e+00
1.216201066970825195e+00
1.242800474166870117e+00
1.292471408843994141e+00
1.335301876068115234e+00
1.316625952720642090e+00
1.303771376609802246e+00
1.292980194091796875e+00
1.332132339477539062e+00
1.325935244560241699e+00
1.325061082839965820e+00
1.252149701118469238e+00
1.323518872261047363e+00
1.356150627136230469e+00
1.309743165969848633e+00
1.278005838394165039e+00
1.315851569175720215e+00
1.240506768226623535e+00
1.194152474403381348e+00
1.269571542739868164e+00
1.264991760253906250e+00
1.341743826866149902e+00
1.341019392013549805e+00
1.183070659637451172e+00
1.352344036102294922e+00
1.242592096328735352e+00
1.392061114311218262e+00
1.340875983238220215e+00
1.247039198875427246e+00
1.201522469520568848e+00
1.355856180191040039e+00
1.281504511833190918e+00
1.242555379867553711e+00
1.214159846305847168e+00
1.211320042610168457e+00
1.243401527404785156e+00
1.193138241767883301e+00
1.352163314819335938e+00
1.280975103378295898e+00
1.357532739639282227e+00
1.327195286750793457e+00
1.270387649536132812e+00
1.267236232757568359e+00
1.230642795562744141e+00
1.226701378822326660e+00
1.227551817893981934e+00
1.198360443115234375e+00
1.280649662017822266e+00
1.339988827705383301e+00
1.214336156845092773e+00
1.300865769386291504e+00
1.315747261047363281e+00
1.271119236946105957e+00
1.266013622283935547e+00
1.317574977874755859e+00
1.314629077911376953e+00
1.276496887207031250e+00
1.356787681579589844e+00
1.203197956085205078e+00
1.294932603836059570e+00
1.234039902687072754e+00
1.201500654220581055e+00
1.244852542877197266e+00
1.201175451278686523e+00
1.126876592636108398e+00
1.250594615936279297e+00
1.246071457862854004e+00
1.390925645828247070e+00
1.384211897850036621e+00
1.254724979400634766e+00
1.322519183158874512e+00
1.315170288085937500e+00
1.229921817779541016e+00
1.255217552185058594e+00
1.265572309494018555e+00
1.268840074539184570e+00
1.230942964553833008e+00
1.187855124473571777e+00
1.377334475517272949e+00
1.255203127861022949e+00
1.298194169998168945e+00
1.240076184272766113e+00
1.252481698989868164e+00
1.440541267395019531e+00
1.228219270706176758e+00
1.382576107978820801e+00
1.209057092666625977e+00
1.270911693572998047e+00
1.346353888511657715e+00
1.258177518844604492e+00
1.225860595703125000e+00
1.240669012069702148e+00
1.297983169555664062e+00
1.301195740699768066e+00
1.183360934257507324e+00
1.243144273757934570e+00
1.189948916435241699e+00
1.282105565071105957e+00
1.230115413665771484e+00
1.324935436248779297e+00
1.300950884819030762e+00
1.306628704071044922e+00
1.252841353416442871e+00
1.302848577499389648e+00
1.319251060485839844e+00
1.209264278411865234e+00
1.310071587562561035e+00
1.317355036735534668e+00
1.287570476531982422e+00
1.291428804397583008e+00
1.370869040489196777e+00
1.277298450469970703e+00
1.278923749923706055e+00
1.241648077964782715e+00
1.263309597969055176e+00
1.375592470169067383e+00
1.252948522567749023e+00
1.251162648200988770e+00
1.280112624168395996e+00
1.339823484420776367e+00
1.353325605392456055e+00
1.235307216644287109e+00
1.296633958816528320e+00
1.345217585563659668e+00
1.205041885375976562e+00
1.167595744132995605e+00
1.386580824851989746e+00
1.316085577011108398e+00
1.115984082221984863e+00
1.280653715133666992e+00
1.237936139106750488e+00
1.250373125076293945e+00
1.337857007980346680e+00
1.302581787109375000e+00
1.230064868927001953e+00
1.387911319732666016e+00
1.256803035736083984e+00
1.192286133766174316e+00
1.305699110031127930e+00
1.252199053764343262e+00
1.157031655311584473e+00
1.163009405136108398e+00
1.224109649658203125e+00
1.325014352798461914e+00
1.371898412704467773e+00
1.260996818542480469e+00
1.224680304527282715e+00
1.342912912368774414e+00
1.294071435928344727e+00
1.264896154403686523e+00
1.193745136260986328e+00
1.315157651901245117e+00
1.284271717071533203e+00
1.253019213676452637e+00
1.226631283760070801e+00
1.258099317550659180e+00
1.404228806495666504e+00
1.278102636337280273e+00
1.332967400550842285e+00
1.268030047416687012e+00
1.319131493568420410e+00
1.210575103759765625e+00
1.295868158340454102e+00
1.256208658218383789e+00
1.329253673553466797e+00
1.186915040016174316e+00
1.323281049728393555e+00
1.230443477630615234e+00
1.312686562538146973e+00
1.314106225967407227e+00
1.260886073112487793e+00
1.317970991134643555e+00
1.379485487937927246e+00
1.202041745185852051e+00
1.254125118255615234e+00
1.274088621139526367e+00
1.234027266502380371e+00
1.264754772186279297e+00
1.233948111534118652e+00
1.378144860267639160e+00
1.305088281631469727e+00
1.370237588882446289e+00
1.252124071121215820e+00
1.311681151390075684e+00
1.271016836166381836e+00
1.258612871170043945e+00
1.230634570121765137e+00
1.227492332458496094e+00
1.331119298934936523e+00
1.235978603363037109e+00
1.367191672325134277e+00
1.443177938461303711e+00
1.274398088455200195e+00
1.361747503280639648e+00
1.211851835250854492e+00
1.307109117507934570e+00
1.339822769165039062e+00
1.144236922264099121e+00
1.320678472518920898e+00
1.302565455436706543e+00
1.350703001022338867e+00
1.207371830940246582e+00
1.287606596946716309e+00
1.221567511558532715e+00
1.290989279747009277e+00
1.230175256729125977e+00
1.273435950279235840e+00
1.077399730682373047e+00
1.199965476989746094e+00
1.095050215721130371e+00
1.177330613136291504e+00
1.274766564369201660e+00
1.212680578231811523e+00
1.149150133132934570e+00
1.361856937408447266e+00
1.330484390258789062e+00
1.263202190399169922e+00
1.353847980499267578e+00
1.095768809318542480e+00
1.162427186965942383e+00
1.335394024848937988e+00
1.296386599540710449e+00
1.321894526481628418e+00
1.163042783737182617e+00
1.357135891914367676e+00
1.329867839813232422e+00
1.388727664947509766e+00
1.371180534362792969e+00
1.163660287857055664e+00
1.333083629608154297e+00
1.227595448493957520e+00
1.408130884170532227e+00
1.229172229766845703e+00
1.203899383544921875e+00
1.263665080070495605e+00
1.272040367126464844e+00
1.223494052886962891e+00
1.171226501464843750e+00
1.310554265975952148e+00
1.241051316261291504e+00
1.267156720161437988e+00
1.307793855667114258e+00
1.187117815017700195e+00
1.397704839706420898e+00
1.306171774864196777e+00
1.302497267723083496e+00
1.311290264129638672e+00
1.363933801651000977e+00
1.269649982452392578e+00
1.141577243804931641e+00
1.204434633255004883e+00
1.319215297698974609e+00
1.296649098396301270e+00
1.459994554519653320e+00
1.220869541168212891e+00
1.272553682327270508e+00
1.294993400573730469e+00
1.293443083763122559e+00
1.378552198410034180e+00
1.233443856239318848e+00
1.203043699264526367e+00
1.307376146316528320e+00
1.391442418098449707e+00
1.274139165878295898e+00
1.132105350494384766e+00
1.269027352333068848e+00
1.271828293800354004e+00
1.307876467704772949e+00
1.463325500488281250e+00
1.213827610015869141e+00
1.310742974281311035e+00
1.263127803802490234e+00
1.253714323043823242e+00
1.239264607429504395e+00
1.219263672828674316e+00
1.352082014083862305e+00
1.408099532127380371e+00
1.409178972244262695e+00
1.340818285942077637e+00
1.367466211318969727e+00
1.255332589149475098e+00
1.304251909255981445e+00
1.245414733886718750e+00
1.296649217605590820e+00
1.341323018074035645e+00
1.374530911445617676e+00
1.249349594116210938e+00
1.214053630828857422e+00
1.317804694175720215e+00
1.368551850318908691e+00
1.139315366744995117e+00
1.352867364883422852e+00
1.407225370407104492e+00
1.199806809425354004e+00
1.338300704956054688e+00
1.323993325233459473e+00
1.170661449432373047e+00
1.309574842453002930e+00
1.251833677291870117e+00
1.349364757537841797e+00
1.225566744804382324e+00
1.166030883789062500e+00
1.152151703834533691e+00
1.307623267173767090e+00
1.283304572105407715e+00
1.362097978591918945e+00
1.287512660026550293e+00
1.136649847030639648e+00
1.255637645721435547e+00
1.260479927062988281e+00
1.383484721183776855e+00
1.205658674240112305e+00
1.206629395484924316e+00
1.278291702270507812e+00
1.214721202850341797e+00
1.243355989456176758e+00
1.257602691650390625e+00
1.307701826095581055e+00
1.307023048400878906e+00
1.253232002258300781e+00
1.145947933197021484e+00
1.256395697593688965e+00
1.224242687225341797e+00
1.194639921188354492e+00
1.258559226989746094e+00
1.220574975013732910e+00
1.338494420051574707e+00
1.437231779098510742e+00
1.362714171409606934e+00
1.294789671897888184e+00
1.184808492660522461e+00
1.350928902626037598e+00
1.392098426818847656e+00
1.420971870422363281e+00
1.432218790054321289e+00
1.269254684448242188e+00
1.275946617126464844e+00
1.303760766983032227e+00
1.247946262359619141e+00
1.373557686805725098e+00
1.462455749511718750e+00
1.223520636558532715e+00
1.328992962837219238e+00
1.309188842773437500e+00
1.309244990348815918e+00
1.288080573081970215e+00
1.264019012451171875e+00
1.262812614440917969e+00
1.243452787399291992e+00
1.170806288719177246e+00
1.265241384506225586e+00
1.167463064193725586e+00
1.204069733619689941e+00
1.523401021957397461e+00
1.348379492759704590e+00
1.124678730964660645e+00
1.182256221771240234e+00
1.234165787696838379e+00
1.437683105468750000e+00
1.363889813423156738e+00
1.200308680534362793e+00
1.322622537612915039e+00
1.272146582603454590e+00
1.130852937698364258e+00
1.304737448692321777e+00
1.284482955932617188e+00
1.265930533409118652e+00
1.270436525344848633e+00
1.425214171409606934e+00
1.284791827201843262e+00
1.230168104171752930e+00
1.344860076904296875e+00
1.307806730270385742e+00
1.306696176528930664e+00
1.217294335365295410e+00
1.321331501007080078e+00
1.221419334411621094e+00
1.291701555252075195e+00
1.236997842788696289e+00
1.343309640884399414e+00
1.182763934135437012e+00
1.278845787048339844e+00
1.282028675079345703e+00
1.284409403800964355e+00
1.255326867103576660e+00
1.264906764030456543e+00
1.291833162307739258e+00
1.383321762084960938e+00
1.166175961494445801e+00
1.369773149490356445e+00
1.205473423004150391e+00
1.335748195648193359e+00
1.223331689834594727e+00
1.294522047042846680e+00
1.172686696052551270e+00
1.247596144676208496e+00
1.241236686706542969e+00
1.266216278076171875e+00
1.410111188888549805e+00
1.409897923469543457e+00
1.342346429824829102e+00
1.226485013961791992e+00
1.259780287742614746e+00
1.189985871315002441e+00
1.277009725570678711e+00
1.234388470649719238e+00
1.213338017463684082e+00
1.329842090606689453e+00
1.229582428932189941e+00
1.316714167594909668e+00
1.267490148544311523e+00
1.394933581352233887e+00
1.166267395019531250e+00
1.359323501586914062e+00
1.329439401626586914e+00
1.385146856307983398e+00
1.255943417549133301e+00
1.326565504074096680e+00
1.157823324203491211e+00
1.344665169715881348e+00
1.232107281684875488e+00
1.328750371932983398e+00
1.276576280593872070e+00
1.215980291366577148e+00
1.254926919937133789e+00
1.245820522308349609e+00
1.274249196052551270e+00
1.163966178894042969e+00
1.262763023376464844e+00
1.246936798095703125e+00
1.252129077911376953e+00
1.249982595443725586e+00
1.233651638031005859e+00
1.472728133201599121e+00
1.236774325370788574e+00
1.342341423034667969e+00
1.327518701553344727e+00
1.327331423759460449e+00
1.344876885414123535e+00
1.351913928985595703e+00
1.294515490531921387e+00
1.187736392021179199e+00
1.345101594924926758e+00
1.359109163284301758e+00
1.201149582862854004e+00
1.344978332519531250e+00
1.299528956413269043e+00
1.246243715286254883e+00
1.182745814323425293e+00
1.322356343269348145e+00
1.258642077445983887e+00
1.219583988189697266e+00
1.273828744888305664e+00
1.228117346763610840e+00
1.240151405334472656e+00
1.192121744155883789e+00
1.386631250381469727e+00
1.440684080123901367e+00
1.298153162002563477e+00
1.194978117942810059e+00
1.225634098052978516e+00
1.298276782035827637e+00
1.329006195068359375e+00
1.295827150344848633e+00
1.262553691864013672e+00
1.378157377243041992e+00
1.175857782363891602e+00
1.279837369918823242e+00
1.336666345596313477e+00
1.279067754745483398e+00
1.262166500091552734e+00
1.334396839141845703e+00
1.359230875968933105e+00
1.294350504875183105e+00
1.276144623756408691e+00
1.240773200988769531e+00
1.265295028686523438e+00
1.324370384216308594e+00
1.340565204620361328e+00
1.282590031623840332e+00
1.332872748374938965e+00
1.276323199272155762e+00
1.377520799636840820e+00
1.295964956283569336e+00
1.294495820999145508e+00
1.279914736747741699e+00
1.290223836898803711e+00
1.253628730773925781e+00
1.280968546867370605e+00
1.328372240066528320e+00
1.151574254035949707e+00
1.221182703971862793e+00
1.079261302947998047e+00
1.396247982978820801e+00
1.199955701828002930e+00
1.191886782646179199e+00
1.377080440521240234e+00
1.264633655548095703e+00
1.280110716819763184e+00
1.283274412155151367e+00
1.221377849578857422e+00
1.354512691497802734e+00
1.228995323181152344e+00
1.286182403564453125e+00
1.375488042831420898e+00
1.206181287765502930e+00
1.215544104576110840e+00
1.215262413024902344e+00
1.169417381286621094e+00
1.391406059265136719e+00
1.312300086021423340e+00
1.155300498008728027e+00
1.388592481613159180e+00
1.231385707855224609e+00
1.308496475219726562e+00
1.163773059844970703e+00
1.204122066497802734e+00
1.292177796363830566e+00
1.306462526321411133e+00
1.341261506080627441e+00
1.283859729766845703e+00
1.348303318023681641e+00
1.205137252807617188e+00
1.259386897087097168e+00
1.353394508361816406e+00
1.324944257736206055e+00
1.249084949493408203e+00
1.343537807464599609e+00
1.284801721572875977e+00
1.305596828460693359e+00
1.303531885147094727e+00
1.344643712043762207e+00
1.376660585403442383e+00
1.279116868972778320e+00
1.290004849433898926e+00
1.252075076103210449e+00
1.334197998046875000e+00
1.395038843154907227e+00
1.258277893066406250e+00
1.285372972488403320e+00
1.321848154067993164e+00
1.313245415687561035e+00
1.331716418266296387e+00
1.273143649101257324e+00
1.301605939865112305e+00
1.281832218170166016e+00
1.182067871093750000e+00
1.200571179389953613e+00
1.263210535049438477e+00
1.204219579696655273e+00
1.265185356140136719e+00
1.213669657707214355e+00
1.337222218513488770e+00
1.307267308235168457e+00
1.224206566810607910e+00
1.223510622978210449e+00
1.339860200881958008e+00
1.250916242599487305e+00
1.334490418434143066e+00
1.311154365539550781e+00
1.151203632354736328e+00
1.210926175117492676e+00
1.254823327064514160e+00
1.343390107154846191e+00
1.328761816024780273e+00
1.341603279113769531e+00
1.240264654159545898e+00
1.214534521102905273e+00
1.127542734146118164e+00
1.288066148757934570e+00
1.320085167884826660e+00
1.285639047622680664e+00
1.147947072982788086e+00
1.432829976081848145e+00
1.378814220428466797e+00
1.436603903770446777e+00
1.375630736351013184e+00
1.248544812202453613e+00
1.352370977401733398e+00
1.305020928382873535e+00
1.321220517158508301e+00
1.407603383064270020e+00
1.260241508483886719e+00
1.205072879791259766e+00
1.291859149932861328e+00
1.352134466171264648e+00
1.323492288589477539e+00
1.231812000274658203e+00
1.122687101364135742e+00
1.327032804489135742e+00
1.209315061569213867e+00
1.213515996932983398e+00
1.277201175689697266e+00
1.343515396118164062e+00
1.209135174751281738e+00
1.230865478515625000e+00
1.248021245002746582e+00
1.263246774673461914e+00
1.400497436523437500e+00
1.255950331687927246e+00
1.155436992645263672e+00
1.349220752716064453e+00
1.312959194183349609e+00
1.175159692764282227e+00
1.379108428955078125e+00
1.372244954109191895e+00
1.273600101470947266e+00
1.299920320510864258e+00
1.333964109420776367e+00
1.333318114280700684e+00
1.262992024421691895e+00
1.478510141372680664e+00
1.343873858451843262e+00
1.334476470947265625e+00
1.276901721954345703e+00
1.277502059936523438e+00
1.314170241355895996e+00
1.266250610351562500e+00
1.317394018173217773e+00
1.405271887779235840e+00
1.372893810272216797e+00
1.232287645339965820e+00
1.244510412216186523e+00
1.221767783164978027e+00
1.207222461700439453e+00
1.408256053924560547e+00
1.208216190338134766e+00
1.405495047569274902e+00
1.296794772148132324e+00
1.163481712341308594e+00
1.229200482368469238e+00
1.227338552474975586e+00
1.249036550521850586e+00
1.323690772056579590e+00
1.312533378601074219e+00
1.226559519767761230e+00
1.304742336273193359e+00
1.241554498672485352e+00
1.220983386039733887e+00
1.472513556480407715e+00
1.243211984634399414e+00
1.181090474128723145e+00
1.296181678771972656e+00
1.191145420074462891e+00
1.308397769927978516e+00
1.276504755020141602e+00
1.340525865554809570e+00
1.340790748596191406e+00
1.291521310806274414e+00
1.158003330230712891e+00
1.361522912979125977e+00
1.352599859237670898e+00
1.264703512191772461e+00
1.192450165748596191e+00
1.096505641937255859e+00
1.340917468070983887e+00
1.306656122207641602e+00
1.229478597640991211e+00
1.306046485900878906e+00
1.178774118423461914e+00
1.318697452545166016e+00
1.347798824310302734e+00
1.178012609481811523e+00
1.096810102462768555e+00
1.282432079315185547e+00
1.308184146881103516e+00
1.281249046325683594e+00
1.346891522407531738e+00
1.334440708160400391e+00
1.303199052810668945e+00
1.315740942955017090e+00
1.332975506782531738e+00
1.153385162353515625e+00
1.332861423492431641e+00
1.192286610603332520e+00
1.156400680541992188e+00
1.135252952575683594e+00
1.315086722373962402e+00
1.237342834472656250e+00
1.220780014991760254e+00
1.288418292999267578e+00
1.227736949920654297e+00
1.303882241249084473e+00
1.151388049125671387e+00
1.341428875923156738e+00
1.358952045440673828e+00
1.283867835998535156e+00
1.302526593208312988e+00
1.209932684898376465e+00
1.312981128692626953e+00
1.423289895057678223e+00
1.287349700927734375e+00
1.324113965034484863e+00
1.278722405433654785e+00
1.290598988533020020e+00
1.290602922439575195e+00
1.276407837867736816e+00
1.143433690071105957e+00
1.276762366294860840e+00
1.307278513908386230e+00
1.338518500328063965e+00
1.343793392181396484e+00
1.273164987564086914e+00
1.224091768264770508e+00
1.330694437026977539e+00
1.300998449325561523e+00
1.275743126869201660e+00
1.196181297302246094e+00
1.336758375167846680e+00
1.306361913681030273e+00
1.123987913131713867e+00
1.406816959381103516e+00
1.366604208946228027e+00
1.243687391281127930e+00
1.292385816574096680e+00
1.222178101539611816e+00
1.288839936256408691e+00
1.307000398635864258e+00
1.255779147148132324e+00
1.331476211547851562e+00
1.273483276367187500e+00
1.246476292610168457e+00
1.225547552108764648e+00
1.365705609321594238e+00
1.331317901611328125e+00
1.344326853752136230e+00
1.136094808578491211e+00
1.369479060173034668e+00
1.197059035301208496e+00
1.264992594718933105e+00
1.267069458961486816e+00
1.261812806129455566e+00
1.383613705635070801e+00
1.290009737014770508e+00
1.238333225250244141e+00
1.259443044662475586e+00
1.156405687332153320e+00
1.222258448600769043e+00
1.285600543022155762e+00
1.303234815597534180e+00
1.374299287796020508e+00
1.132406711578369141e+00
1.297244071960449219e+00
1.249290108680725098e+00
1.272236824035644531e+00
1.229068279266357422e+00
1.355900049209594727e+00
1.294755578041076660e+00
1.329058051109313965e+00
1.333662152290344238e+00
1.369332671165466309e+00
1.323372125625610352e+00
1.295794248580932617e+00
1.385065078735351562e+00
1.245765209197998047e+00
1.153089880943298340e+00
1.258957505226135254e+00
1.348481416702270508e+00
1.302416920661926270e+00
1.318364143371582031e+00
1.216696977615356445e+00
1.302338957786560059e+00
1.309034705162048340e+00
1.219066500663757324e+00
1.340908527374267578e+00
1.320462107658386230e+00
1.341936111450195312e+00
1.241814732551574707e+00
1.326200962066650391e+00
1.264735817909240723e+00
1.268541455268859863e+00
1.151358127593994141e+00
1.254790902137756348e+00
1.487380981445312500e+00
1.364381551742553711e+00
1.234719395637512207e+00
1.380751490592956543e+00
1.273893117904663086e+00
1.281923532485961914e+00
1.329033017158508301e+00
1.141622662544250488e+00
1.310179591178894043e+00
1.201963543891906738e+00
1.203510999679565430e+00
1.275245904922485352e+00
1.292586088180541992e+00
1.199067473411560059e+00
1.223995447158813477e+00
1.230862140655517578e+00
1.258814930915832520e+00
1.245739459991455078e+00
1.252951860427856445e+00
1.274179935455322266e+00
1.142366409301757812e+00
1.260391235351562500e+00
1.146077036857604980e+00
1.333209395408630371e+00
1.228597640991210938e+00
1.298412799835205078e+00
1.228057146072387695e+00
1.315748572349548340e+00
1.265793085098266602e+00
1.299376249313354492e+00
1.293093919754028320e+00
1.282011508941650391e+00
1.114243149757385254e+00
1.292981624603271484e+00
1.269638657569885254e+00
1.149532675743103027e+00
1.187430024147033691e+00
1.209614038467407227e+00
1.231993556022644043e+00
1.357679009437561035e+00
1.293433427810668945e+00
1.317630767822265625e+00
1.182025909423828125e+00
1.256043791770935059e+00
1.229150533676147461e+00
1.374017715454101562e+00
1.280896782875061035e+00
1.258294105529785156e+00
1.353801965713500977e+00
1.302309989929199219e+00
1.209538102149963379e+00
1.290234446525573730e+00
1.167436718940734863e+00
1.175492048263549805e+00
1.380032420158386230e+00
1.234644412994384766e+00
1.412498593330383301e+00
1.296879410743713379e+00
1.267584323883056641e+00
1.114557027816772461e+00
1.329480528831481934e+00
1.235266089439392090e+00
1.322836279869079590e+00
1.338123321533203125e+00
1.222395896911621094e+00
1.154177188873291016e+00
1.377939939498901367e+00
1.241638541221618652e+00
1.209569573402404785e+00
1.180323243141174316e+00
1.219457864761352539e+00
1.242598772048950195e+00
1.297972440719604492e+00
1.274247765541076660e+00
1.241099834442138672e+00
1.329919815063476562e+00
1.266731619834899902e+00
1.301007986068725586e+00
1.292232275009155273e+00
1.308451175689697266e+00
1.365209579467773438e+00
1.356536388397216797e+00
1.331411838531494141e+00
1.135192513465881348e+00
1.155682921409606934e+00
1.262888789176940918e+00
1.305520176887512207e+00
1.391649246215820312e+00
1.250188112258911133e+00
1.212278246879577637e+00
1.265355110168457031e+00
1.204907536506652832e+00
1.312963485717773438e+00
1.327528834342956543e+00
1.359292030334472656e+00
1.419018268585205078e+00
1.376085996627807617e+00
1.185854673385620117e+00
1.313179373741149902e+00
1.318856477737426758e+00
1.305351972579956055e+00
1.311898946762084961e+00
1.307736039161682129e+00
1.242357015609741211e+00
1.208312988281250000e+00
1.247007846832275391e+00
1.311594486236572266e+00
1.236749172210693359e+00
1.345382928848266602e+00
1.212503075599670410e+00
1.274324297904968262e+00
1.287936925888061523e+00
1.368357539176940918e+00
1.248694539070129395e+00
1.286571025848388672e+00
1.265971302986145020e+00
1.220306038856506348e+00
1.393832802772521973e+00
1.301449418067932129e+00
1.213635563850402832e+00
1.266047596931457520e+00
1.289961814880371094e+00
1.283681631088256836e+00
1.304730772972106934e+00
1.277729034423828125e+00
1.358716011047363281e+00
1.231873989105224609e+00
1.222948431968688965e+00
1.359141349792480469e+00
1.256288409233093262e+00
1.255851745605468750e+00
1.201572179794311523e+00
1.236951351165771484e+00
1.327468395233154297e+00
1.143111348152160645e+00
1.321437954902648926e+00
1.258368372917175293e+00
1.263074874877929688e+00
1.322927474975585938e+00
1.206572532653808594e+00
1.349593877792358398e+00
1.225460290908813477e+00
1.263850212097167969e+00
1.285955429077148438e+00
1.242889285087585449e+00
1.244168281555175781e+00
1.280438780784606934e+00
1.158820152282714844e+00
1.261456727981567383e+00
1.273110151290893555e+00
1.173824787139892578e+00
1.280720710754394531e+00
1.302036166191101074e+00
1.329600572586059570e+00
1.219862341880798340e+00
1.263364195823669434e+00
1.393568515777587891e+00
1.239313006401062012e+00
1.322258472442626953e+00
1.342862367630004883e+00
1.226766109466552734e+00
1.298531293869018555e+00
1.272379875183105469e+00
1.327671647071838379e+00
1.254371881484985352e+00
1.284384489059448242e+00
1.330658197402954102e+00
1.231884360313415527e+00
1.235370278358459473e+00
1.389584064483642578e+00
1.282418489456176758e+00
1.430335521697998047e+00
1.315889596939086914e+00
1.322823405265808105e+00
1.307130694389343262e+00
1.293422698974609375e+00
1.338280439376831055e+00
1.318744778633117676e+00
1.318421840667724609e+00
1.196958661079406738e+00
1.352344512939453125e+00
1.220421075820922852e+00
1.406301736831665039e+00
1.306741476058959961e+00
1.228148221969604492e+00
1.211164236068725586e+00
1.248765110969543457e+00
1.269060134887695312e+00
1.196480751037597656e+00
1.374848365783691406e+00
1.272372126579284668e+00
1.283153891563415527e+00
1.213380455970764160e+00
1.307472705841064453e+00
1.399718999862670898e+00
1.294455289840698242e+00
1.190850973129272461e+00
1.255271911621093750e+00
1.322871208190917969e+00
1.243524670600891113e+00
1.364268302917480469e+00
1.126302599906921387e+00
1.394727587699890137e+00
1.347332239151000977e+00
1.366658926010131836e+00
1.226943016052246094e+00
1.381334900856018066e+00
1.325784921646118164e+00
1.342281579971313477e+00
1.242911696434020996e+00
1.230062842369079590e+00
1.260916590690612793e+00
1.298882007598876953e+00
1.173942327499389648e+00
1.405033826828002930e+00
1.340323925018310547e+00
1.311351895332336426e+00
1.294129371643066406e+00
1.309138178825378418e+00
1.313899040222167969e+00
1.187065005302429199e+00
1.250912070274353027e+00
1.207274913787841797e+00
1.228952288627624512e+00
1.351434230804443359e+00
1.357227802276611328e+00
1.329479455947875977e+00
1.343631982803344727e+00
1.226335048675537109e+00
1.290688157081604004e+00
1.343466281890869141e+00
1.299858331680297852e+00
1.268676042556762695e+00
1.205433487892150879e+00
1.223314523696899414e+00
1.195009469985961914e+00
1.334110260009765625e+00
1.380669713020324707e+00
1.265768289566040039e+00
1.193424224853515625e+00
1.323874473571777344e+00
1.355745553970336914e+00
1.124944806098937988e+00
1.244385957717895508e+00
1.315338611602783203e+00
1.377863883972167969e+00
1.429053306579589844e+00
1.314965486526489258e+00
1.350349664688110352e+00
1.327919960021972656e+00
1.270777940750122070e+00
1.283376336097717285e+00
1.378871202468872070e+00
1.146414875984191895e+00
1.315137624740600586e+00
1.178537964820861816e+00
1.389696598052978516e+00
1.257076978683471680e+00
1.322148919105529785e+00
1.304350972175598145e+00
1.308218002319335938e+00
1.287789702415466309e+00
1.339520215988159180e+00
1.228700876235961914e+00
1.284061193466186523e+00
1.319646835327148438e+00
1.277895808219909668e+00
1.316074132919311523e+00
1.351780414581298828e+00
1.299861550331115723e+00
1.298883318901062012e+00
1.260447740554809570e+00
1.269907712936401367e+00
1.259465456008911133e+00
1.360597491264343262e+00
1.315618038177490234e+00
1.344680905342102051e+00
1.293897390365600586e+00
1.292137622833251953e+00
1.148607730865478516e+00
1.222460865974426270e+00
1.303845405578613281e+00
1.323678970336914062e+00
1.263428926467895508e+00
1.236804842948913574e+00
1.178035736083984375e+00
1.222822427749633789e+00
1.350733995437622070e+00
1.379189133644104004e+00
1.435292363166809082e+00
1.275445818901062012e+00
1.302943229675292969e+00
1.353232145309448242e+00
1.211660265922546387e+00
1.301800966262817383e+00
1.307415962219238281e+00
1.273510456085205078e+00
1.193482518196105957e+00
1.302444934844970703e+00
1.244758367538452148e+00
1.204980850219726562e+00
1.155951976776123047e+00
1.278615117073059082e+00
1.225877285003662109e+00
1.300594449043273926e+00
1.347697854042053223e+00
1.336035728454589844e+00
1.363761305809020996e+00
1.283806085586547852e+00
1.304659247398376465e+00
1.280283093452453613e+00
1.302189111709594727e+00
1.192376852035522461e+00
1.245832920074462891e+00
1.212174773216247559e+00
1.223438262939453125e+00
1.220305442810058594e+00
1.278331637382507324e+00
1.259774208068847656e+00
1.308125257492065430e+00
1.230520129203796387e+00
1.291281700134277344e+00
1.274725198745727539e+00
1.231443166732788086e+00
1.376525402069091797e+00
1.307695388793945312e+00
1.277088403701782227e+00
1.318204164505004883e+00
1.315388560295104980e+00
1.429735183715820312e+00
1.247825741767883301e+00
1.269903779029846191e+00
1.273843765258789062e+00
1.299007892608642578e+00
1.322126746177673340e+00
1.247294187545776367e+00
1.301490068435668945e+00
1.304280638694763184e+00
1.351078152656555176e+00
1.367916822433471680e+00
1.268741369247436523e+00
1.258600950241088867e+00
1.261684894561767578e+00
1.287462234497070312e+00
1.266886949539184570e+00
1.284459352493286133e+00
1.295505881309509277e+00
1.342347860336303711e+00
1.236247658729553223e+00
1.182258605957031250e+00
1.304888010025024414e+00
1.252120018005371094e+00
1.369058132171630859e+00
1.252729415893554688e+00
1.361106753349304199e+00
1.396682739257812500e+00
1.208599448204040527e+00
1.220958709716796875e+00
1.316608428955078125e+00
1.277220726013183594e+00
1.245303869247436523e+00
1.243722677230834961e+00
1.341830611228942871e+00
1.413602352142333984e+00
1.271378278732299805e+00
1.229937076568603516e+00
1.337927341461181641e+00
1.258804798126220703e+00
1.309432029724121094e+00
1.177294731140136719e+00
1.220400333404541016e+00
1.326501369476318359e+00
1.220506906509399414e+00
1.282953977584838867e+00
1.211724162101745605e+00
1.231659054756164551e+00
1.340678930282592773e+00
1.348962306976318359e+00
1.291100144386291504e+00
1.287408709526062012e+00
1.363934636116027832e+00
1.163753747940063477e+00
1.170030832290649414e+00
1.238162994384765625e+00
1.217866778373718262e+00
1.259868383407592773e+00
1.298449754714965820e+00
1.202024221420288086e+00
1.206691861152648926e+00
1.274756908416748047e+00
1.261120557785034180e+00
1.211459040641784668e+00
1.385405063629150391e+00
1.226609468460083008e+00
1.185881257057189941e+00
1.249585509300231934e+00
1.277435898780822754e+00
1.265469670295715332e+00
1.316385269165039062e+00
1.241383790969848633e+00
1.260309576988220215e+00
1.276394367218017578e+00
1.212154984474182129e+00
1.247616171836853027e+00
1.249611139297485352e+00
1.195878624916076660e+00
1.352517843246459961e+00
1.295186400413513184e+00
1.247636079788208008e+00
1.213694572448730469e+00
1.273667573928833008e+00
1.366258144378662109e+00
1.285383462905883789e+00
1.346135735511779785e+00
1.203063607215881348e+00
1.292132139205932617e+00
1.269820928573608398e+00
1.321818590164184570e+00
1.255787611007690430e+00
1.195135474205017090e+00
1.253512859344482422e+00
1.228580832481384277e+00
1.214719176292419434e+00
1.308290243148803711e+00
1.313218355178833008e+00
1.248897552490234375e+00
1.352682828903198242e+00
1.170266628265380859e+00
1.270419836044311523e+00
1.271337747573852539e+00
1.176352143287658691e+00
1.248113036155700684e+00
1.233153820037841797e+00
1.152770042419433594e+00
1.327665925025939941e+00
1.220121622085571289e+00
1.267643928527832031e+00
1.313776254653930664e+00
1.326306104660034180e+00
1.315913438796997070e+00
1.323785185813903809e+00
1.175585746765136719e+00
1.190443992614746094e+00
1.294058799743652344e+00
1.285287618637084961e+00
1.318100690841674805e+00
1.351477384567260742e+00
1.252874970436096191e+00
1.390594244003295898e+00
1.229299783706665039e+00
1.222726464271545410e+00
1.187945723533630371e+00
1.331341028213500977e+00
1.252615451812744141e+00
1.386115074157714844e+00
1.302519917488098145e+00
1.179703235626220703e+00
1.297762870788574219e+00
1.304913759231567383e+00
1.328741550445556641e+00
1.278010606765747070e+00
1.206507205963134766e+00
1.226555466651916504e+00
1.288222312927246094e+00
1.190992712974548340e+00
1.223647475242614746e+00
1.322989463806152344e+00
1.247742295265197754e+00
1.320473194122314453e+00
1.324110746383666992e+00
1.311919212341308594e+00
1.317537665367126465e+00
1.177870512008666992e+00
1.349475860595703125e+00
1.306847095489501953e+00
1.231935620307922363e+00
1.293947696685791016e+00
1.323382616043090820e+00
1.214534640312194824e+00
1.280509829521179199e+00
1.357245683670043945e+00
1.464253783226013184e+00
1.165214180946350098e+00
1.277359008789062500e+00
1.398850917816162109e+00
1.178812026977539062e+00
1.344555497169494629e+00
1.275346994400024414e+00
1.207196354866027832e+00
1.395274758338928223e+00
1.294067978858947754e+00
1.193026542663574219e+00
1.351927161216735840e+00
1.286316037178039551e+00
1.436977386474609375e+00
1.322821378707885742e+00
1.269554257392883301e+00
1.265895009040832520e+00
1.355853796005249023e+00
1.265665292739868164e+00
1.341922521591186523e+00
1.168161630630493164e+00
1.241716027259826660e+00
1.222537636756896973e+00
1.282896876335144043e+00
1.227756142616271973e+00
1.342605233192443848e+00
1.319019794464111328e+00
1.204198956489562988e+00
1.167988657951354980e+00
1.227174639701843262e+00
1.223536491394042969e+00
1.371321439743041992e+00
1.219986081123352051e+00
1.216237068176269531e+00
1.333851695060729980e+00
1.327045917510986328e+00
1.383090376853942871e+00
1.353250026702880859e+00
1.217477440834045410e+00
1.260133624076843262e+00
1.282956838607788086e+00
1.246276974678039551e+00
1.228807449340820312e+00
1.268986821174621582e+00
1.317999124526977539e+00
1.279715657234191895e+00
1.171055674552917480e+00
1.314414978027343750e+00
1.338507890701293945e+00
1.222646355628967285e+00
1.235295534133911133e+00
1.294576764106750488e+00
1.204694986343383789e+00
1.211880683898925781e+00
1.269746541976928711e+00
1.259148478507995605e+00
1.438818693161010742e+00
1.341601848602294922e+00
1.343098044395446777e+00
1.322304248809814453e+00
1.332547187805175781e+00
1.163607120513916016e+00
1.180513381958007812e+00
1.278886079788208008e+00
1.442795872688293457e+00
1.278427004814147949e+00
1.362159490585327148e+00
1.316343307495117188e+00
1.295740604400634766e+00
1.277896285057067871e+00
1.371541738510131836e+00
1.230533361434936523e+00
1.159702062606811523e+00
1.226580381393432617e+00
1.256151556968688965e+00
1.321872711181640625e+00
1.294694066047668457e+00
1.262507557868957520e+00
1.129080414772033691e+00
1.183308601379394531e+00
1.347690582275390625e+00
1.257261395454406738e+00
1.209602832794189453e+00
1.298327326774597168e+00
1.347340941429138184e+00
1.342665791511535645e+00
1.202100753784179688e+00
1.218035936355590820e+00
1.239220738410949707e+00
1.203312754631042480e+00
1.228922367095947266e+00
1.234570384025573730e+00
1.392982721328735352e+00
1.264553785324096680e+00
1.334625124931335449e+00
1.186620354652404785e+00
1.332104444503784180e+00
1.217959761619567871e+00
1.379734516143798828e+00
1.268696308135986328e+00
1.274869561195373535e+00
1.274985551834106445e+00
1.274614334106445312e+00
1.211630463600158691e+00
1.259317636489868164e+00
1.381109118461608887e+00
1.319256424903869629e+00
1.232919096946716309e+00
1.290282845497131348e+00
1.280549645423889160e+00
1.427495002746582031e+00
1.279313087463378906e+00
1.413182020187377930e+00
1.300724029541015625e+00
1.214076161384582520e+00
1.200826287269592285e+00
1.222732663154602051e+00
1.251367688179016113e+00
1.199326872825622559e+00
1.381796836853027344e+00
1.297591686248779297e+00
1.127587080001831055e+00
1.125475525856018066e+00
1.210880041122436523e+00
1.293552994728088379e+00
1.419738531112670898e+00
1.104016900062561035e+00
1.282970905303955078e+00
1.391710281372070312e+00
1.305214524269104004e+00
1.386805295944213867e+00
1.329513669013977051e+00
1.287645697593688965e+00
1.284193992614746094e+00
1.272495746612548828e+00
1.284979343414306641e+00
1.323585748672485352e+00
1.361518144607543945e+00
1.351917743682861328e+00
1.327128529548645020e+00
1.263634204864501953e+00
1.325311422348022461e+00
1.231316566467285156e+00
1.346331477165222168e+00
1.423214197158813477e+00
1.214219927787780762e+00
1.290220856666564941e+00
1.245093822479248047e+00
1.338617086410522461e+00
1.263484120368957520e+00
1.364850521087646484e+00
1.362730503082275391e+00
1.208499193191528320e+00
1.169556379318237305e+00
1.207789421081542969e+00
1.341594815254211426e+00
1.279511451721191406e+00
1.209353566169738770e+00
1.314698100090026855e+00
1.330685615539550781e+00
1.208339452743530273e+00
1.237394332885742188e+00
1.289311528205871582e+00
1.345301032066345215e+00
1.282376050949096680e+00
1.412686824798583984e+00
1.404532194137573242e+00
1.467181921005249023e+00
1.382873892784118652e+00
1.260162234306335449e+00
1.175568580627441406e+00
1.231908082962036133e+00
1.336293816566467285e+00
1.345629453659057617e+00
1.165576696395874023e+00
1.205561399459838867e+00
1.214123845100402832e+00
1.228458523750305176e+00
1.232974052429199219e+00
1.287623286247253418e+00
1.192072868347167969e+00
1.256012916564941406e+00
1.284696102142333984e+00
1.242495059967041016e+00
1.147545933723449707e+00
1.352257847785949707e+00
1.265803575515747070e+00
1.233689665794372559e+00
1.249867439270019531e+00
1.184189558029174805e+00
1.268173336982727051e+00
1.299855232238769531e+00
1.293125629425048828e+00
1.278501391410827637e+00
1.256650686264038086e+00
1.241138935089111328e+00
1.278681397438049316e+00
1.191948652267456055e+00
1.361744642257690430e+00
1.324609518051147461e+00
1.365831255912780762e+00
1.261785626411437988e+00
1.250876069068908691e+00
1.323273420333862305e+00
1.222994446754455566e+00
1.330450773239135742e+00
1.349058270454406738e+00
1.316442251205444336e+00
1.279942870140075684e+00
1.286120414733886719e+00
1.331924796104431152e+00
1.231445908546447754e+00
1.224204301834106445e+00
1.323600292205810547e+00
1.251283645629882812e+00
1.202649116516113281e+00
1.336642026901245117e+00
1.386154413223266602e+00
1.284980297088623047e+00
1.272032022476196289e+00
1.286894559860229492e+00
1.322697639465332031e+00
1.309514164924621582e+00
1.316046953201293945e+00
1.178543567657470703e+00
1.328298330307006836e+00
1.291880607604980469e+00
1.263351321220397949e+00
1.294848680496215820e+00
1.332557916641235352e+00
1.283902645111083984e+00
1.440566062927246094e+00
1.298073768615722656e+00
1.236829519271850586e+00
1.231269955635070801e+00
1.220308184623718262e+00
1.285627007484436035e+00
1.324272036552429199e+00
1.270827174186706543e+00
1.330787897109985352e+00
1.261786580085754395e+00
1.249600410461425781e+00
1.196541190147399902e+00
1.297425866127014160e+00
1.348534703254699707e+00
1.294849395751953125e+00
1.309674739837646484e+00
1.300773620605468750e+00
1.349580645561218262e+00
1.381166696548461914e+00
1.343052625656127930e+00
1.320945024490356445e+00
1.269394874572753906e+00
1.309111833572387695e+00
1.299506187438964844e+00
1.122838616371154785e+00
1.396618843078613281e+00
1.201247930526733398e+00
1.301147699356079102e+00
1.273068070411682129e+00
1.228207707405090332e+00
1.220003604888916016e+00
1.303678393363952637e+00
1.226821303367614746e+00
1.422338962554931641e+00
1.278689742088317871e+00
1.177560925483703613e+00
1.399072051048278809e+00
1.251235008239746094e+00
1.395132064819335938e+00
1.272009491920471191e+00
1.333953261375427246e+00
1.283004879951477051e+00
1.266516685485839844e+00
1.394974350929260254e+00
1.248273015022277832e+00
1.281687021255493164e+00
1.283772349357604980e+00
1.300520539283752441e+00
1.323375701904296875e+00
1.245093941688537598e+00
1.276148557662963867e+00
1.144680619239807129e+00
1.292518377304077148e+00
1.202559471130371094e+00
1.291403889656066895e+00
1.355695128440856934e+00
1.265900135040283203e+00
1.348528146743774414e+00
1.232834935188293457e+00
1.264688968658447266e+00
1.171606659889221191e+00
1.235176682472229004e+00
1.161259651184082031e+00
1.230629444122314453e+00
1.297459125518798828e+00
1.338093161582946777e+00
1.305386304855346680e+00
1.275403380393981934e+00
1.318311333656311035e+00
1.224963545799255371e+00
1.283664464950561523e+00
1.191132903099060059e+00
1.265071749687194824e+00
1.249791860580444336e+00
1.247200131416320801e+00
1.251671433448791504e+00
1.313713788986206055e+00
1.265442848205566406e+00
1.488287925720214844e+00
1.261534452438354492e+00
1.365148067474365234e+00
1.268282771110534668e+00
1.217586636543273926e+00
1.375376820564270020e+00
1.316846013069152832e+00
1.270463824272155762e+00
1.296364545822143555e+00
1.452439785003662109e+00
1.209683537483215332e+00
1.189907431602478027e+00
1.406112074851989746e+00
1.303036808967590332e+00
1.300775527954101562e+00
1.336745500564575195e+00
1.299360394477844238e+00
1.237675189971923828e+00
1.336630225181579590e+00
1.374518871307373047e+00
1.229907751083374023e+00
1.340382218360900879e+00
1.117211818695068359e+00
1.313813447952270508e+00
1.157790303230285645e+00
1.221411228179931641e+00
1.227723002433776855e+00
1.310520291328430176e+00
1.320528507232666016e+00
1.249842047691345215e+00
1.260443687438964844e+00
1.311869382858276367e+00
1.348891735076904297e+00
1.265197515487670898e+00
1.311206340789794922e+00
1.300495386123657227e+00
1.329422354698181152e+00
1.144031882286071777e+00
1.462682008743286133e+00
1.225525259971618652e+00
1.254155635833740234e+00
1.337720870971679688e+00
1.229944705963134766e+00
1.277581334114074707e+00
1.391800522804260254e+00
1.313824057579040527e+00
1.223112344741821289e+00
1.290885925292968750e+00
1.276324033737182617e+00
1.284757852554321289e+00
1.314494132995605469e+00
1.263213157653808594e+00
1.245811700820922852e+00
1.272830486297607422e+00
1.359064221382141113e+00
1.310209989547729492e+00
1.260561585426330566e+00
1.259024858474731445e+00
1.334137797355651855e+00
1.207728147506713867e+00
1.296890139579772949e+00
1.265843272209167480e+00
1.329297542572021484e+00
1.305939555168151855e+00
1.246480464935302734e+00
1.249309420585632324e+00
1.259070873260498047e+00
1.299907684326171875e+00
1.302941679954528809e+00
1.305887222290039062e+00
1.173601269721984863e+00
1.323545098304748535e+00
1.406685113906860352e+00
1.242575407028198242e+00
1.205368518829345703e+00
1.443483114242553711e+00
1.327039003372192383e+00
1.379168033599853516e+00
1.352099061012268066e+00
1.279911279678344727e+00
1.288048267364501953e+00
1.225428938865661621e+00
1.339275956153869629e+00
1.298502087593078613e+00
1.293871045112609863e+00
1.280069112777709961e+00
1.316306829452514648e+00
1.255479812622070312e+00
1.325343132019042969e+00
1.149524092674255371e+00
1.316934823989868164e+00
1.320085644721984863e+00
1.349021673202514648e+00
1.273315668106079102e+00
1.258128285408020020e+00
1.335209846496582031e+00
1.318007707595825195e+00
1.347375035285949707e+00
1.335606217384338379e+00
1.328738927841186523e+00
1.272778153419494629e+00
1.209516286849975586e+00
1.223311543464660645e+00
1.265077590942382812e+00
1.313395977020263672e+00
1.342867136001586914e+00
1.323539614677429199e+00
1.229053258895874023e+00
1.226349949836730957e+00
1.257786393165588379e+00
1.284061670303344727e+00
1.253045558929443359e+00
1.381214261054992676e+00
1.269643306732177734e+00
1.273018360137939453e+00
1.400341272354125977e+00
1.258001565933227539e+00
1.237825632095336914e+00
1.392345428466796875e+00
1.213425397872924805e+00
1.213899970054626465e+00
1.353569507598876953e+00
1.191009998321533203e+00
1.252555847167968750e+00
1.308090209960937500e+00
1.361190557479858398e+00
1.358235239982604980e+00
1.290101170539855957e+00
1.183621168136596680e+00
1.293781995773315430e+00
1.193117737770080566e+00
1.132979750633239746e+00
1.273280620574951172e+00
1.266566514968872070e+00
1.264771938323974609e+00
1.348530054092407227e+00
1.295198917388916016e+00
1.298691987991333008e+00
1.268973588943481445e+00
1.351702213287353516e+00
1.273474454879760742e+00
1.315135478973388672e+00
1.274174690246582031e+00
1.252804756164550781e+00
1.344228744506835938e+00
1.296082258224487305e+00
1.290027260780334473e+00
1.305449724197387695e+00
1.266926527023315430e+00
1.256643056869506836e+00
1.229795813560485840e+00
1.404240608215332031e+00
1.390982508659362793e+00
1.269799470901489258e+00
1.300498247146606445e+00
1.268691301345825195e+00
1.223150968551635742e+00
1.278051614761352539e+00
1.354063034057617188e+00
1.264711380004882812e+00
1.232209086418151855e+00
1.232775807380676270e+00
1.307162404060363770e+00
1.279474616050720215e+00
1.310234069824218750e+00
1.380261421203613281e+00
1.321344017982482910e+00
1.257840394973754883e+00
1.238526701927185059e+00
1.251887559890747070e+00
1.241547584533691406e+00
1.205055832862854004e+00
1.360149383544921875e+00
1.322823047637939453e+00
1.231730461120605469e+00
1.163409709930419922e+00
1.323816418647766113e+00
1.308569192886352539e+00
1.357155561447143555e+00
1.177511215209960938e+00
1.301637887954711914e+00
1.247292518615722656e+00
1.193303108215332031e+00
1.124607205390930176e+00
1.314422607421875000e+00
1.264306545257568359e+00
1.196001410484313965e+00
1.234284162521362305e+00
1.319984793663024902e+00
1.276899695396423340e+00
1.249168992042541504e+00
1.408744812011718750e+00
1.433139443397521973e+00
1.224409818649291992e+00
1.306533575057983398e+00
1.311408758163452148e+00
1.361390948295593262e+00
1.239701390266418457e+00
1.319757461547851562e+00
1.353783130645751953e+00
1.240529656410217285e+00
1.340336203575134277e+00
1.409272670745849609e+00
1.268480062484741211e+00
1.293670296669006348e+00
1.284844160079956055e+00
1.122178554534912109e+00
1.349785327911376953e+00
1.404624462127685547e+00
1.220355510711669922e+00
1.244824647903442383e+00
1.310920715332031250e+00
1.365517973899841309e+00
1.365821838378906250e+00
1.275051355361938477e+00
1.310886979103088379e+00
1.274113416671752930e+00
1.239678859710693359e+00
1.334685683250427246e+00
1.287805438041687012e+00
1.334965348243713379e+00
1.287484765052795410e+00
1.245945811271667480e+00
1.197629928588867188e+00
1.226876735687255859e+00
1.252553701400756836e+00
1.227201223373413086e+00
1.299676895141601562e+00
1.171916484832763672e+00
1.346235156059265137e+00
1.242567539215087891e+00
1.315989375114440918e+00
1.289161801338195801e+00
1.254630804061889648e+00
1.222777724266052246e+00
1.231404304504394531e+00
1.199008464813232422e+00
1.259182691574096680e+00
1.316071867942810059e+00
1.314697146415710449e+00
1.303868055343627930e+00
1.357945919036865234e+00
1.326870441436767578e+00
1.175587892532348633e+00
1.190612435340881348e+00
1.239864110946655273e+00
1.297273874282836914e+00
1.346334576606750488e+00
1.348742485046386719e+00
1.273675680160522461e+00
1.195890903472900391e+00
1.212580323219299316e+00
1.371063232421875000e+00
1.319584369659423828e+00
1.363770365715026855e+00
1.248197555541992188e+00
1.288129568099975586e+00
1.334734916687011719e+00
1.326410889625549316e+00
1.365989685058593750e+00
1.409013032913208008e+00
1.272347927093505859e+00
1.207378864288330078e+00
1.310370564460754395e+00
1.183105468750000000e+00
1.260389804840087891e+00
1.271230816841125488e+00
1.315573811531066895e+00
1.273152828216552734e+00
1.220732331275939941e+00
1.220651149749755859e+00
1.221912145614624023e+00
1.298513650894165039e+00
1.334354877471923828e+00
1.269755840301513672e+00
1.393203735351562500e+00
1.274504780769348145e+00
1.255798697471618652e+00
1.235209703445434570e+00
1.413331508636474609e+00
1.353710889816284180e+00
1.238954067230224609e+00
1.227873802185058594e+00
1.353115797042846680e+00
1.268664836883544922e+00
1.393260002136230469e+00
1.269167304039001465e+00
1.280117511749267578e+00
1.222401857376098633e+00
1.140510797500610352e+00
1.399586677551269531e+00
1.308104872703552246e+00
1.196094632148742676e+00
1.259896039962768555e+00
1.370368957519531250e+00
1.321046113967895508e+00
1.386619091033935547e+00
1.271731734275817871e+00
1.191377162933349609e+00
1.423786640167236328e+00
1.149660110473632812e+00
1.186825275421142578e+00
1.322370648384094238e+00
1.260732889175415039e+00
1.378170132637023926e+00
1.192080497741699219e+00
1.228682518005371094e+00
1.216451883316040039e+00
1.322658181190490723e+00
1.328876972198486328e+00
1.169182181358337402e+00
1.277877807617187500e+00
1.331929206848144531e+00
1.133597731590270996e+00
1.174500226974487305e+00
1.392817974090576172e+00
1.324745535850524902e+00
1.301039218902587891e+00
1.121327996253967285e+00
1.407489538192749023e+00
1.363803029060363770e+00
1.292857050895690918e+00
1.266786336898803711e+00
1.209117531776428223e+00
1.252034425735473633e+00
1.481949567794799805e+00
