2.755885124206542969e-01
3.811734616756439209e-01
4.959774911403656006e-01
4.881744980812072754e-01
6.037521362304687500e-01
6.285651326179504395e-01
6.575611233711242676e-01
6.774222254753112793e-01
6.820707321166992188e-01
6.904256939888000488e-01
7.247669100761413574e-01
7.167945504188537598e-01
7.780411839485168457e-01
7.467018961906433105e-01
8.441821932792663574e-01
9.178522229194641113e-01
9.096502661705017090e-01
8.957040905952453613e-01
9.270523190498352051e-01
8.781762123107910156e-01
9.214626550674438477e-01
9.031624197959899902e-01
9.548291563987731934e-01
9.536377191543579102e-01
9.794431924819946289e-01
9.486559033393859863e-01
9.658668637275695801e-01
9.944505095481872559e-01
1.020032525062561035e+00
1.063579916954040527e+00
1.036054015159606934e+00
9.967350959777832031e-01
9.684316515922546387e-01
1.024214863777160645e+00
1.073016285896301270e+00
1.099496364593505859e+00
1.059637904167175293e+00
1.039240717887878418e+00
9.984098672866821289e-01
1.010031938552856445e+00
1.026548266410827637e+00
1.068545579910278320e+00
1.071015477180480957e+00
1.063099503517150879e+00
1.088824391365051270e+00
1.057137846946716309e+00
1.057683706283569336e+00
1.067362427711486816e+00
1.089879274368286133e+00
1.080740809440612793e+00
1.099997520446777344e+00
1.099518418312072754e+00
1.090441107749938965e+00
1.073416352272033691e+00
1.081607460975646973e+00
1.055295228958129883e+00
1.042607545852661133e+00
1.090679407119750977e+00
1.108626246452331543e+00
1.082541108131408691e+00
1.135020852088928223e+00
1.119347453117370605e+00
1.114091038703918457e+00
1.127028465270996094e+00
1.139765024185180664e+00
1.137730240821838379e+00
1.165351271629333496e+00
1.150663733482360840e+00
1.166230440139770508e+00
1.144341468811035156e+00
1.135372757911682129e+00
1.156653642654418945e+00
1.147689104080200195e+00
1.171330451965332031e+00
1.183918595314025879e+00
1.190889358520507812e+00
1.212200999259948730e+00
1.153986215591430664e+00
1.154398798942565918e+00
1.105548739433288574e+00
1.157101511955261230e+00
1.142757296562194824e+00
1.199588656425476074e+00
1.197958946228027344e+00
1.235577940940856934e+00
1.200556039810180664e+00
1.195181250572204590e+00
1.181262969970703125e+00
1.186819434165954590e+00
1.179731726646423340e+00
1.184057474136352539e+00
1.220785498619079590e+00
1.176928877830505371e+00
1.208352446556091309e+00
1.194770336151123047e+00
1.197272658348083496e+00
1.204987287521362305e+00
1.199348807334899902e+00
1.202966213226318359e+00
1.199910759925842285e+00
1.189873576164245605e+00
1.185035228729248047e+00
1.196989297866821289e+00
1.193076610565185547e+00
1.214914202690124512e+00
1.191824555397033691e+00
1.219929575920104980e+00
1.227589249610900879e+00
1.232682585716247559e+00
1.222269058227539062e+00
1.215535521507263184e+00
1.215256571769714355e+00
1.203291654586791992e+00
1.210129261016845703e+00
1.224612116813659668e+00
1.233736395835876465e+00
1.219053268432617188e+00
1.221159815788269043e+00
1.200953841209411621e+00
1.202387452125549316e+00
1.227177262306213379e+00
1.217880129814147949e+00
1.267341613769531250e+00
1.212358832359313965e+00
1.194745421409606934e+00
1.217821478843688965e+00
1.219901084899902344e+00
1.201978564262390137e+00
1.219224333763122559e+00
1.226329445838928223e+00
1.204926371574401855e+00
1.214309692382812500e+00
1.190478324890136719e+00
1.252288818359375000e+00
1.215551972389221191e+00
1.245912551879882812e+00
1.260680079460144043e+00
1.209206581115722656e+00
1.238140583038330078e+00
1.249946951866149902e+00
1.197517871856689453e+00
1.240305304527282715e+00
1.232663393020629883e+00
1.236345887184143066e+00
1.198576211929321289e+00
1.212234735488891602e+00
1.244259715080261230e+00
1.242301225662231445e+00
1.211363077163696289e+00
1.238913893699645996e+00
1.235980391502380371e+00
1.205509901046752930e+00
1.226187825202941895e+00
1.248541712760925293e+00
1.268250107765197754e+00
1.192836642265319824e+00
1.228884577751159668e+00
1.217784166336059570e+00
1.235170125961303711e+00
1.239679574966430664e+00
1.266534805297851562e+00
1.233219027519226074e+00
1.228190898895263672e+00
1.215334773063659668e+00
1.220668673515319824e+00
1.248853206634521484e+00
1.238889336585998535e+00
1.271674990653991699e+00
1.270430922508239746e+00
1.253408312797546387e+00
1.220240235328674316e+00
1.261511683464050293e+00
1.245999932289123535e+00
1.266340136528015137e+00
1.277642250061035156e+00
1.216980338096618652e+00
1.273200392723083496e+00
1.268102288246154785e+00
1.229423284530639648e+00
1.230705976486206055e+00
1.229569196701049805e+00
1.241820216178894043e+00
1.275356054306030273e+00
1.262171745300292969e+00
1.258418440818786621e+00
1.259745001792907715e+00
1.203016161918640137e+00
1.265716195106506348e+00
1.268942475318908691e+00
1.278323173522949219e+00
1.262263178825378418e+00
1.252483129501342773e+00
1.237021684646606445e+00
1.243254065513610840e+00
1.254995346069335938e+00
1.213170170783996582e+00
1.247380256652832031e+00
1.231608748435974121e+00
1.217434763908386230e+00
1.218364834785461426e+00
1.237743020057678223e+00
1.252580285072326660e+00
1.250524044036865234e+00
1.230287432670593262e+00
1.216873168945312500e+00
1.216210365295410156e+00
1.236787557601928711e+00
1.238611221313476562e+00
1.227056860923767090e+00
1.223482370376586914e+00
1.206613779067993164e+00
1.218786954879760742e+00
1.241947412490844727e+00
1.243323564529418945e+00
1.232334733009338379e+00
1.218844652175903320e+00
1.208524584770202637e+00
1.219310998916625977e+00
1.241561293601989746e+00
1.266129016876220703e+00
1.243543386459350586e+00
1.226130366325378418e+00
1.226080536842346191e+00
1.237956881523132324e+00
1.247984528541564941e+00
1.271667122840881348e+00
1.281978964805603027e+00
1.248349428176879883e+00
1.264666557312011719e+00
1.260887145996093750e+00
1.259514212608337402e+00
1.253200888633728027e+00
1.256941676139831543e+00
1.239024400711059570e+00
1.264328956604003906e+00
1.223513484001159668e+00
1.273710131645202637e+00
1.278135299682617188e+00
1.251007318496704102e+00
1.260597109794616699e+00
1.265569686889648438e+00
1.265571594238281250e+00
1.280961275100708008e+00
1.265909075736999512e+00
1.247480154037475586e+00
1.240151643753051758e+00
1.249541282653808594e+00
1.275695323944091797e+00
1.281111836433410645e+00
1.267615795135498047e+00
1.254975318908691406e+00
1.257300257682800293e+00
1.252135634422302246e+00
1.263346910476684570e+00
1.265192389488220215e+00
1.263105034828186035e+00
1.261457800865173340e+00
1.257026076316833496e+00
1.242325425148010254e+00
1.256432414054870605e+00
1.276228070259094238e+00
1.265670657157897949e+00
1.257513999938964844e+00
1.253106355667114258e+00
1.261376619338989258e+00
1.271752119064331055e+00
1.277916312217712402e+00
1.262955546379089355e+00
1.259972572326660156e+00
1.249245285987854004e+00
1.258664131164550781e+00
1.277989745140075684e+00
1.282835841178894043e+00
1.284694433212280273e+00
1.257832407951354980e+00
1.252359271049499512e+00
1.271891236305236816e+00
1.268165469169616699e+00
1.274386525154113770e+00
1.274778008460998535e+00
1.271778583526611328e+00
1.266668677330017090e+00
1.268761873245239258e+00
1.259259581565856934e+00
1.278614282608032227e+00
1.258853912353515625e+00
1.265998721122741699e+00
1.254615783691406250e+00
1.266091108322143555e+00
1.245912909507751465e+00
1.281849861145019531e+00
1.254439234733581543e+00
1.280797839164733887e+00
1.253622293472290039e+00
1.234517335891723633e+00
1.259067416191101074e+00
1.249837398529052734e+00
1.241180300712585449e+00
1.254546165466308594e+00
1.273270487785339355e+00
1.275839686393737793e+00
1.251876473426818848e+00
1.248911142349243164e+00
1.243330001831054688e+00
1.245318293571472168e+00
1.244952082633972168e+00
1.309731721878051758e+00
1.261946201324462891e+00
1.262054204940795898e+00
1.258913397789001465e+00
1.253274917602539062e+00
1.266569375991821289e+00
1.268529772758483887e+00
1.254933118820190430e+00
1.266406774520874023e+00
1.268176436424255371e+00
1.258538842201232910e+00
1.256283760070800781e+00
1.256860017776489258e+00
1.271835923194885254e+00
1.257637023925781250e+00
1.257238149642944336e+00
1.280672430992126465e+00
1.266933798789978027e+00
1.264984130859375000e+00
1.246089220046997070e+00
1.253544688224792480e+00
1.251475930213928223e+00
1.265966057777404785e+00
1.270929336547851562e+00
1.273778915405273438e+00
1.258351922035217285e+00
1.238313794136047363e+00
1.264101624488830566e+00
1.271614909172058105e+00
1.267223238945007324e+00
1.262579202651977539e+00
1.260034441947937012e+00
1.257255673408508301e+00
1.250676989555358887e+00
1.267146706581115723e+00
1.268795013427734375e+00
1.264622092247009277e+00
1.262962460517883301e+00
1.261398911476135254e+00
1.235755801200866699e+00
1.241236090660095215e+00
1.260899782180786133e+00
1.270659327507019043e+00
1.261980652809143066e+00
1.262613892555236816e+00
1.264792323112487793e+00
1.248634696006774902e+00
1.244530081748962402e+00
1.252964258193969727e+00
1.259622812271118164e+00
1.264502763748168945e+00
1.258012890815734863e+00
1.253159523010253906e+00
1.243399381637573242e+00
1.256009578704833984e+00
1.249662756919860840e+00
1.248209595680236816e+00
1.253718256950378418e+00
1.260618090629577637e+00
1.239579796791076660e+00
1.250000834465026855e+00
1.252385258674621582e+00
1.267740368843078613e+00
1.278358817100524902e+00
1.263071894645690918e+00
1.254943728446960449e+00
1.250643134117126465e+00
1.248292922973632812e+00
1.251238226890563965e+00
1.259544372558593750e+00
1.267413616180419922e+00
1.259938597679138184e+00
1.249270081520080566e+00
1.249799132347106934e+00
1.241753220558166504e+00
1.251652121543884277e+00
1.256133079528808594e+00
1.253560900688171387e+00
1.250965476036071777e+00
1.249767899513244629e+00
1.251537561416625977e+00
1.247414231300354004e+00
1.246071457862854004e+00
1.240204334259033203e+00
1.247136950492858887e+00
1.250878214836120605e+00
1.241613745689392090e+00
1.247985601425170898e+00
1.257827043533325195e+00
1.237217783927917480e+00
1.235412120819091797e+00
1.236204504966735840e+00
1.233581423759460449e+00
1.245360732078552246e+00
1.244568109512329102e+00
1.232616543769836426e+00
1.235387086868286133e+00
1.235269427299499512e+00
1.243439793586730957e+00
1.234833359718322754e+00
1.240113496780395508e+00
1.232540726661682129e+00
1.221258401870727539e+00
1.216240286827087402e+00
1.229315876960754395e+00
1.212725520133972168e+00
1.234586834907531738e+00
1.229190468788146973e+00
1.213639974594116211e+00
1.230053305625915527e+00
1.218252420425415039e+00
1.220328927040100098e+00
1.222914695739746094e+00
1.214456558227539062e+00
1.218016028404235840e+00
1.233134508132934570e+00
1.225635290145874023e+00
1.216620922088623047e+00
1.217458367347717285e+00
1.208327174186706543e+00
1.201450347900390625e+00
1.236727237701416016e+00
1.237282037734985352e+00
1.241299867630004883e+00
1.226825714111328125e+00
1.212666869163513184e+00
1.197479486465454102e+00
1.213044047355651855e+00
1.234679579734802246e+00
1.220670580863952637e+00
1.216057658195495605e+00
1.216876626014709473e+00
1.200457453727722168e+00
1.221141457557678223e+00
1.224987268447875977e+00
1.227623939514160156e+00
1.239648818969726562e+00
1.228817343711853027e+00
1.220023512840270996e+00
1.208657979965209961e+00
1.238773703575134277e+00
1.221476435661315918e+00
1.226150512695312500e+00
1.217896699905395508e+00
1.230693697929382324e+00
1.211461663246154785e+00
1.207455515861511230e+00
1.226338744163513184e+00
1.229043006896972656e+00
1.220354318618774414e+00
1.226295351982116699e+00
1.226636409759521484e+00
1.235655665397644043e+00
1.218094944953918457e+00
1.216422319412231445e+00
1.210137963294982910e+00
1.227056384086608887e+00
1.218426942825317383e+00
1.237844586372375488e+00
1.243906736373901367e+00
1.220664739608764648e+00
1.229507803916931152e+00
1.222541809082031250e+00
1.210273981094360352e+00
1.217379927635192871e+00
1.219615101814270020e+00
1.228995800018310547e+00
1.217852473258972168e+00
1.231935501098632812e+00
1.226160287857055664e+00
1.217086791992187500e+00
1.214506149291992188e+00
1.210860490798950195e+00
1.231521964073181152e+00
1.231904625892639160e+00
1.225393891334533691e+00
1.219901919364929199e+00
1.200659632682800293e+00
1.214696526527404785e+00
1.225896835327148438e+00
1.221978783607482910e+00
1.221822500228881836e+00
1.218706250190734863e+00
1.215940356254577637e+00
1.216535925865173340e+00
1.210976719856262207e+00
1.214006662368774414e+00
1.214093208312988281e+00
1.210653662681579590e+00
1.209433674812316895e+00
1.200636506080627441e+00
1.194971084594726562e+00
1.199879407882690430e+00
1.211482167243957520e+00
1.203005075454711914e+00
1.197689890861511230e+00
1.201214671134948730e+00
1.211595177650451660e+00
1.207914948463439941e+00
1.203940391540527344e+00
1.182045340538024902e+00
1.192544698715209961e+00
1.195967674255371094e+00
1.202443480491638184e+00
1.208908557891845703e+00
1.203446030616760254e+00
1.175048708915710449e+00
1.193494677543640137e+00
1.188667893409729004e+00
1.198434829711914062e+00
1.216617941856384277e+00
1.204048275947570801e+00
1.189309120178222656e+00
1.189885377883911133e+00
1.181313991546630859e+00
1.186056375503540039e+00
1.186676859855651855e+00
1.208391189575195312e+00
1.208491444587707520e+00
1.208443045616149902e+00
1.183876276016235352e+00
1.179635286331176758e+00
1.196890830993652344e+00
1.188750267028808594e+00
1.203749537467956543e+00
1.218518614768981934e+00
1.211186647415161133e+00
1.202836990356445312e+00
1.210732221603393555e+00
1.202631831169128418e+00
1.199885249137878418e+00
1.199900984764099121e+00
1.197429776191711426e+00
1.206469893455505371e+00
1.215014934539794922e+00
1.212077260017395020e+00
1.201115727424621582e+00
1.193132519721984863e+00
1.193612694740295410e+00
1.203015685081481934e+00
1.211419463157653809e+00
1.203068017959594727e+00
1.202768325805664062e+00
1.180656313896179199e+00
1.197888731956481934e+00
1.193876624107360840e+00
1.205221891403198242e+00
1.197218894958496094e+00
1.202188372611999512e+00
1.195975542068481445e+00
1.196605205535888672e+00
1.202554106712341309e+00
1.208725214004516602e+00
1.191448211669921875e+00
1.187268853187561035e+00
1.186309695243835449e+00
1.193516373634338379e+00
1.195061683654785156e+00
1.191086173057556152e+00
1.179685235023498535e+00
1.167604684829711914e+00
1.172991156578063965e+00
1.178084969520568848e+00
1.184868693351745605e+00
1.184888243675231934e+00
1.179492473602294922e+00
1.168611764907836914e+00
1.168708086013793945e+00
1.175390243530273438e+00
1.177575945854187012e+00
1.172666907310485840e+00
1.174926042556762695e+00
1.166842699050903320e+00
1.164050459861755371e+00
1.142635107040405273e+00
1.182098507881164551e+00
1.181054949760437012e+00
1.176101922988891602e+00
1.167101263999938965e+00
1.162665605545043945e+00
1.161020278930664062e+00
1.176265358924865723e+00
1.166493296623229980e+00
1.172987103462219238e+00
1.179436564445495605e+00
1.165642261505126953e+00
1.159854292869567871e+00
1.163582086563110352e+00
1.166105628013610840e+00
1.173205614089965820e+00
1.166586160659790039e+00
1.167062282562255859e+00
1.170206427574157715e+00
1.163679480552673340e+00
1.165623903274536133e+00
1.159732699394226074e+00
1.153464198112487793e+00
1.163982152938842773e+00
1.153124213218688965e+00
1.161314487457275391e+00
1.152515769004821777e+00
1.150324821472167969e+00
1.163926005363464355e+00
1.159826874732971191e+00
1.150522232055664062e+00
1.164398074150085449e+00
1.156317114830017090e+00
1.157582640647888184e+00
1.146697640419006348e+00
1.149981260299682617e+00
1.137939691543579102e+00
1.159812211990356445e+00
1.167740106582641602e+00
1.154317855834960938e+00
1.136771559715270996e+00
1.135307431221008301e+00
1.134551644325256348e+00
1.137378096580505371e+00
1.147106409072875977e+00
1.144342780113220215e+00
1.161104083061218262e+00
1.152637839317321777e+00
1.120722055435180664e+00
1.120615363121032715e+00
1.124126076698303223e+00
1.148237109184265137e+00
1.149559259414672852e+00
1.145907759666442871e+00
1.135681748390197754e+00
1.142541289329528809e+00
1.141301155090332031e+00
1.157902121543884277e+00
1.149918556213378906e+00
1.137975692749023438e+00
1.152196884155273438e+00
1.139111161231994629e+00
1.142974138259887695e+00
1.144927978515625000e+00
1.154114961624145508e+00
1.168645381927490234e+00
1.136397123336791992e+00
1.151366829872131348e+00
1.144686818122863770e+00
1.135362863540649414e+00
1.133494257926940918e+00
1.134724855422973633e+00
1.137706160545349121e+00
1.148420572280883789e+00
1.146672129631042480e+00
1.128887534141540527e+00
1.133800864219665527e+00
1.124043703079223633e+00
1.142749190330505371e+00
1.144098281860351562e+00
1.145334720611572266e+00
1.138021349906921387e+00
1.148910522460937500e+00
1.123423814773559570e+00
1.140874385833740234e+00
1.146153211593627930e+00
1.138448596000671387e+00
1.135342240333557129e+00
1.136393904685974121e+00
1.132649898529052734e+00
1.142595887184143066e+00
1.128434062004089355e+00
1.120423913002014160e+00
1.140651345252990723e+00
1.138872385025024414e+00
1.138105154037475586e+00
1.143226265907287598e+00
1.122040152549743652e+00
1.130239367485046387e+00
1.126204490661621094e+00
1.135883688926696777e+00
1.138777732849121094e+00
1.140804529190063477e+00
1.144830465316772461e+00
1.133684992790222168e+00
1.113781809806823730e+00
1.112760543823242188e+00
1.125163435935974121e+00
1.129012584686279297e+00
1.123962163925170898e+00
1.110425829887390137e+00
1.133597254753112793e+00
1.147279381752014160e+00
1.132577300071716309e+00
1.131816148757934570e+00
1.117166399955749512e+00
1.097118377685546875e+00
1.154271483421325684e+00
1.138611674308776855e+00
1.124915480613708496e+00
1.106723070144653320e+00
1.090369820594787598e+00
1.096935868263244629e+00
1.120444178581237793e+00
1.123604178428649902e+00
1.154988646507263184e+00
1.146797776222229004e+00
1.112946867942810059e+00
1.130339503288269043e+00
1.168797254562377930e+00
1.142777800559997559e+00
1.170248389244079590e+00
1.126650214195251465e+00
1.117508172988891602e+00
1.118332028388977051e+00
1.134111404418945312e+00
1.138092875480651855e+00
1.120283484458923340e+00
1.155419349670410156e+00
1.105343580245971680e+00
1.130846619606018066e+00
1.144197821617126465e+00
1.155222773551940918e+00
1.131094217300415039e+00
1.150148749351501465e+00
1.128613948822021484e+00
1.152309298515319824e+00
1.137165665626525879e+00
1.157949805259704590e+00
1.162797331809997559e+00
1.172444343566894531e+00
1.155922293663024902e+00
1.113080024719238281e+00
1.139402627944946289e+00
1.116544008255004883e+00
1.130833029747009277e+00
1.121017336845397949e+00
1.108641982078552246e+00
1.151085495948791504e+00
1.156520247459411621e+00
1.118706345558166504e+00
1.138557910919189453e+00
1.135073304176330566e+00
1.142715334892272949e+00
1.115391254425048828e+00
1.138627052307128906e+00
1.120598196983337402e+00
1.133273363113403320e+00
1.119782447814941406e+00
1.128474593162536621e+00
1.097309350967407227e+00
1.131315827369689941e+00
1.117651820182800293e+00
1.140904426574707031e+00
1.116876125335693359e+00
1.070890307426452637e+00
1.103397250175476074e+00
1.102017998695373535e+00
1.109242081642150879e+00
1.112415671348571777e+00
1.130905866622924805e+00
1.115740299224853516e+00
1.118439316749572754e+00
1.091538429260253906e+00
1.128209233283996582e+00
1.119928836822509766e+00
1.114025473594665527e+00
1.093009114265441895e+00
1.092197537422180176e+00
1.095637559890747070e+00
1.117289423942565918e+00
1.113214492797851562e+00
1.147587656974792480e+00
1.118922829627990723e+00
1.140792727470397949e+00
1.094575881958007812e+00
1.112474083900451660e+00
1.117063403129577637e+00
1.102530121803283691e+00
1.134327054023742676e+00
1.114936947822570801e+00
1.126500606536865234e+00
1.103963375091552734e+00
1.101060748100280762e+00
1.111343383789062500e+00
1.099291563034057617e+00
1.121037244796752930e+00
1.117586731910705566e+00
1.103274583816528320e+00
1.096101641654968262e+00
1.102906942367553711e+00
1.114012956619262695e+00
1.104851722717285156e+00
1.108446359634399414e+00
1.100307464599609375e+00
1.138435244560241699e+00
1.106188058853149414e+00
1.114982962608337402e+00
1.083436369895935059e+00
1.113690972328186035e+00
1.109961271286010742e+00
1.104782581329345703e+00
1.089657068252563477e+00
1.125306129455566406e+00
1.093799233436584473e+00
1.082909107208251953e+00
1.079483270645141602e+00
1.119001388549804688e+00
1.119788408279418945e+00
1.077278971672058105e+00
1.081570625305175781e+00
1.095817446708679199e+00
1.116330146789550781e+00
1.111843824386596680e+00
1.080431222915649414e+00
1.091011881828308105e+00
1.074859380722045898e+00
1.079219698905944824e+00
1.048919558525085449e+00
1.070423364639282227e+00
1.076278090476989746e+00
1.090910792350769043e+00
1.085021018981933594e+00
1.075121164321899414e+00
1.075451135635375977e+00
1.059581398963928223e+00
1.096204757690429688e+00
1.084567666053771973e+00
1.094192743301391602e+00
1.061596870422363281e+00
1.067705988883972168e+00
1.033040761947631836e+00
1.054826259613037109e+00
1.107023477554321289e+00
1.079783439636230469e+00
1.088341236114501953e+00
1.071182966232299805e+00
1.064972758293151855e+00
1.070685744285583496e+00
1.073826193809509277e+00
1.082024097442626953e+00
1.076235651969909668e+00
1.087218523025512695e+00
1.080163359642028809e+00
9.290639758110046387e-01
1.061447739601135254e+00
1.051718711853027344e+00
1.066821455955505371e+00
1.077751874923706055e+00
1.082035064697265625e+00
1.075126647949218750e+00
1.065986871719360352e+00
1.039467096328735352e+00
1.070915937423706055e+00
1.059987902641296387e+00
1.064118027687072754e+00
1.060894608497619629e+00
1.059152364730834961e+00
1.056978106498718262e+00
1.048452973365783691e+00
1.046102643013000488e+00
1.056278586387634277e+00
1.054550170898437500e+00
1.068790912628173828e+00
1.049185156822204590e+00
1.046480059623718262e+00
1.043334245681762695e+00
1.045833349227905273e+00
1.030886292457580566e+00
1.049915194511413574e+00
1.059839725494384766e+00
1.043083429336547852e+00
1.050269961357116699e+00
1.049195170402526855e+00
1.036628961563110352e+00
1.039986371994018555e+00
1.040185809135437012e+00
1.032398223876953125e+00
1.049008727073669434e+00
1.044361948966979980e+00
1.048737406730651855e+00
1.021128535270690918e+00
1.055607676506042480e+00
1.030367374420166016e+00
1.049329638481140137e+00
1.045093894004821777e+00
1.030419468879699707e+00
1.035252809524536133e+00
1.047111272811889648e+00
1.039220690727233887e+00
1.027091741561889648e+00
1.037343025207519531e+00
1.046998858451843262e+00
1.015663385391235352e+00
1.033774614334106445e+00
1.048631429672241211e+00
1.028187751770019531e+00
1.034765005111694336e+00
1.038473844528198242e+00
1.042543292045593262e+00
1.044878959655761719e+00
1.036190271377563477e+00
1.055974245071411133e+00
1.056837916374206543e+00
1.037568330764770508e+00
1.050029158592224121e+00
1.057526946067810059e+00
1.036294579505920410e+00
1.034439444541931152e+00
1.051356434822082520e+00
1.057162046432495117e+00
1.053918242454528809e+00
1.048105239868164062e+00
1.054981827735900879e+00
1.040721535682678223e+00
1.040934801101684570e+00
1.056641936302185059e+00
1.050375223159790039e+00
1.037148952484130859e+00
1.052877664566040039e+00
1.035391926765441895e+00
1.020552992820739746e+00
1.032694816589355469e+00
1.047835230827331543e+00
1.042433857917785645e+00
1.048948884010314941e+00
1.034260153770446777e+00
1.025392770767211914e+00
1.046858072280883789e+00
1.048620343208312988e+00
1.050648093223571777e+00
1.045457959175109863e+00
1.034569621086120605e+00
1.020287275314331055e+00
1.025981903076171875e+00
1.047163724899291992e+00
1.050556302070617676e+00
1.013374447822570801e+00
1.044078230857849121e+00
1.043650388717651367e+00
1.031434297561645508e+00
1.038860082626342773e+00
1.030331850051879883e+00
1.058644771575927734e+00
1.045918703079223633e+00
1.037476420402526855e+00
1.027184367179870605e+00
1.002813935279846191e+00
1.009603619575500488e+00
1.047681450843811035e+00
1.047538161277770996e+00
1.037929534912109375e+00
1.028710722923278809e+00
1.024346113204956055e+00
1.037208080291748047e+00
1.059545397758483887e+00
1.058081626892089844e+00
1.063157916069030762e+00
1.050678014755249023e+00
1.048539996147155762e+00
1.042984962463378906e+00
1.058480978012084961e+00
1.064144015312194824e+00
1.052059054374694824e+00
1.060558438301086426e+00
1.057139754295349121e+00
1.055854201316833496e+00
1.052722573280334473e+00
1.048022508621215820e+00
1.057888627052307129e+00
1.056249022483825684e+00
1.056557059288024902e+00
1.060366511344909668e+00
1.066442728042602539e+00
1.066224336624145508e+00
1.057820200920104980e+00
1.061923623085021973e+00
1.061693191528320312e+00
1.071355223655700684e+00
1.068434596061706543e+00
1.058286666870117188e+00
1.057144165039062500e+00
1.040231227874755859e+00
1.050579428672790527e+00
1.059119701385498047e+00
1.048742413520812988e+00
1.057403206825256348e+00
1.048456668853759766e+00
1.053774356842041016e+00
1.063205718994140625e+00
1.059383630752563477e+00
1.054515361785888672e+00
1.059933304786682129e+00
1.056190371513366699e+00
1.046796083450317383e+00
1.048683047294616699e+00
1.054989218711853027e+00
1.060640692710876465e+00
1.060997724533081055e+00
1.049601435661315918e+00
1.047473907470703125e+00
1.055103182792663574e+00
1.061020970344543457e+00
1.051365137100219727e+00
1.056577920913696289e+00
1.057413578033447266e+00
1.054438710212707520e+00
1.056742548942565918e+00
1.058138966560363770e+00
1.052086234092712402e+00
1.037705183029174805e+00
1.060989260673522949e+00
1.059234499931335449e+00
1.067471027374267578e+00
1.071563839912414551e+00
1.044437289237976074e+00
1.046731472015380859e+00
1.030821442604064941e+00
1.075226187705993652e+00
1.062331080436706543e+00
1.058741569519042969e+00
1.046068429946899414e+00
1.049273371696472168e+00
1.037287235260009766e+00
1.041722059249877930e+00
1.043460369110107422e+00
1.061340212821960449e+00
1.054398179054260254e+00
1.050801753997802734e+00
1.069962620735168457e+00
1.054018020629882812e+00
1.032516717910766602e+00
1.051162123680114746e+00
1.045519232749938965e+00
1.054336309432983398e+00
1.033032774925231934e+00
1.043360710144042969e+00
1.041531562805175781e+00
1.040088534355163574e+00
1.049601197242736816e+00
1.047776579856872559e+00
1.037218451499938965e+00
1.022213101387023926e+00
1.046867251396179199e+00
1.050007700920104980e+00
1.029736876487731934e+00
1.052949309349060059e+00
1.058044314384460449e+00
1.045826911926269531e+00
1.039784312248229980e+00
1.077458620071411133e+00
1.044301986694335938e+00
1.081145286560058594e+00
1.069954752922058105e+00
1.049145102500915527e+00
1.063881516456604004e+00
1.076423525810241699e+00
1.037969946861267090e+00
1.035443186759948730e+00
1.059252023696899414e+00
1.064158678054809570e+00
1.094456076622009277e+00
1.055667877197265625e+00
1.045955538749694824e+00
1.052348494529724121e+00
1.029922127723693848e+00
1.052999377250671387e+00
1.076974153518676758e+00
1.069342613220214844e+00
1.080862879753112793e+00
1.064294695854187012e+00
1.069651603698730469e+00
1.093909859657287598e+00
1.099357485771179199e+00
1.104890108108520508e+00
1.143091797828674316e+00
1.141396880149841309e+00
1.145934939384460449e+00
1.080931782722473145e+00
1.059005022048950195e+00
1.044484972953796387e+00
1.082882761955261230e+00
1.084011912345886230e+00
1.066816210746765137e+00
1.073539137840270996e+00
1.068800330162048340e+00
1.053664207458496094e+00
1.063964366912841797e+00
1.078190803527832031e+00
1.092560768127441406e+00
1.075081229209899902e+00
1.066855669021606445e+00
1.061114907264709473e+00
1.074071884155273438e+00
1.055698037147521973e+00
1.056494474411010742e+00
1.062136530876159668e+00
1.062558770179748535e+00
1.080991744995117188e+00
1.072231173515319824e+00
1.054590582847595215e+00
1.058536410331726074e+00
1.065782546997070312e+00
1.046505808830261230e+00
1.050726771354675293e+00
1.069774985313415527e+00
1.060456633567810059e+00
1.056161284446716309e+00
1.086376786231994629e+00
1.050207495689392090e+00
1.057683229446411133e+00
1.066020965576171875e+00
1.065873146057128906e+00
1.066782832145690918e+00
1.067556738853454590e+00
1.049637556076049805e+00
1.052734613418579102e+00
1.069189906120300293e+00
1.105276107788085938e+00
1.076507329940795898e+00
1.067077636718750000e+00
1.071337699890136719e+00
1.057972192764282227e+00
1.033445000648498535e+00
1.079158782958984375e+00
1.060701370239257812e+00
1.053434252738952637e+00
1.067581415176391602e+00
1.068544387817382812e+00
1.064039230346679688e+00
1.046188116073608398e+00
1.046440362930297852e+00
1.056061148643493652e+00
1.062909364700317383e+00
1.076982855796813965e+00
1.039978384971618652e+00
1.049288630485534668e+00
1.031202197074890137e+00
1.085436582565307617e+00
1.043285727500915527e+00
1.085218787193298340e+00
1.077985405921936035e+00
1.059731125831604004e+00
1.079137802124023438e+00
1.050015449523925781e+00
1.053474664688110352e+00
1.061468362808227539e+00
1.054546713829040527e+00
1.054292917251586914e+00
1.095970511436462402e+00
1.079623579978942871e+00
1.097723364830017090e+00
1.042130827903747559e+00
1.058158874511718750e+00
1.105207800865173340e+00
1.044926881790161133e+00
1.067553162574768066e+00
1.036234855651855469e+00
1.044815063476562500e+00
1.025801062583923340e+00
1.079596757888793945e+00
1.055949449539184570e+00
1.051686525344848633e+00
1.034454941749572754e+00
1.042124867439270020e+00
1.033955097198486328e+00
1.048000574111938477e+00
1.063702940940856934e+00
1.033473014831542969e+00
1.021708488464355469e+00
1.063625097274780273e+00
1.033393979072570801e+00
1.031986236572265625e+00
1.059440970420837402e+00
1.025292873382568359e+00
1.020020365715026855e+00
1.058715820312500000e+00
1.027006149291992188e+00
1.018777728080749512e+00
1.046825408935546875e+00
1.031470894813537598e+00
1.052133440971374512e+00
1.026246428489685059e+00
1.030658721923828125e+00
1.047725677490234375e+00
1.050992369651794434e+00
1.038659572601318359e+00
1.051890254020690918e+00
1.038902997970581055e+00
1.052010297775268555e+00
1.088461279869079590e+00
1.011962294578552246e+00
1.033452272415161133e+00
1.070447921752929688e+00
1.123952746391296387e+00
1.062541007995605469e+00
1.099401712417602539e+00
9.926009178161621094e-01
1.034460425376892090e+00
1.037567138671875000e+00
1.030015230178833008e+00
1.084246277809143066e+00
1.038997054100036621e+00
1.034751176834106445e+00
1.055461287498474121e+00
1.036743044853210449e+00
1.015521287918090820e+00
1.043489813804626465e+00
1.055571556091308594e+00
1.038792252540588379e+00
1.040598750114440918e+00
1.024149060249328613e+00
1.019088745117187500e+00
1.041016936302185059e+00
1.029719352722167969e+00
1.044353723526000977e+00
1.068752408027648926e+00
1.071076989173889160e+00
1.059968352317810059e+00
1.072669386863708496e+00
1.071291327476501465e+00
1.031508088111877441e+00
1.026571512222290039e+00
1.016945242881774902e+00
1.042530059814453125e+00
1.011996626853942871e+00
1.012424111366271973e+00
1.025745153427124023e+00
9.990741610527038574e-01
1.026395201683044434e+00
1.037915468215942383e+00
1.032516241073608398e+00
1.034661650657653809e+00
1.036005854606628418e+00
1.009036898612976074e+00
1.001850724220275879e+00
1.066840529441833496e+00
1.023325800895690918e+00
1.024052977561950684e+00
1.029735922813415527e+00
1.021861672401428223e+00
1.024332761764526367e+00
1.013877034187316895e+00
9.984303712844848633e-01
1.001290321350097656e+00
1.036504983901977539e+00
1.052421092987060547e+00
1.089682817459106445e+00
1.078303694725036621e+00
1.023544907569885254e+00
1.060663580894470215e+00
1.063053369522094727e+00
1.080298781394958496e+00
1.052787661552429199e+00
1.019312739372253418e+00
1.117657303810119629e+00
1.045957922935485840e+00
1.021416902542114258e+00
1.002743721008300781e+00
1.015351891517639160e+00
9.945688247680664062e-01
1.017800092697143555e+00
1.010415911674499512e+00
1.007254242897033691e+00
1.006267905235290527e+00
1.016766786575317383e+00
9.951333999633789062e-01
9.827085733413696289e-01
9.928936362266540527e-01
9.949304461479187012e-01
9.919592738151550293e-01
9.771081805229187012e-01
9.705961346626281738e-01
9.932257533073425293e-01
9.769935607910156250e-01
9.641847610473632812e-01
9.900989532470703125e-01
9.859363436698913574e-01
1.001411795616149902e+00
1.011118412017822266e+00
9.888237118721008301e-01
9.974858164787292480e-01
9.913842082023620605e-01
9.712686538696289062e-01
9.881887435913085938e-01
9.911804199218750000e-01
1.001135945320129395e+00
1.005819201469421387e+00
9.855108261108398438e-01
9.602827429771423340e-01
9.634670615196228027e-01
9.711529016494750977e-01
1.003169298171997070e+00
1.017996311187744141e+00
1.008523821830749512e+00
1.020065665245056152e+00
9.941259622573852539e-01
9.925462007522583008e-01
9.925355911254882812e-01
1.001131415367126465e+00
9.926102757453918457e-01
9.925815463066101074e-01
1.052352309226989746e+00
1.021972656250000000e+00
1.022488236427307129e+00
9.842280745506286621e-01
9.927081465721130371e-01
9.845871329307556152e-01
1.012495040893554688e+00
9.996393322944641113e-01
9.874950647354125977e-01
9.857144355773925781e-01
1.051213264465332031e+00
1.058560967445373535e+00
9.800594449043273926e-01
9.983746409416198730e-01
1.006055116653442383e+00
1.002706885337829590e+00
1.018060326576232910e+00
1.042163729667663574e+00
1.008764386177062988e+00
1.004575610160827637e+00
1.077918291091918945e+00
1.039630055427551270e+00
1.058661818504333496e+00
9.931976199150085449e-01
1.005725860595703125e+00
1.034370064735412598e+00
1.007487058639526367e+00
1.007281661033630371e+00
1.002593398094177246e+00
1.003669857978820801e+00
1.019019126892089844e+00
1.006973385810852051e+00
1.002658247947692871e+00
1.009742617607116699e+00
1.036830067634582520e+00
9.934200644493103027e-01
1.019820570945739746e+00
1.006041526794433594e+00
9.943615794181823730e-01
9.877516627311706543e-01
1.040369272232055664e+00
1.033682584762573242e+00
9.937664866447448730e-01
9.983871579170227051e-01
1.034312605857849121e+00
1.019632697105407715e+00
1.014172196388244629e+00
1.030616641044616699e+00
1.024474263191223145e+00
1.060461640357971191e+00
9.930144548416137695e-01
1.016516208648681641e+00
1.051870584487915039e+00
1.031578421592712402e+00
1.048714041709899902e+00
1.044765353202819824e+00
1.055846095085144043e+00
1.010514259338378906e+00
1.094756007194519043e+00
9.970933794975280762e-01
1.011354207992553711e+00
1.127643227577209473e+00
1.033734798431396484e+00
1.000652551651000977e+00
1.120269417762756348e+00
9.963055849075317383e-01
1.014786601066589355e+00
1.012989759445190430e+00
9.933910369873046875e-01
1.009981751441955566e+00
1.014084100723266602e+00
1.004063725471496582e+00
1.008644700050354004e+00
9.997796416282653809e-01
1.019496202468872070e+00
9.849100112915039062e-01
1.094355463981628418e+00
1.033909797668457031e+00
9.981884360313415527e-01
1.101014018058776855e+00
9.805628061294555664e-01
9.903023838996887207e-01
9.724159240722656250e-01
1.011651873588562012e+00
9.666137695312500000e-01
1.047529935836791992e+00
1.069043040275573730e+00
1.031014919281005859e+00
9.803299307823181152e-01
9.630155563354492188e-01
1.052041411399841309e+00
9.806768298149108887e-01
9.728670120239257812e-01
9.818970561027526855e-01
9.937118887901306152e-01
9.701304435729980469e-01
9.647008776664733887e-01
9.612855911254882812e-01
9.772230386734008789e-01
9.623376727104187012e-01
9.643163084983825684e-01
1.008152008056640625e+00
9.776057600975036621e-01
9.654645919799804688e-01
9.973304867744445801e-01
9.805807471275329590e-01
9.632869958877563477e-01
9.681847691535949707e-01
9.654878973960876465e-01
9.669259190559387207e-01
1.003674149513244629e+00
9.660604596138000488e-01
9.814779162406921387e-01
9.557736515998840332e-01
9.889177680015563965e-01
9.719579815864562988e-01
9.958122372627258301e-01
1.004997253417968750e+00
9.971399307250976562e-01
9.926209449768066406e-01
9.762670397758483887e-01
9.755539894104003906e-01
9.668844342231750488e-01
9.758732914924621582e-01
9.730880856513977051e-01
9.504241347312927246e-01
9.679279327392578125e-01
9.984802603721618652e-01
1.023188114166259766e+00
9.867839813232421875e-01
9.851003885269165039e-01
9.540054202079772949e-01
9.652351737022399902e-01
9.876703619956970215e-01
1.044653058052062988e+00
9.488742947578430176e-01
9.578495025634765625e-01
9.429098367691040039e-01
9.620332717895507812e-01
9.470154047012329102e-01
9.858231544494628906e-01
9.885606765747070312e-01
9.867311716079711914e-01
9.434962272644042969e-01
9.472799301147460938e-01
9.904183745384216309e-01
9.422573447227478027e-01
9.666864275932312012e-01
9.614806175231933594e-01
9.518348574638366699e-01
9.508657455444335938e-01
1.010156512260437012e+00
9.367483258247375488e-01
9.475984573364257812e-01
9.943956732749938965e-01
9.928256273269653320e-01
1.001589775085449219e+00
9.919233322143554688e-01
9.356557130813598633e-01
9.410243034362792969e-01
9.324364066123962402e-01
9.311154484748840332e-01
9.876329302787780762e-01
9.468578696250915527e-01
9.474524855613708496e-01
1.016433000564575195e+00
9.236624836921691895e-01
1.074298024177551270e+00
1.029280662536621094e+00
9.388800859451293945e-01
9.540941119194030762e-01
9.707939028739929199e-01
1.044652581214904785e+00
9.733690619468688965e-01
9.381549954414367676e-01
9.319350123405456543e-01
1.004852533340454102e+00
1.010917067527770996e+00
9.475650787353515625e-01
9.235512018203735352e-01
9.149087071418762207e-01
9.919730424880981445e-01
9.349857568740844727e-01
9.192669987678527832e-01
9.351889491081237793e-01
9.368158578872680664e-01
9.138719439506530762e-01
9.142860770225524902e-01
9.481773376464843750e-01
9.184513092041015625e-01
9.339200258255004883e-01
9.284862875938415527e-01
9.303271174430847168e-01
9.652317166328430176e-01
9.160014986991882324e-01
9.332056045532226562e-01
9.590708017349243164e-01
9.298977255821228027e-01
9.368395209312438965e-01
9.150728583335876465e-01
9.280753135681152344e-01
9.173621535301208496e-01
9.633551836013793945e-01
9.849338531494140625e-01
1.051782011985778809e+00
9.331037402153015137e-01
9.117038846015930176e-01
9.198982119560241699e-01
9.122749567031860352e-01
9.245988726615905762e-01
9.139551520347595215e-01
9.113562703132629395e-01
1.082842826843261719e+00
8.904474377632141113e-01
8.987933993339538574e-01
9.058767557144165039e-01
9.184762835502624512e-01
9.383193850517272949e-01
8.936209082603454590e-01
9.567362666130065918e-01
9.065146446228027344e-01
8.966070413589477539e-01
9.137750864028930664e-01
9.136053323745727539e-01
1.031440615653991699e+00
8.986796736717224121e-01
9.748873710632324219e-01
9.000949859619140625e-01
9.007957577705383301e-01
9.595173001289367676e-01
9.583079218864440918e-01
1.128360629081726074e+00
9.855479598045349121e-01
1.082818388938903809e+00
9.296513795852661133e-01
9.078707098960876465e-01
9.051308035850524902e-01
9.007346034049987793e-01
9.063321948051452637e-01
9.017850756645202637e-01
9.008857607841491699e-01
8.896030783653259277e-01
8.965427279472351074e-01
8.837406039237976074e-01
8.837055563926696777e-01
8.930467963218688965e-01
8.957887887954711914e-01
8.950182199478149414e-01
8.951324820518493652e-01
8.905946016311645508e-01
8.868741989135742188e-01
8.922652602195739746e-01
8.916341662406921387e-01
8.980030417442321777e-01
9.005045294761657715e-01
9.114428758621215820e-01
9.073371887207031250e-01
8.909222483634948730e-01
8.793256878852844238e-01
8.847379684448242188e-01
8.746169209480285645e-01
8.943516016006469727e-01
8.939533233642578125e-01
8.971816897392272949e-01
9.012246131896972656e-01
8.952376246452331543e-01
8.973482251167297363e-01
8.911024332046508789e-01
8.914701342582702637e-01
8.924865722656250000e-01
8.938347697257995605e-01
8.878680467605590820e-01
8.906671404838562012e-01
9.030281305313110352e-01
8.932012915611267090e-01
9.035161137580871582e-01
9.003421068191528320e-01
9.187863469123840332e-01
8.891639113426208496e-01
8.973016142845153809e-01
8.899736404418945312e-01
9.046358466148376465e-01
9.008510708808898926e-01
9.063203930854797363e-01
9.017163515090942383e-01
8.958615660667419434e-01
8.947405219078063965e-01
8.980988860130310059e-01
9.081279635429382324e-01
9.195451736450195312e-01
9.099769592285156250e-01
9.217737317085266113e-01
9.224056601524353027e-01
9.029209017753601074e-01
8.904398083686828613e-01
9.073204994201660156e-01
8.941404223442077637e-01
9.096619486808776855e-01
9.229192137718200684e-01
9.133831858634948730e-01
9.099621772766113281e-01
9.027438163757324219e-01
9.243987202644348145e-01
9.169855117797851562e-01
9.098538756370544434e-01
9.240600466728210449e-01
9.319259524345397949e-01
9.261860251426696777e-01
9.377083182334899902e-01
9.225975275039672852e-01
9.005942344665527344e-01
9.159551858901977539e-01
9.071649909019470215e-01
9.028009772300720215e-01
9.044361114501953125e-01
9.116222262382507324e-01
9.126899838447570801e-01
9.202491641044616699e-01
9.202470779418945312e-01
9.088041186332702637e-01
9.045988321304321289e-01
9.157907366752624512e-01
9.150753021240234375e-01
9.188322424888610840e-01
9.226469397544860840e-01
9.236445426940917969e-01
9.065284729003906250e-01
9.111361503601074219e-01
9.003538489341735840e-01
9.154592752456665039e-01
9.193869829177856445e-01
9.178736805915832520e-01
9.249594807624816895e-01
9.207027554512023926e-01
9.131795763969421387e-01
9.044103026390075684e-01
9.040398001670837402e-01
9.150499701499938965e-01
9.100400209426879883e-01
9.252671599388122559e-01
9.112826585769653320e-01
8.993270993232727051e-01
9.064524769783020020e-01
9.020141959190368652e-01
9.141295552253723145e-01
9.147784113883972168e-01
9.223109483718872070e-01
9.213052988052368164e-01
9.209276437759399414e-01
9.115605354309082031e-01
9.043591618537902832e-01
9.072491526603698730e-01
9.270117878913879395e-01
9.233310818672180176e-01
9.110515713691711426e-01
9.225619435310363770e-01
9.120677113533020020e-01
9.170390963554382324e-01
9.042202234268188477e-01
9.214851260185241699e-01
9.082056879997253418e-01
9.122828841209411621e-01
9.065172076225280762e-01
9.130611419677734375e-01
9.255126118659973145e-01
9.161850214004516602e-01
9.215584993362426758e-01
9.115409851074218750e-01
9.204298257827758789e-01
9.227630496025085449e-01
9.142479300498962402e-01
9.038096666336059570e-01
9.202761054039001465e-01
9.188839197158813477e-01
9.038635492324829102e-01
9.117046594619750977e-01
9.132320284843444824e-01
9.001790881156921387e-01
9.132983088493347168e-01
9.225163459777832031e-01
9.135001301765441895e-01
9.184427261352539062e-01
9.121720194816589355e-01
9.356287121772766113e-01
8.937746286392211914e-01
8.938533663749694824e-01
9.080244302749633789e-01
8.956422805786132812e-01
8.933908343315124512e-01
9.129852652549743652e-01
9.061463475227355957e-01
9.046055078506469727e-01
8.990235328674316406e-01
9.054676294326782227e-01
9.149109125137329102e-01
9.117925763130187988e-01
9.071017503738403320e-01
9.340620040893554688e-01
8.936228156089782715e-01
9.413334131240844727e-01
9.154905676841735840e-01
9.009998440742492676e-01
9.232833981513977051e-01
9.221302270889282227e-01
9.075523614883422852e-01
9.086991548538208008e-01
9.189562797546386719e-01
9.003244638442993164e-01
8.890118002891540527e-01
8.971094489097595215e-01
9.002063870429992676e-01
8.980123400688171387e-01
9.304968118667602539e-01
9.069665074348449707e-01
9.267871975898742676e-01
8.949924707412719727e-01
9.237853884696960449e-01
8.934053778648376465e-01
9.062143564224243164e-01
9.106918573379516602e-01
8.962709307670593262e-01
8.978843688964843750e-01
9.050629734992980957e-01
8.897796869277954102e-01
8.834844827651977539e-01
9.066315889358520508e-01
9.151436686515808105e-01
8.888815045356750488e-01
8.938804864883422852e-01
8.994919061660766602e-01
8.852085471153259277e-01
9.025306701660156250e-01
9.298265576362609863e-01
9.242296218872070312e-01
8.978412747383117676e-01
8.918883204460144043e-01
8.956577181816101074e-01
8.950169682502746582e-01
8.904967308044433594e-01
8.822981715202331543e-01
9.099834561347961426e-01
9.005932211875915527e-01
8.910722732543945312e-01
8.886669278144836426e-01
8.939531445503234863e-01
8.916201591491699219e-01
8.905916213989257812e-01
9.009035229682922363e-01
8.883156180381774902e-01
8.941711783409118652e-01
8.913342356681823730e-01
8.787854313850402832e-01
8.831561207771301270e-01
8.971455693244934082e-01
8.909088969230651855e-01
8.795086145401000977e-01
9.164829254150390625e-01
8.801814913749694824e-01
8.833988308906555176e-01
9.129207730293273926e-01
9.078216552734375000e-01
8.661527037620544434e-01
8.891240358352661133e-01
8.870529532432556152e-01
9.283850789070129395e-01
8.990110754966735840e-01
9.388405084609985352e-01
8.787702918052673340e-01
8.765695691108703613e-01
8.735683560371398926e-01
8.886240124702453613e-01
8.733021020889282227e-01
8.937043547630310059e-01
8.616501092910766602e-01
9.180604815483093262e-01
8.681373596191406250e-01
9.184698462486267090e-01
8.909315466880798340e-01
8.854362368583679199e-01
8.751414418220520020e-01
9.245153665542602539e-01
9.124704599380493164e-01
8.983093500137329102e-01
9.101454019546508789e-01
8.984711766242980957e-01
8.637251257896423340e-01
8.894068002700805664e-01
8.600090146064758301e-01
8.829612135887145996e-01
8.597833514213562012e-01
8.559826016426086426e-01
9.263371825218200684e-01
8.866866230964660645e-01
8.607966303825378418e-01
9.054115414619445801e-01
8.494190573692321777e-01
8.557845950126647949e-01
8.576313853263854980e-01
8.641903996467590332e-01
9.047048687934875488e-01
8.999692201614379883e-01
9.019067883491516113e-01
8.794626593589782715e-01
8.640492558479309082e-01
9.016935229301452637e-01
8.559752702713012695e-01
8.469213843345642090e-01
8.901172876358032227e-01
9.437298178672790527e-01
8.631035089492797852e-01
8.594334721565246582e-01
8.446203470230102539e-01
8.518001437187194824e-01
9.214270710945129395e-01
8.852415084838867188e-01
8.918203711509704590e-01
8.778613209724426270e-01
8.578786849975585938e-01
8.511064648628234863e-01
8.805179595947265625e-01
8.555566668510437012e-01
8.760717511177062988e-01
8.564386367797851562e-01
8.785156607627868652e-01
8.970236778259277344e-01
8.859343528747558594e-01
8.641708493232727051e-01
8.399382829666137695e-01
8.566650748252868652e-01
8.919908404350280762e-01
8.817781805992126465e-01
8.649849891662597656e-01
8.582221269607543945e-01
8.656002283096313477e-01
8.703541755676269531e-01
8.708087205886840820e-01
8.514892458915710449e-01
8.902946710586547852e-01
8.687760233879089355e-01
8.668091893196105957e-01
8.808946609497070312e-01
8.744814991950988770e-01
8.586876988410949707e-01
8.609535098075866699e-01
8.597804307937622070e-01
8.648435473442077637e-01
8.684795498847961426e-01
8.812298178672790527e-01
8.681257367134094238e-01
8.980891108512878418e-01
8.652216196060180664e-01
8.584852218627929688e-01
8.518228530883789062e-01
8.579518198966979980e-01
9.202678799629211426e-01
9.219591021537780762e-01
9.180788397789001465e-01
8.866966366767883301e-01
8.898558616638183594e-01
9.085248112678527832e-01
8.787859082221984863e-01
8.740149736404418945e-01
9.062923789024353027e-01
8.825517892837524414e-01
8.788604140281677246e-01
8.736320734024047852e-01
8.634134531021118164e-01
8.780967593193054199e-01
8.741580843925476074e-01
8.994064331054687500e-01
8.808814287185668945e-01
8.783344626426696777e-01
8.807903528213500977e-01
8.770849108695983887e-01
8.877450227737426758e-01
8.670043945312500000e-01
8.796547055244445801e-01
9.146143198013305664e-01
8.855444192886352539e-01
9.067493677139282227e-01
8.831334114074707031e-01
8.822370767593383789e-01
9.116625189781188965e-01
8.823229074478149414e-01
9.097572565078735352e-01
8.760557174682617188e-01
8.873199820518493652e-01
9.272449612617492676e-01
8.866714835166931152e-01
8.841687440872192383e-01
9.145351648330688477e-01
8.808531761169433594e-01
8.722063302993774414e-01
8.844078183174133301e-01
8.714084029197692871e-01
8.933806419372558594e-01
9.238924980163574219e-01
9.119829535484313965e-01
8.825002908706665039e-01
8.693386316299438477e-01
8.999906778335571289e-01
8.661850094795227051e-01
9.167911410331726074e-01
9.002489447593688965e-01
8.648328185081481934e-01
8.921785354614257812e-01
8.787118792533874512e-01
8.728837966918945312e-01
8.920326232910156250e-01
8.884209990501403809e-01
9.017137885093688965e-01
8.832481503486633301e-01
9.094046950340270996e-01
8.929330706596374512e-01
9.656484723091125488e-01
9.220186471939086914e-01
8.791969418525695801e-01
9.357833862304687500e-01
9.750418066978454590e-01
9.253501892089843750e-01
9.521372914314270020e-01
8.836826682090759277e-01
9.360299110412597656e-01
8.698895573616027832e-01
8.876214027404785156e-01
9.031065106391906738e-01
8.998899459838867188e-01
8.719701766967773438e-01
8.674446344375610352e-01
8.625919222831726074e-01
8.799415826797485352e-01
8.670868277549743652e-01
8.654345870018005371e-01
9.315373301506042480e-01
8.692696690559387207e-01
9.174388051033020020e-01
8.681344985961914062e-01
8.695958256721496582e-01
8.579360842704772949e-01
8.756054043769836426e-01
8.964238166809082031e-01
8.787097930908203125e-01
8.659873008728027344e-01
8.997623324394226074e-01
8.729406595230102539e-01
8.576672673225402832e-01
8.533655405044555664e-01
8.562355041503906250e-01
8.895716071128845215e-01
8.740906119346618652e-01
9.020351767539978027e-01
8.502466082572937012e-01
8.537744879722595215e-01
8.754488229751586914e-01
8.626772165298461914e-01
8.662762045860290527e-01
9.474654197692871094e-01
8.595969080924987793e-01
9.149028658866882324e-01
8.563723564147949219e-01
8.558747172355651855e-01
8.684398531913757324e-01
8.509926199913024902e-01
8.409317135810852051e-01
8.512684106826782227e-01
8.469292521476745605e-01
9.510931372642517090e-01
8.412170410156250000e-01
9.428467750549316406e-01
9.176985025405883789e-01
8.760688900947570801e-01
8.677914738655090332e-01
9.242231249809265137e-01
8.862954974174499512e-01
8.567495346069335938e-01
8.705631494522094727e-01
8.447104692459106445e-01
8.499207496643066406e-01
8.481696248054504395e-01
8.430349230766296387e-01
8.682512640953063965e-01
8.575337529182434082e-01
8.384273648262023926e-01
8.954338431358337402e-01
8.726127743721008301e-01
8.543060421943664551e-01
8.407743573188781738e-01
8.489260077476501465e-01
8.928579688072204590e-01
8.458914160728454590e-01
8.698760867118835449e-01
8.338344693183898926e-01
8.425897955894470215e-01
9.255053400993347168e-01
9.019739031791687012e-01
8.981661200523376465e-01
8.787270784378051758e-01
8.527759909629821777e-01
8.584442138671875000e-01
8.857831954956054688e-01
8.477655649185180664e-01
8.394805788993835449e-01
8.689567446708679199e-01
8.394012451171875000e-01
9.688745737075805664e-01
9.150657653808593750e-01
8.422245383262634277e-01
8.561930656433105469e-01
8.427371978759765625e-01
9.430424571037292480e-01
8.668801188468933105e-01
8.626163601875305176e-01
8.891857266426086426e-01
8.319877982139587402e-01
8.425604104995727539e-01
8.721570372581481934e-01
9.317325949668884277e-01
8.546763658523559570e-01
8.489946722984313965e-01
8.902843594551086426e-01
8.371196985244750977e-01
8.553419113159179688e-01
8.959587216377258301e-01
8.442053198814392090e-01
1.034980416297912598e+00
9.006811380386352539e-01
8.566958308219909668e-01
8.305934071540832520e-01
8.448669314384460449e-01
8.413111567497253418e-01
8.640186190605163574e-01
8.644469380378723145e-01
9.114929437637329102e-01
8.783413171768188477e-01
8.625230789184570312e-01
9.081476330757141113e-01
8.568777441978454590e-01
9.287071228027343750e-01
8.526995778083801270e-01
8.579937219619750977e-01
8.608414530754089355e-01
8.538951873779296875e-01
8.666165471076965332e-01
8.448457121849060059e-01
8.653894662857055664e-01
8.411593437194824219e-01
8.443004488945007324e-01
8.580776453018188477e-01
8.417798876762390137e-01
8.517696261405944824e-01
8.378278017044067383e-01
8.335304260253906250e-01
8.372099995613098145e-01
8.310737609863281250e-01
8.293858766555786133e-01
8.269813656806945801e-01
8.474077582359313965e-01
8.384686708450317383e-01
8.814333081245422363e-01
8.292679190635681152e-01
8.388277292251586914e-01
8.463765382766723633e-01
8.330891728401184082e-01
8.309716582298278809e-01
8.386369943618774414e-01
8.304864764213562012e-01
8.415490388870239258e-01
8.316782116889953613e-01
8.382188081741333008e-01
8.189579844474792480e-01
8.622053265571594238e-01
8.252830505371093750e-01
8.321554064750671387e-01
8.806627392768859863e-01
8.402668237686157227e-01
8.560799956321716309e-01
8.256366848945617676e-01
8.480709195137023926e-01
8.254818320274353027e-01
8.322109580039978027e-01
8.294669389724731445e-01
8.635973930358886719e-01
8.538953661918640137e-01
8.452259898185729980e-01
8.854423761367797852e-01
8.489500284194946289e-01
8.267399668693542480e-01
8.357578516006469727e-01
8.343271613121032715e-01
8.409370779991149902e-01
8.342365622520446777e-01
8.325206637382507324e-01
8.454616665840148926e-01
8.650316596031188965e-01
8.700057268142700195e-01
8.828399777412414551e-01
8.961748480796813965e-01
8.459057807922363281e-01
8.432402014732360840e-01
8.599941134452819824e-01
8.351786732673645020e-01
8.323177695274353027e-01
8.719642758369445801e-01
8.474934697151184082e-01
8.518091440200805664e-01
8.370394110679626465e-01
8.936557173728942871e-01
8.853499293327331543e-01
9.177748560905456543e-01
9.014918208122253418e-01
9.009170532226562500e-01
8.806059956550598145e-01
8.374820947647094727e-01
8.541318774223327637e-01
8.590067028999328613e-01
8.462045788764953613e-01
8.271786570549011230e-01
8.439663052558898926e-01
9.137195944786071777e-01
8.695554733276367188e-01
8.258690237998962402e-01
8.302810788154602051e-01
8.283462524414062500e-01
8.933512568473815918e-01
8.548162579536437988e-01
8.224101066589355469e-01
8.238071799278259277e-01
9.532232284545898438e-01
8.291894197463989258e-01
8.690213561058044434e-01
8.541119694709777832e-01
8.368711471557617188e-01
8.301954269409179688e-01
8.177110552787780762e-01
8.663393259048461914e-01
8.627718091011047363e-01
8.399719595909118652e-01
8.276673555374145508e-01
8.511373400688171387e-01
8.443299531936645508e-01
8.346174359321594238e-01
8.589210510253906250e-01
8.276514410972595215e-01
8.856000900268554688e-01
8.202807307243347168e-01
8.259563446044921875e-01
8.455458879470825195e-01
8.467929959297180176e-01
8.768278360366821289e-01
8.170529603958129883e-01
8.313145041465759277e-01
9.550768136978149414e-01
8.271179199218750000e-01
8.331300020217895508e-01
9.203651547431945801e-01
8.227398991584777832e-01
8.213787078857421875e-01
8.203053474426269531e-01
8.312290310859680176e-01
9.658018350601196289e-01
8.204461932182312012e-01
8.416399955749511719e-01
8.269745111465454102e-01
8.236895799636840820e-01
8.558936119079589844e-01
9.066259264945983887e-01
8.177391886711120605e-01
8.415033221244812012e-01
9.139585494995117188e-01
8.543596267700195312e-01
8.686705827713012695e-01
9.753056764602661133e-01
8.735784888267517090e-01
9.296711087226867676e-01
8.089882135391235352e-01
8.509284853935241699e-01
8.269750475883483887e-01
8.798965811729431152e-01
8.355144858360290527e-01
8.215019106864929199e-01
8.181346058845520020e-01
8.412815332412719727e-01
8.165574073791503906e-01
9.022861719131469727e-01
8.405677676200866699e-01
9.588546752929687500e-01
8.538063168525695801e-01
8.165027499198913574e-01
8.164160847663879395e-01
8.347935080528259277e-01
8.088440895080566406e-01
8.451074957847595215e-01
8.790203332901000977e-01
8.419958949089050293e-01
8.473392724990844727e-01
8.737244009971618652e-01
8.190004229545593262e-01
8.093758821487426758e-01
9.132862091064453125e-01
8.147608041763305664e-01
8.237439990043640137e-01
8.292099833488464355e-01
8.080423474311828613e-01
8.184067010879516602e-01
8.934620022773742676e-01
8.611431121826171875e-01
8.999136090278625488e-01
8.276029825210571289e-01
8.085647821426391602e-01
8.721189498901367188e-01
8.630502820014953613e-01
8.101091384887695312e-01
8.191437125205993652e-01
8.112394213676452637e-01
8.193195462226867676e-01
8.790838122367858887e-01
9.114276170730590820e-01
8.004483580589294434e-01
8.004812598228454590e-01
8.568077087402343750e-01
8.655149340629577637e-01
8.143070340156555176e-01
8.406473398208618164e-01
8.364445567131042480e-01
9.779765009880065918e-01
8.342310786247253418e-01
8.011180758476257324e-01
8.145422339439392090e-01
9.113538861274719238e-01
8.501281738281250000e-01
8.552190661430358887e-01
8.515686988830566406e-01
8.311126828193664551e-01
8.067530989646911621e-01
8.964672088623046875e-01
1.089604616165161133e+00
8.536578416824340820e-01
8.242735266685485840e-01
8.199931979179382324e-01
8.203463554382324219e-01
8.298559188842773438e-01
8.008019328117370605e-01
8.484153747558593750e-01
8.191670775413513184e-01
8.136278986930847168e-01
7.982072234153747559e-01
8.003218770027160645e-01
7.934719920158386230e-01
8.064674735069274902e-01
8.307821154594421387e-01
8.203779458999633789e-01
8.015004396438598633e-01
8.226895332336425781e-01
7.924935221672058105e-01
8.711013197898864746e-01
8.987826704978942871e-01
8.931504487991333008e-01
7.991034388542175293e-01
8.036875724792480469e-01
8.043288588523864746e-01
8.072415590286254883e-01
7.888102531433105469e-01
7.848182320594787598e-01
7.825816869735717773e-01
7.840123176574707031e-01
8.054542541503906250e-01
7.876509428024291992e-01
7.955555319786071777e-01
7.883395552635192871e-01
7.847740054130554199e-01
7.843615412712097168e-01
7.921726107597351074e-01
7.942085266113281250e-01
7.865942120552062988e-01
7.885131835937500000e-01
7.797410488128662109e-01
7.766627669334411621e-01
7.976868748664855957e-01
7.786491513252258301e-01
8.066173791885375977e-01
7.861627936363220215e-01
7.869826555252075195e-01
8.038477301597595215e-01
7.787484526634216309e-01
8.018863797187805176e-01
7.851233482360839844e-01
7.888729572296142578e-01
7.808647751808166504e-01
8.018944859504699707e-01
7.902140021324157715e-01
8.161058425903320312e-01
7.764625549316406250e-01
8.621536493301391602e-01
7.809440493583679199e-01
7.855560779571533203e-01
7.896971106529235840e-01
7.957378029823303223e-01
7.820162773132324219e-01
8.009285330772399902e-01
7.895323038101196289e-01
8.345174789428710938e-01
8.194801211357116699e-01
7.851406335830688477e-01
8.119378089904785156e-01
7.840728163719177246e-01
8.001089096069335938e-01
8.007303476333618164e-01
7.772771716117858887e-01
7.895857691764831543e-01
7.797400355339050293e-01
8.007616400718688965e-01
7.934960126876831055e-01
7.778080701828002930e-01
8.339199423789978027e-01
8.362378478050231934e-01
8.686563372611999512e-01
7.828553318977355957e-01
8.822668194770812988e-01
8.159899711608886719e-01
8.331327438354492188e-01
7.919701933860778809e-01
9.046974182128906250e-01
8.240815997123718262e-01
7.992032766342163086e-01
8.192672729492187500e-01
8.082831501960754395e-01
9.309083819389343262e-01
7.939182519912719727e-01
7.900788187980651855e-01
8.008561134338378906e-01
7.981653213500976562e-01
7.990981340408325195e-01
7.863677740097045898e-01
8.441373705863952637e-01
8.089308738708496094e-01
8.094360232353210449e-01
7.947499752044677734e-01
8.556532859802246094e-01
8.067249655723571777e-01
8.262836337089538574e-01
7.971162199974060059e-01
8.067638278007507324e-01
8.217474222183227539e-01
7.951119542121887207e-01
7.865214347839355469e-01
7.844536900520324707e-01
8.056889772415161133e-01
8.449163436889648438e-01
8.021045923233032227e-01
7.957432866096496582e-01
8.197647333145141602e-01
7.953823208808898926e-01
8.267757296562194824e-01
7.845184206962585449e-01
7.889453172683715820e-01
8.076123595237731934e-01
7.890297174453735352e-01
8.294996619224548340e-01
8.162944912910461426e-01
8.152043223381042480e-01
7.909979224205017090e-01
8.217978477478027344e-01
7.914444804191589355e-01
7.960712313652038574e-01
7.823691368103027344e-01
7.869330644607543945e-01
7.888308167457580566e-01
7.831708788871765137e-01
7.814363837242126465e-01
7.882348895072937012e-01
8.130718469619750977e-01
7.723482251167297363e-01
8.183451890945434570e-01
8.394550681114196777e-01
7.742877006530761719e-01
8.131639361381530762e-01
8.119050860404968262e-01
7.955211997032165527e-01
8.405931591987609863e-01
7.772488594055175781e-01
7.900034189224243164e-01
8.132381439208984375e-01
7.806981205940246582e-01
7.799794673919677734e-01
7.811741232872009277e-01
7.793598175048828125e-01
7.797057032585144043e-01
7.845865488052368164e-01
8.243213891983032227e-01
8.068461418151855469e-01
8.680787086486816406e-01
7.755287885665893555e-01
8.017486929893493652e-01
7.826538681983947754e-01
8.135929107666015625e-01
7.886146903038024902e-01
8.505675196647644043e-01
7.788287997245788574e-01
7.761287093162536621e-01
7.735230326652526855e-01
7.654106020927429199e-01
7.745539546012878418e-01
7.847276926040649414e-01
7.959845066070556641e-01
7.846115827560424805e-01
7.793195843696594238e-01
8.217303156852722168e-01
8.386134505271911621e-01
7.895043492317199707e-01
8.420192003250122070e-01
8.804419636726379395e-01
8.625698089599609375e-01
8.835577964782714844e-01
8.008006215095520020e-01
7.915909290313720703e-01
7.721745371818542480e-01
7.780065536499023438e-01
8.146992921829223633e-01
7.651801109313964844e-01
8.147901892662048340e-01
7.718512415885925293e-01
7.658904194831848145e-01
7.623981237411499023e-01
7.670236825942993164e-01
8.016371130943298340e-01
8.048292398452758789e-01
7.790519595146179199e-01
7.931084036827087402e-01
7.684975862503051758e-01
7.766402363777160645e-01
7.647599577903747559e-01
7.754307985305786133e-01
8.525161743164062500e-01
7.703801393508911133e-01
8.374978899955749512e-01
7.671243548393249512e-01
8.840328454971313477e-01
8.220982551574707031e-01
7.672019004821777344e-01
7.649260759353637695e-01
8.878871202468872070e-01
7.841028571128845215e-01
8.064333200454711914e-01
7.685885429382324219e-01
7.928944826126098633e-01
7.665030956268310547e-01
8.233618140220642090e-01
7.679778933525085449e-01
7.901454567909240723e-01
8.105665445327758789e-01
7.940794825553894043e-01
8.245073556900024414e-01
7.610473632812500000e-01
8.281491398811340332e-01
8.703417181968688965e-01
7.796161174774169922e-01
8.489814996719360352e-01
7.713788151741027832e-01
7.680968046188354492e-01
7.715436816215515137e-01
7.823697328567504883e-01
8.520951271057128906e-01
7.750275135040283203e-01
7.825632095336914062e-01
8.416200876235961914e-01
7.837977409362792969e-01
7.538983225822448730e-01
7.943653464317321777e-01
7.590249180793762207e-01
7.783408164978027344e-01
7.866551280021667480e-01
7.702246308326721191e-01
7.978591322898864746e-01
8.268660902976989746e-01
7.724826931953430176e-01
8.268334269523620605e-01
7.707657814025878906e-01
7.841510772705078125e-01
7.710365653038024902e-01
7.550870180130004883e-01
7.633728981018066406e-01
9.175049662590026855e-01
8.458423614501953125e-01
7.612554430961608887e-01
7.659638524055480957e-01
7.654635310173034668e-01
7.773953080177307129e-01
7.935571074485778809e-01
7.615719437599182129e-01
7.720523476600646973e-01
7.874357700347900391e-01
7.944275140762329102e-01
7.869289517402648926e-01
7.825198173522949219e-01
7.834287881851196289e-01
7.673993706703186035e-01
8.175358176231384277e-01
7.641407847404479980e-01
8.504664301872253418e-01
9.937178492546081543e-01
7.908701300621032715e-01
7.610471844673156738e-01
7.627018094062805176e-01
7.720586657524108887e-01
8.013750314712524414e-01
7.784205675125122070e-01
7.806703448295593262e-01
7.803426980972290039e-01
7.684025168418884277e-01
7.761146426200866699e-01
8.055025339126586914e-01
8.383795022964477539e-01
7.840017676353454590e-01
7.852081060409545898e-01
8.207672238349914551e-01
8.239914178848266602e-01
8.068714141845703125e-01
7.879439592361450195e-01
8.269531130790710449e-01
9.257855415344238281e-01
8.000340461730957031e-01
9.174933433532714844e-01
9.202834963798522949e-01
7.737190127372741699e-01
8.399271965026855469e-01
7.778312563896179199e-01
7.887472510337829590e-01
7.806763052940368652e-01
7.901377081871032715e-01
8.027644157409667969e-01
7.775808572769165039e-01
8.786624073982238770e-01
7.778214812278747559e-01
7.720575332641601562e-01
7.893035411834716797e-01
7.828164100646972656e-01
8.628966212272644043e-01
8.138057589530944824e-01
7.759082913398742676e-01
7.883734703063964844e-01
8.090144991874694824e-01
7.947429418563842773e-01
8.511582612991333008e-01
7.751927375793457031e-01
8.545045852661132812e-01
8.586427569389343262e-01
7.835942506790161133e-01
7.780849337577819824e-01
7.880235910415649414e-01
7.863110899925231934e-01
7.961153984069824219e-01
7.722916603088378906e-01
8.013845682144165039e-01
8.382670283317565918e-01
7.780946493148803711e-01
8.322841525077819824e-01
8.029282689094543457e-01
8.713790774345397949e-01
7.825363874435424805e-01
8.088102340698242188e-01
7.867645621299743652e-01
8.098639845848083496e-01
8.375436663627624512e-01
7.845708131790161133e-01
8.422803878784179688e-01
7.834218144416809082e-01
7.806404232978820801e-01
7.693799734115600586e-01
8.028579950332641602e-01
7.752336263656616211e-01
7.862257957458496094e-01
7.923140525817871094e-01
7.830383181571960449e-01
7.768639922142028809e-01
7.786076664924621582e-01
7.812766432762145996e-01
7.920671105384826660e-01
8.479748964309692383e-01
8.293294310569763184e-01
8.008753061294555664e-01
8.348389863967895508e-01
7.610818147659301758e-01
8.060025572776794434e-01
7.918193936347961426e-01
7.856724858283996582e-01
7.754458785057067871e-01
7.806178927421569824e-01
7.795028090476989746e-01
7.613098025321960449e-01
7.723668813705444336e-01
8.937227129936218262e-01
8.322687149047851562e-01
7.847997546195983887e-01
7.826217412948608398e-01
8.027025461196899414e-01
7.701094150543212891e-01
8.015058636665344238e-01
7.557229399681091309e-01
8.042764663696289062e-01
8.482875227928161621e-01
8.478018641471862793e-01
7.855915427207946777e-01
7.817640304565429688e-01
7.601550221443176270e-01
7.718836069107055664e-01
7.666876912117004395e-01
8.382916450500488281e-01
7.730326652526855469e-01
7.604425549507141113e-01
8.169927597045898438e-01
7.636289000511169434e-01
7.562417387962341309e-01
7.646951675415039062e-01
8.566347956657409668e-01
8.318052291870117188e-01
8.011795282363891602e-01
8.215109109878540039e-01
7.620416283607482910e-01
7.713508009910583496e-01
7.520793676376342773e-01
7.570894956588745117e-01
7.690328955650329590e-01
7.556314468383789062e-01
7.523622512817382812e-01
7.574519515037536621e-01
7.381274104118347168e-01
7.465662956237792969e-01
7.485787868499755859e-01
7.513095736503601074e-01
7.554942369461059570e-01
7.589600682258605957e-01
7.535107731819152832e-01
7.464517951011657715e-01
7.532114386558532715e-01
7.515832185745239258e-01
7.618283629417419434e-01
7.619533538818359375e-01
7.805886268615722656e-01
7.528216242790222168e-01
8.050692677497863770e-01
7.783215641975402832e-01
7.531474828720092773e-01
7.509304881095886230e-01
7.569704055786132812e-01
8.162021636962890625e-01
8.518039584159851074e-01
8.299785852432250977e-01
7.687646746635437012e-01
7.652234435081481934e-01
7.627750635147094727e-01
7.662048935890197754e-01
7.783963084220886230e-01
7.668365240097045898e-01
7.543554306030273438e-01
7.838973999023437500e-01
7.512015700340270996e-01
7.745100855827331543e-01
7.681347727775573730e-01
7.612679600715637207e-01
7.562741637229919434e-01
7.581204771995544434e-01
7.715029120445251465e-01
7.601901292800903320e-01
7.536670565605163574e-01
7.610489726066589355e-01
7.768056988716125488e-01
7.616478800773620605e-01
8.208511471748352051e-01
7.831876873970031738e-01
7.617582082748413086e-01
7.829632163047790527e-01
8.031656146049499512e-01
7.810541391372680664e-01
7.485553026199340820e-01
7.474247813224792480e-01
7.582554221153259277e-01
7.473698854446411133e-01
7.745946645736694336e-01
7.512135505676269531e-01
7.724629640579223633e-01
7.367849946022033691e-01
7.464337944984436035e-01
7.781111598014831543e-01
8.412557840347290039e-01
8.633714914321899414e-01
7.498564720153808594e-01
7.633242607116699219e-01
7.437118887901306152e-01
8.076100349426269531e-01
7.518779635429382324e-01
7.601222395896911621e-01
7.584490180015563965e-01
7.369799017906188965e-01
7.561134696006774902e-01
7.485944628715515137e-01
7.959238886833190918e-01
7.571438550949096680e-01
7.541937232017517090e-01
7.363709807395935059e-01
7.847847342491149902e-01
7.398096919059753418e-01
7.854346632957458496e-01
7.269760966300964355e-01
8.121370673179626465e-01
7.366542816162109375e-01
7.377737164497375488e-01
7.399975061416625977e-01
7.254320979118347168e-01
7.318016290664672852e-01
7.370800375938415527e-01
7.438846230506896973e-01
7.420629858970642090e-01
7.541114687919616699e-01
7.509085536003112793e-01
7.371345758438110352e-01
8.046647310256958008e-01
7.299465537071228027e-01
7.311742901802062988e-01
7.555292844772338867e-01
7.367500662803649902e-01
7.464820742607116699e-01
7.809565067291259766e-01
7.828964591026306152e-01
7.308470010757446289e-01
7.752701640129089355e-01
7.369852662086486816e-01
7.395419478416442871e-01
7.335773110389709473e-01
7.247466444969177246e-01
7.505884170532226562e-01
8.194000124931335449e-01
7.349082231521606445e-01
7.334560751914978027e-01
7.765000462532043457e-01
7.294914126396179199e-01
7.747237086296081543e-01
7.477025985717773438e-01
7.837896347045898438e-01
7.612716555595397949e-01
7.261770367622375488e-01
8.216341137886047363e-01
7.258877754211425781e-01
7.296894788742065430e-01
7.414514422416687012e-01
7.475543618202209473e-01
7.466751933097839355e-01
7.527192234992980957e-01
7.767158746719360352e-01
7.198244929313659668e-01
7.403928637504577637e-01
7.526944875717163086e-01
7.952518463134765625e-01
7.338790297508239746e-01
7.610441446304321289e-01
8.376091122627258301e-01
7.604031562805175781e-01
7.524283528327941895e-01
7.281888723373413086e-01
7.532567381858825684e-01
7.886763811111450195e-01
7.786721587181091309e-01
7.365654110908508301e-01
7.302224636077880859e-01
7.838375568389892578e-01
7.474929094314575195e-01
7.466574907302856445e-01
7.356224060058593750e-01
7.243558764457702637e-01
7.524277567863464355e-01
7.955127358436584473e-01
7.234722971916198730e-01
7.429729700088500977e-01
7.443177103996276855e-01
7.418416738510131836e-01
7.394913434982299805e-01
7.768787741661071777e-01
7.218731641769409180e-01
7.321954369544982910e-01
7.357649207115173340e-01
7.309542894363403320e-01
7.335820198059082031e-01
7.546139955520629883e-01
7.495643496513366699e-01
7.435158491134643555e-01
7.715508341789245605e-01
7.853841781616210938e-01
7.236736416816711426e-01
7.232524752616882324e-01
8.186839222908020020e-01
7.350524663925170898e-01
7.260934710502624512e-01
7.831517457962036133e-01
7.210654616355895996e-01
7.607384920120239258e-01
7.967147231101989746e-01
7.910022139549255371e-01
7.813842892646789551e-01
7.371321916580200195e-01
7.718152999877929688e-01
7.767834663391113281e-01
7.650614976882934570e-01
7.278085947036743164e-01
7.359625697135925293e-01
8.121881484985351562e-01
7.320690155029296875e-01
7.197381854057312012e-01
7.238585352897644043e-01
7.588235735893249512e-01
7.739977240562438965e-01
7.157170176506042480e-01
7.189802527427673340e-01
7.401579022407531738e-01
9.351192712783813477e-01
7.236793041229248047e-01
7.419005632400512695e-01
7.395753264427185059e-01
7.205231785774230957e-01
7.265517115592956543e-01
7.244684696197509766e-01
7.416901588439941406e-01
7.309153676033020020e-01
7.507762312889099121e-01
7.183576822280883789e-01
7.304808497428894043e-01
7.211249470710754395e-01
7.864078879356384277e-01
7.262310385704040527e-01
7.327429652214050293e-01
8.106606602668762207e-01
7.616717219352722168e-01
7.276710867881774902e-01
7.502099871635437012e-01
7.339329719543457031e-01
7.222687602043151855e-01
7.680106759071350098e-01
7.236075401306152344e-01
7.801089286804199219e-01
7.205516099929809570e-01
7.191449999809265137e-01
7.238062024116516113e-01
7.587326169013977051e-01
7.479988336563110352e-01
7.375445365905761719e-01
7.572785615921020508e-01
7.387236952781677246e-01
8.329702615737915039e-01
7.358958125114440918e-01
7.317380905151367188e-01
8.294029235839843750e-01
7.466155886650085449e-01
7.408644556999206543e-01
7.482314705848693848e-01
7.434027194976806641e-01
7.291960120201110840e-01
7.340985536575317383e-01
7.375504970550537109e-01
7.236964702606201172e-01
7.444049119949340820e-01
7.377196550369262695e-01
7.177634835243225098e-01
7.263145446777343750e-01
7.227687239646911621e-01
7.350527048110961914e-01
7.202880978584289551e-01
7.563197016716003418e-01
7.281090021133422852e-01
7.290188670158386230e-01
7.309958338737487793e-01
7.293824553489685059e-01
7.579005956649780273e-01
7.239627242088317871e-01
7.270407676696777344e-01
7.447733283042907715e-01
7.259018421173095703e-01
7.299792170524597168e-01
7.400695085525512695e-01
7.514132261276245117e-01
7.512590289115905762e-01
7.495035529136657715e-01
7.313118577003479004e-01
7.672592997550964355e-01
7.482735514640808105e-01
7.959840893745422363e-01
7.670918703079223633e-01
7.542443275451660156e-01
7.288487553596496582e-01
7.802847623825073242e-01
7.420463562011718750e-01
7.693831920623779297e-01
7.688011527061462402e-01
7.399603128433227539e-01
7.337948679924011230e-01
7.606986165046691895e-01
7.402173280715942383e-01
7.601381540298461914e-01
7.372674942016601562e-01
7.426398396492004395e-01
7.557121515274047852e-01
7.503316998481750488e-01
7.520667314529418945e-01
7.361633181571960449e-01
7.307775616645812988e-01
7.341737747192382812e-01
7.507904171943664551e-01
7.523893713951110840e-01
7.561594843864440918e-01
7.911755442619323730e-01
7.403463721275329590e-01
7.592661976814270020e-01
7.297428250312805176e-01
7.899100184440612793e-01
7.476326823234558105e-01
7.244262695312500000e-01
7.544035911560058594e-01
7.814441919326782227e-01
7.483919858932495117e-01
7.448686957359313965e-01
7.371158599853515625e-01
7.269730567932128906e-01
7.671009302139282227e-01
7.192876935005187988e-01
7.445390820503234863e-01
7.828686833381652832e-01
7.685418128967285156e-01
7.198787927627563477e-01
7.239851355552673340e-01
7.256752848625183105e-01
7.633646726608276367e-01
7.470335364341735840e-01
7.383698821067810059e-01
7.401861548423767090e-01
7.851500511169433594e-01
7.379271388053894043e-01
7.139143347740173340e-01
7.308565974235534668e-01
7.243942618370056152e-01
7.279736995697021484e-01
7.350162863731384277e-01
7.381728887557983398e-01
7.781721353530883789e-01
7.803103327751159668e-01
7.975451350212097168e-01
7.462143898010253906e-01
7.555299401283264160e-01
7.233521342277526855e-01
7.294803261756896973e-01
7.603599429130554199e-01
7.430190443992614746e-01
7.400544285774230957e-01
7.278985381126403809e-01
7.403538823127746582e-01
7.336925864219665527e-01
7.310485839843750000e-01
7.353432774543762207e-01
7.657634615898132324e-01
7.446304559707641602e-01
7.263374328613281250e-01
7.189230322837829590e-01
7.379338145256042480e-01
7.503291368484497070e-01
8.138608932495117188e-01
7.494621276855468750e-01
7.251619696617126465e-01
7.448577880859375000e-01
7.998554706573486328e-01
7.257282733917236328e-01
7.400063872337341309e-01
7.446932196617126465e-01
7.675628066062927246e-01
7.692404985427856445e-01
7.240487933158874512e-01
7.408415675163269043e-01
8.110758066177368164e-01
7.595039606094360352e-01
7.247259020805358887e-01
7.366828322410583496e-01
7.442231178283691406e-01
7.397257685661315918e-01
7.961213588714599609e-01
8.033474087715148926e-01
7.667466402053833008e-01
7.260142564773559570e-01
7.729337811470031738e-01
7.386348843574523926e-01
7.211365103721618652e-01
7.175166010856628418e-01
7.349829673767089844e-01
7.492832541465759277e-01
8.541551828384399414e-01
7.520217895507812500e-01
7.539787292480468750e-01
7.359169125556945801e-01
7.345399260520935059e-01
7.218316197395324707e-01
7.244558334350585938e-01
7.331041097640991211e-01
7.339885830879211426e-01
7.861566543579101562e-01
7.395448088645935059e-01
7.352187037467956543e-01
7.409231066703796387e-01
7.190207839012145996e-01
7.521119117736816406e-01
7.123677730560302734e-01
7.370725274085998535e-01
7.282090187072753906e-01
7.309256792068481445e-01
7.411165237426757812e-01
7.635626196861267090e-01
7.190704345703125000e-01
8.018102049827575684e-01
7.284934520721435547e-01
7.953514456748962402e-01
7.342661023139953613e-01
7.332090735435485840e-01
7.345541119575500488e-01
7.645783424377441406e-01
7.152175903320312500e-01
7.250641584396362305e-01
7.551116347312927246e-01
7.230796813964843750e-01
7.538458108901977539e-01
7.457308173179626465e-01
7.215673327445983887e-01
8.225073218345642090e-01
7.945837378501892090e-01
7.483294606208801270e-01
7.359916567802429199e-01
7.199048995971679688e-01
7.488142848014831543e-01
7.302799224853515625e-01
7.182824015617370605e-01
7.592461705207824707e-01
7.268121838569641113e-01
7.222543358802795410e-01
7.233235239982604980e-01
7.375075221061706543e-01
7.397757768630981445e-01
7.318326234817504883e-01
7.265364527702331543e-01
7.310114502906799316e-01
7.242796421051025391e-01
7.746180891990661621e-01
7.697637081146240234e-01
7.277359366416931152e-01
7.591408491134643555e-01
7.975447177886962891e-01
7.729173898696899414e-01
7.448398470878601074e-01
7.315337061882019043e-01
7.493895888328552246e-01
7.543706297874450684e-01
7.195693850517272949e-01
7.306433320045471191e-01
7.900004982948303223e-01
7.210220694541931152e-01
7.266937494277954102e-01
7.237464189529418945e-01
7.193452119827270508e-01
7.244821190834045410e-01
7.214884757995605469e-01
7.269821763038635254e-01
7.555576562881469727e-01
7.426728606224060059e-01
7.493459582328796387e-01
7.616238594055175781e-01
7.534933686256408691e-01
7.365647554397583008e-01
7.229486107826232910e-01
7.115961909294128418e-01
7.256874442100524902e-01
7.321028709411621094e-01
7.365829348564147949e-01
7.475452423095703125e-01
7.340635657310485840e-01
7.604464888572692871e-01
7.329559326171875000e-01
7.258710265159606934e-01
7.261261940002441406e-01
7.359569072723388672e-01
7.133863568305969238e-01
7.204961180686950684e-01
7.864524126052856445e-01
7.158923745155334473e-01
7.225290536880493164e-01
7.265549898147583008e-01
7.456370592117309570e-01
7.327281832695007324e-01
7.658361792564392090e-01
7.615294456481933594e-01
7.173149585723876953e-01
7.189294695854187012e-01
7.129573822021484375e-01
7.381685376167297363e-01
7.111766934394836426e-01
7.481837272644042969e-01
7.255377173423767090e-01
7.332987189292907715e-01
7.299708127975463867e-01
7.617558836936950684e-01
7.200038433074951172e-01
7.303861975669860840e-01
7.207332849502563477e-01
7.529284358024597168e-01
7.395269274711608887e-01
7.362949252128601074e-01
7.585320472717285156e-01
7.532374858856201172e-01
7.291776537895202637e-01
7.201266288757324219e-01
7.386459708213806152e-01
7.181249260902404785e-01
7.371641993522644043e-01
8.030704855918884277e-01
7.211202383041381836e-01
7.408260703086853027e-01
7.258260846138000488e-01
7.390365004539489746e-01
7.492639422416687012e-01
7.156838774681091309e-01
7.886027097702026367e-01
7.353547215461730957e-01
9.570308923721313477e-01
7.292127013206481934e-01
7.548251748085021973e-01
7.513783574104309082e-01
7.375571131706237793e-01
7.432605028152465820e-01
7.481570839881896973e-01
7.329121828079223633e-01
7.307489514350891113e-01
7.273268699645996094e-01
7.267010807991027832e-01
7.176266312599182129e-01
7.157830595970153809e-01
7.158581018447875977e-01
7.068120241165161133e-01
7.066304087638854980e-01
7.050532698631286621e-01
7.082606554031372070e-01
7.024533152580261230e-01
7.091084718704223633e-01
7.019008994102478027e-01
6.974737048149108887e-01
6.967028975486755371e-01
6.980667114257812500e-01
7.036000490188598633e-01
6.978645324707031250e-01
7.014077901840209961e-01
6.940260529518127441e-01
6.986612081527709961e-01
6.921345591545104980e-01
6.971322298049926758e-01
6.999608278274536133e-01
7.015067934989929199e-01
6.962949037551879883e-01
6.983274221420288086e-01
6.988062858581542969e-01
6.964389681816101074e-01
7.031845450401306152e-01
7.035201787948608398e-01
6.931565403938293457e-01
7.055006027221679688e-01
7.024796605110168457e-01
7.020108103752136230e-01
7.014406919479370117e-01
7.001933455467224121e-01
6.981884241104125977e-01
7.044377326965332031e-01
6.947841644287109375e-01
6.969168782234191895e-01
7.035662531852722168e-01
7.065569758415222168e-01
7.009220719337463379e-01
7.032071948051452637e-01
6.932588815689086914e-01
7.033178210258483887e-01
6.948556900024414062e-01
6.972955465316772461e-01
6.981611251831054688e-01
6.919919848442077637e-01
6.888486146926879883e-01
6.992879509925842285e-01
6.978796124458312988e-01
7.025589942932128906e-01
6.973612308502197266e-01
6.977267265319824219e-01
7.035810947418212891e-01
6.914432048797607422e-01
6.946281194686889648e-01
6.907197237014770508e-01
6.959648728370666504e-01
6.947995424270629883e-01
7.013309597969055176e-01
7.146375775337219238e-01
7.381358146667480469e-01
7.170082926750183105e-01
6.963075399398803711e-01
7.024129033088684082e-01
6.993142366409301758e-01
7.001674771308898926e-01
6.965608000755310059e-01
7.217200398445129395e-01
6.963000297546386719e-01
7.376751899719238281e-01
7.009350657463073730e-01
7.203481793403625488e-01
7.205905318260192871e-01
6.961142420768737793e-01
7.101746201515197754e-01
7.101487517356872559e-01
7.027676701545715332e-01
6.902990937232971191e-01
6.989735960960388184e-01
7.122231721878051758e-01
6.968612074851989746e-01
7.047274708747863770e-01
7.124492526054382324e-01
7.003294825553894043e-01
7.112068533897399902e-01
7.326535582542419434e-01
7.060090303421020508e-01
6.985918879508972168e-01
6.952864527702331543e-01
7.080056071281433105e-01
7.041594982147216797e-01
7.178726792335510254e-01
7.233524322509765625e-01
7.100128531455993652e-01
6.935300230979919434e-01
7.050339579582214355e-01
6.918886899948120117e-01
7.187487483024597168e-01
7.074111104011535645e-01
7.518138289451599121e-01
7.460294961929321289e-01
7.211588621139526367e-01
7.063590884208679199e-01
7.078016996383666992e-01
7.054342627525329590e-01
6.944999098777770996e-01
7.298991084098815918e-01
7.161916494369506836e-01
7.068725228309631348e-01
7.214396595954895020e-01
7.125703096389770508e-01
7.447422146797180176e-01
6.970720887184143066e-01
7.706308364868164062e-01
6.918670535087585449e-01
7.080962657928466797e-01
7.446798086166381836e-01
7.161394953727722168e-01
7.268189787864685059e-01
7.078586816787719727e-01
7.218279242515563965e-01
6.919808387756347656e-01
7.069562077522277832e-01
7.606800198554992676e-01
6.934546828269958496e-01
7.035176157951354980e-01
6.901164054870605469e-01
6.974744796752929688e-01
7.077878713607788086e-01
6.959838271141052246e-01
7.072153687477111816e-01
6.977981925010681152e-01
7.121401429176330566e-01
7.149279713630676270e-01
7.207720875740051270e-01
7.105135321617126465e-01
7.175369858741760254e-01
7.042849659919738770e-01
6.969391107559204102e-01
7.084415555000305176e-01
7.098948955535888672e-01
7.012898325920104980e-01
6.917800307273864746e-01
6.936530470848083496e-01
6.832196712493896484e-01
6.915040016174316406e-01
6.894870400428771973e-01
7.060441970825195312e-01
6.931063532829284668e-01
7.094261646270751953e-01
6.951441168785095215e-01
7.404324412345886230e-01
6.958350539207458496e-01
6.916586160659790039e-01
6.868436336517333984e-01
6.996576786041259766e-01
6.938565373420715332e-01
6.993290185928344727e-01
7.362293601036071777e-01
7.228910326957702637e-01
7.112053036689758301e-01
6.946161389350891113e-01
6.898618340492248535e-01
7.016800045967102051e-01
7.277399301528930664e-01
6.971130371093750000e-01
6.928147673606872559e-01
6.976528167724609375e-01
6.858649253845214844e-01
7.120947241783142090e-01
7.055145502090454102e-01
7.078534364700317383e-01
7.005645632743835449e-01
7.092522978782653809e-01
7.153515815734863281e-01
6.943261027336120605e-01
6.885539889335632324e-01
6.849254965782165527e-01
7.280416488647460938e-01
6.977831125259399414e-01
7.191799283027648926e-01
6.985105872154235840e-01
7.112367153167724609e-01
7.032564282417297363e-01
7.236509323120117188e-01
7.004532217979431152e-01
6.875369548797607422e-01
7.156494855880737305e-01
7.109088897705078125e-01
7.205142378807067871e-01
7.097408175468444824e-01
7.128453850746154785e-01
6.990857124328613281e-01
7.143656611442565918e-01
6.908948421478271484e-01
7.452201247215270996e-01
6.961354613304138184e-01
6.936065554618835449e-01
6.991081237792968750e-01
6.923941969871520996e-01
7.116106748580932617e-01
7.229807972908020020e-01
7.005288004875183105e-01
6.940725445747375488e-01
6.951525211334228516e-01
7.064748406410217285e-01
7.016617655754089355e-01
6.989920139312744141e-01
7.011766433715820312e-01
6.939997076988220215e-01
6.922485828399658203e-01
7.040554881095886230e-01
6.978328824043273926e-01
7.020320892333984375e-01
7.337490320205688477e-01
7.417132258415222168e-01
7.353326678276062012e-01
6.982023119926452637e-01
7.688488364219665527e-01
6.903507113456726074e-01
7.013279795646667480e-01
6.989123821258544922e-01
6.858591437339782715e-01
7.176751494407653809e-01
6.938629150390625000e-01
6.959159374237060547e-01
7.225815057754516602e-01
7.085143923759460449e-01
7.190170884132385254e-01
7.129608988761901855e-01
7.070772051811218262e-01
7.022371888160705566e-01
7.002870440483093262e-01
7.791988253593444824e-01
7.204063534736633301e-01
7.144123911857604980e-01
7.744833827018737793e-01
7.841077446937561035e-01
7.134381532669067383e-01
6.950724720954895020e-01
7.840558290481567383e-01
7.038587927818298340e-01
6.953873038291931152e-01
7.570013403892517090e-01
7.004114985466003418e-01
7.347804903984069824e-01
7.965826988220214844e-01
6.970468759536743164e-01
7.196911573410034180e-01
6.955141425132751465e-01
7.071898579597473145e-01
6.952691674232482910e-01
6.979445219039916992e-01
7.026407122611999512e-01
6.843466162681579590e-01
6.838468909263610840e-01
6.784477829933166504e-01
6.771160960197448730e-01
6.819307804107666016e-01
7.011014223098754883e-01
6.994560360908508301e-01
6.840346455574035645e-01
6.881495714187622070e-01
7.156481742858886719e-01
6.820229887962341309e-01
6.819249987602233887e-01
6.890248656272888184e-01
7.072813510894775391e-01
6.994954943656921387e-01
7.164797186851501465e-01
6.995416283607482910e-01
6.865392327308654785e-01
7.088755965232849121e-01
6.792594194412231445e-01
7.032448649406433105e-01
6.747331023216247559e-01
7.032281756401062012e-01
7.036955952644348145e-01
7.036964297294616699e-01
6.912194490432739258e-01
6.940154433250427246e-01
7.019166946411132812e-01
6.951212286949157715e-01
6.804923415184020996e-01
6.757078170776367188e-01
6.845963597297668457e-01
6.795398592948913574e-01
6.895074844360351562e-01
7.076616883277893066e-01
7.086430191993713379e-01
6.813744902610778809e-01
6.748901605606079102e-01
7.079916596412658691e-01
6.854950785636901855e-01
6.807651519775390625e-01
6.790162920951843262e-01
6.835209727287292480e-01
7.001039385795593262e-01
7.375384569168090820e-01
6.826357841491699219e-01
7.134045958518981934e-01
6.764731407165527344e-01
6.837799549102783203e-01
6.778365969657897949e-01
6.825377941131591797e-01
6.854409575462341309e-01
6.834945082664489746e-01
6.775409579277038574e-01
6.808891296386718750e-01
6.721343994140625000e-01
6.724258661270141602e-01
6.786721944808959961e-01
6.655036211013793945e-01
6.711905002593994141e-01
6.922268271446228027e-01
6.711151599884033203e-01
6.925016641616821289e-01
6.988396048545837402e-01
6.683905720710754395e-01
6.853103637695312500e-01
6.740615963935852051e-01
6.822196841239929199e-01
6.875600218772888184e-01
7.182461619377136230e-01
6.685280203819274902e-01
6.960932612419128418e-01
6.664273738861083984e-01
6.815376281738281250e-01
6.868634819984436035e-01
6.750577092170715332e-01
6.982862353324890137e-01
7.120125889778137207e-01
6.779336333274841309e-01
6.783199310302734375e-01
6.849384307861328125e-01
7.057519555091857910e-01
6.734241843223571777e-01
6.677525043487548828e-01
6.647382974624633789e-01
6.925794482231140137e-01
6.883864402770996094e-01
6.609839200973510742e-01
7.291933298110961914e-01
6.705626845359802246e-01
7.315304875373840332e-01
6.832249760627746582e-01
6.601254343986511230e-01
6.786199212074279785e-01
7.423996925354003906e-01
6.980723738670349121e-01
6.594053506851196289e-01
6.860470175743103027e-01
6.841558218002319336e-01
6.592835783958435059e-01
7.535172104835510254e-01
7.435426115989685059e-01
6.850537061691284180e-01
6.581063270568847656e-01
6.701288819313049316e-01
6.611573100090026855e-01
6.644846200942993164e-01
6.832322478294372559e-01
6.678313612937927246e-01
6.682602167129516602e-01
6.706299185752868652e-01
6.677710413932800293e-01
6.531245112419128418e-01
7.384077310562133789e-01
6.889430880546569824e-01
6.674378514289855957e-01
6.502060294151306152e-01
6.943439841270446777e-01
6.617059111595153809e-01
6.751729846000671387e-01
6.646441817283630371e-01
6.747328639030456543e-01
6.693559885025024414e-01
7.090638875961303711e-01
6.867806315422058105e-01
6.543300151824951172e-01
6.719873547554016113e-01
6.517786979675292969e-01
6.755794882774353027e-01
6.888486742973327637e-01
6.466611027717590332e-01
6.568884253501892090e-01
6.675721406936645508e-01
6.541165709495544434e-01
6.806678175926208496e-01
6.494747996330261230e-01
6.614689230918884277e-01
7.011460661888122559e-01
6.622517704963684082e-01
6.458258628845214844e-01
6.958302855491638184e-01
6.541969180107116699e-01
6.574522852897644043e-01
6.577095389366149902e-01
6.600098013877868652e-01
6.712569594383239746e-01
6.627443432807922363e-01
6.771479845046997070e-01
7.015272974967956543e-01
6.698364615440368652e-01
6.577285528182983398e-01
6.678346991539001465e-01
6.730148196220397949e-01
6.922796368598937988e-01
6.674920916557312012e-01
6.843081712722778320e-01
6.924110651016235352e-01
7.798719406127929688e-01
7.355457544326782227e-01
6.762391924858093262e-01
7.239176630973815918e-01
7.030231952667236328e-01
7.035343050956726074e-01
6.885518431663513184e-01
6.881498694419860840e-01
6.553311347961425781e-01
6.604303717613220215e-01
6.682994961738586426e-01
6.946189403533935547e-01
6.615875959396362305e-01
6.965625882148742676e-01
6.831849813461303711e-01
6.630456447601318359e-01
6.488561034202575684e-01
6.595540046691894531e-01
6.622902154922485352e-01
6.631500124931335449e-01
6.686448454856872559e-01
7.007569670677185059e-01
6.765395998954772949e-01
6.853835582733154297e-01
6.688526272773742676e-01
6.853067278861999512e-01
6.716189980506896973e-01
6.627911329269409180e-01
6.671377420425415039e-01
7.157746553421020508e-01
6.707311868667602539e-01
6.749247908592224121e-01
7.338404059410095215e-01
6.784942746162414551e-01
6.669040918350219727e-01
6.641398668289184570e-01
7.183868288993835449e-01
6.820506453514099121e-01
6.623185276985168457e-01
6.545792222023010254e-01
6.590870022773742676e-01
6.976706385612487793e-01
7.929296493530273438e-01
6.719656586647033691e-01
7.129115462303161621e-01
6.743772625923156738e-01
6.916396021842956543e-01
6.647912859916687012e-01
6.780540347099304199e-01
6.705783009529113770e-01
6.757420897483825684e-01
6.739395260810852051e-01
6.716405153274536133e-01
6.790214180946350098e-01
6.650047898292541504e-01
6.764716506004333496e-01
6.625599265098571777e-01
6.950915455818176270e-01
6.919908523559570312e-01
6.706244349479675293e-01
6.788626909255981445e-01
7.095703482627868652e-01
7.154775857925415039e-01
6.788994669914245605e-01
6.825692057609558105e-01
6.822461485862731934e-01
7.039756178855895996e-01
6.784932017326354980e-01
7.170031666755676270e-01
6.789295673370361328e-01
6.615926027297973633e-01
6.870667338371276855e-01
6.589539647102355957e-01
6.703211665153503418e-01
6.752972006797790527e-01
6.783937811851501465e-01
6.634053587913513184e-01
6.881262660026550293e-01
7.265802621841430664e-01
7.029482722282409668e-01
6.755668520927429199e-01
7.108930945396423340e-01
6.712386012077331543e-01
6.962465643882751465e-01
6.754188537597656250e-01
6.820136904716491699e-01
6.719024181365966797e-01
6.974787116050720215e-01
6.777338385581970215e-01
6.989870071411132812e-01
6.717324256896972656e-01
6.606351137161254883e-01
7.316324114799499512e-01
7.130431532859802246e-01
7.204117178916931152e-01
6.726514101028442383e-01
6.930457353591918945e-01
6.944789290428161621e-01
6.764740943908691406e-01
6.850280761718750000e-01
6.615182757377624512e-01
6.687024831771850586e-01
6.708871722221374512e-01
6.913946866989135742e-01
7.176941037178039551e-01
7.196478247642517090e-01
6.511122584342956543e-01
6.757593154907226562e-01
7.177450060844421387e-01
6.746249198913574219e-01
6.739771962165832520e-01
6.546820402145385742e-01
6.521281599998474121e-01
6.598101854324340820e-01
6.969683170318603516e-01
6.553513407707214355e-01
6.672075390815734863e-01
6.624579429626464844e-01
6.575314402580261230e-01
6.893674731254577637e-01
6.804237365722656250e-01
6.698727011680603027e-01
6.920720934867858887e-01
6.639528870582580566e-01
6.729402542114257812e-01
6.809359788894653320e-01
6.736764311790466309e-01
6.752780079841613770e-01
6.693084836006164551e-01
6.633602976799011230e-01
6.902545094490051270e-01
6.544396877288818359e-01
6.918054819107055664e-01
6.873408555984497070e-01
7.403713464736938477e-01
6.652030944824218750e-01
6.590703725814819336e-01
6.801561713218688965e-01
6.553020477294921875e-01
6.528237462043762207e-01
7.258326411247253418e-01
6.611692905426025391e-01
6.635732650756835938e-01
6.711091995239257812e-01
6.817666292190551758e-01
6.639176607131958008e-01
6.603094935417175293e-01
6.575154662132263184e-01
6.653464436531066895e-01
6.649976372718811035e-01
6.759166717529296875e-01
6.722113490104675293e-01
7.155791521072387695e-01
6.825680136680603027e-01
6.870527863502502441e-01
7.031620144844055176e-01
6.584874391555786133e-01
6.611953973770141602e-01
6.701362729072570801e-01
6.827034950256347656e-01
6.792823672294616699e-01
6.708366274833679199e-01
6.865011453628540039e-01
6.619747281074523926e-01
6.743233799934387207e-01
6.542792916297912598e-01
6.677697300910949707e-01
6.848132610321044922e-01
6.664459109306335449e-01
6.640287041664123535e-01
6.620244979858398438e-01
6.696597933769226074e-01
6.662688851356506348e-01
6.673946976661682129e-01
6.735324263572692871e-01
7.294670343399047852e-01
6.895653605461120605e-01
6.542109847068786621e-01
6.564926505088806152e-01
7.131919264793395996e-01
6.515783667564392090e-01
6.589350104331970215e-01
7.045956254005432129e-01
6.651230454444885254e-01
6.883627772331237793e-01
6.516273021697998047e-01
7.032903432846069336e-01
6.643111109733581543e-01
6.798301339149475098e-01
6.609680056571960449e-01
6.784227490425109863e-01
7.667440772056579590e-01
6.856326460838317871e-01
6.838540434837341309e-01
6.564157009124755859e-01
6.528695225715637207e-01
6.501854062080383301e-01
6.870328783988952637e-01
6.707769036293029785e-01
6.829460263252258301e-01
6.750368475914001465e-01
6.561906933784484863e-01
6.735286712646484375e-01
6.692094206809997559e-01
6.532854437828063965e-01
6.603512167930603027e-01
6.618402600288391113e-01
6.562644243240356445e-01
6.581556200981140137e-01
6.713446974754333496e-01
6.574395298957824707e-01
6.661702394485473633e-01
6.852656006813049316e-01
6.598102450370788574e-01
6.558400392532348633e-01
6.601684093475341797e-01
6.550434231758117676e-01
7.094268202781677246e-01
7.126077413558959961e-01
6.421428322792053223e-01
6.544988751411437988e-01
6.520250439643859863e-01
7.001459002494812012e-01
6.525310873985290527e-01
6.507664322853088379e-01
6.543880701065063477e-01
6.740285754203796387e-01
6.436235308647155762e-01
6.464843750000000000e-01
6.666929125785827637e-01
6.431245803833007812e-01
6.678649187088012695e-01
6.775285005569458008e-01
6.795029044151306152e-01
6.463090181350708008e-01
7.275637388229370117e-01
6.747962832450866699e-01
6.662902235984802246e-01
7.057609558105468750e-01
6.474669575691223145e-01
6.582438349723815918e-01
6.488651633262634277e-01
6.479782462120056152e-01
6.703625917434692383e-01
6.590690612792968750e-01
7.069007754325866699e-01
6.539325118064880371e-01
6.609389185905456543e-01
6.570870280265808105e-01
6.796419024467468262e-01
6.714958548545837402e-01
6.434217691421508789e-01
6.910262703895568848e-01
6.408564448356628418e-01
6.708027124404907227e-01
6.445189714431762695e-01
6.417687535285949707e-01
6.804615259170532227e-01
7.350417971611022949e-01
6.473220586776733398e-01
6.570327281951904297e-01
6.410574913024902344e-01
6.464507579803466797e-01
6.688688397407531738e-01
6.693817973136901855e-01
6.524073481559753418e-01
6.797548532485961914e-01
6.854752302169799805e-01
6.855962872505187988e-01
6.467093825340270996e-01
6.410681605339050293e-01
6.722308993339538574e-01
6.506820917129516602e-01
6.755398511886596680e-01
6.566442847251892090e-01
6.811634302139282227e-01
6.875309944152832031e-01
6.477367281913757324e-01
6.782628893852233887e-01
6.537809371948242188e-01
6.781727075576782227e-01
7.050946950912475586e-01
6.685519218444824219e-01
6.545900702476501465e-01
6.493829488754272461e-01
6.873477101325988770e-01
6.566621065139770508e-01
6.551247835159301758e-01
7.190402150154113770e-01
7.141782641410827637e-01
6.540722846984863281e-01
6.588048934936523438e-01
6.802007555961608887e-01
6.615329384803771973e-01
6.919603347778320312e-01
6.566986441612243652e-01
6.520649790763854980e-01
6.730785965919494629e-01
6.613973975181579590e-01
6.601037979125976562e-01
6.595457196235656738e-01
6.754387617111206055e-01
7.299748063087463379e-01
6.511393785476684570e-01
7.088369131088256836e-01
6.916434168815612793e-01
6.650080680847167969e-01
6.619682312011718750e-01
6.759675145149230957e-01
6.622803807258605957e-01
7.010517120361328125e-01
6.611759066581726074e-01
7.474178671836853027e-01
6.462926268577575684e-01
6.563251614570617676e-01
6.598319411277770996e-01
6.512598395347595215e-01
6.571801900863647461e-01
6.543237566947937012e-01
6.325240731239318848e-01
6.687578558921813965e-01
6.731536984443664551e-01
6.417188644409179688e-01
6.736044287681579590e-01
6.649361848831176758e-01
6.549775004386901855e-01
6.800205111503601074e-01
6.507900953292846680e-01
6.618487238883972168e-01
6.435566544532775879e-01
6.643471121788024902e-01
6.849318742752075195e-01
6.836717128753662109e-01
6.503083109855651855e-01
6.574727296829223633e-01
6.553193330764770508e-01
6.493989825248718262e-01
7.146011590957641602e-01
7.391318678855895996e-01
6.814422011375427246e-01
6.518012285232543945e-01
6.519407629966735840e-01
6.558502912521362305e-01
6.405753493309020996e-01
6.503252387046813965e-01
6.614565253257751465e-01
6.464334130287170410e-01
6.579569578170776367e-01
6.565683484077453613e-01
6.635369658470153809e-01
6.393358111381530762e-01
6.710020899772644043e-01
6.712719798088073730e-01
6.804840564727783203e-01
7.081097960472106934e-01
6.666556596755981445e-01
6.479436159133911133e-01
6.481966376304626465e-01
6.501592993736267090e-01
6.692891120910644531e-01
6.392894983291625977e-01
6.497159004211425781e-01
6.353569030761718750e-01
6.523452997207641602e-01
6.772503256797790527e-01
6.604043841361999512e-01
6.518428921699523926e-01
6.602905392646789551e-01
6.661552190780639648e-01
6.529311537742614746e-01
6.517691016197204590e-01
6.680778264999389648e-01
6.563268899917602539e-01
7.255959510803222656e-01
7.619263529777526855e-01
6.736862063407897949e-01
6.535887122154235840e-01
7.373844385147094727e-01
6.468893885612487793e-01
6.487985849380493164e-01
6.482679247856140137e-01
6.594735383987426758e-01
6.850711703300476074e-01
6.565014123916625977e-01
6.647474169731140137e-01
6.624312400817871094e-01
6.493340730667114258e-01
6.735987067222595215e-01
6.561214327812194824e-01
6.628026962280273438e-01
7.482828497886657715e-01
6.513495445251464844e-01
6.467610001564025879e-01
6.819049119949340820e-01
6.517143845558166504e-01
6.663426756858825684e-01
6.665545701980590820e-01
6.349241733551025391e-01
6.788536310195922852e-01
6.913372874259948730e-01
6.652783751487731934e-01
6.721243262290954590e-01
6.664616465568542480e-01
7.218343615531921387e-01
6.513768434524536133e-01
6.530297398567199707e-01
6.529474258422851562e-01
6.558710932731628418e-01
6.524567604064941406e-01
6.805642247200012207e-01
6.415348052978515625e-01
6.537920832633972168e-01
6.590768098831176758e-01
6.404620409011840820e-01
6.445744633674621582e-01
6.431576609611511230e-01
6.356694102287292480e-01
6.857876777648925781e-01
6.241078376770019531e-01
6.723847389221191406e-01
6.316974759101867676e-01
6.354157924652099609e-01
6.676479578018188477e-01
6.666188240051269531e-01
6.979571580886840820e-01
6.938704848289489746e-01
6.373082995414733887e-01
6.625858545303344727e-01
6.400945782661437988e-01
7.257859110832214355e-01
6.410064697265625000e-01
6.668772101402282715e-01
6.218011975288391113e-01
6.506079435348510742e-01
6.563348174095153809e-01
6.410346031188964844e-01
6.431890726089477539e-01
6.452738642692565918e-01
6.398974061012268066e-01
6.415390968322753906e-01
6.287232637405395508e-01
6.316070556640625000e-01
6.986984610557556152e-01
6.744756102561950684e-01
6.438992619514465332e-01
6.231725215911865234e-01
6.226714253425598145e-01
6.460193991661071777e-01
6.582809686660766602e-01
6.460368037223815918e-01
7.101091742515563965e-01
6.328296661376953125e-01
7.313456535339355469e-01
6.451302766799926758e-01
6.983339190483093262e-01
7.495997548103332520e-01
6.260139346122741699e-01
6.386221051216125488e-01
6.201493740081787109e-01
6.266334652900695801e-01
6.284808516502380371e-01
6.429513096809387207e-01
6.722319126129150391e-01
6.195528507232666016e-01
7.973093390464782715e-01
6.458065509796142578e-01
6.581101417541503906e-01
6.305077672004699707e-01
6.302018761634826660e-01
6.322032213211059570e-01
6.153072118759155273e-01
6.185688972473144531e-01
6.243407130241394043e-01
6.390818953514099121e-01
6.177175641059875488e-01
6.201684474945068359e-01
6.164535880088806152e-01
6.195695996284484863e-01
6.361976861953735352e-01
6.259142756462097168e-01
6.344802975654602051e-01
6.183254718780517578e-01
6.256794333457946777e-01
6.197777986526489258e-01
6.528713107109069824e-01
6.148714423179626465e-01
6.245145201683044434e-01
6.451510787010192871e-01
6.454949975013732910e-01
6.345003843307495117e-01
6.116322875022888184e-01
6.209580302238464355e-01
6.413030028343200684e-01
6.192879080772399902e-01
6.264908909797668457e-01
6.314760446548461914e-01
6.425250768661499023e-01
6.185556650161743164e-01
6.174599528312683105e-01
6.408843398094177246e-01
6.598664522171020508e-01
6.184194087982177734e-01
6.211170554161071777e-01
6.465439200401306152e-01
6.357275843620300293e-01
6.278792619705200195e-01
6.417068839073181152e-01
6.322075724601745605e-01
6.300327181816101074e-01
6.576820611953735352e-01
6.239344477653503418e-01
6.217454075813293457e-01
6.348059773445129395e-01
6.247028112411499023e-01
6.510402560234069824e-01
6.187683343887329102e-01
6.196770668029785156e-01
6.212350726127624512e-01
6.522125005722045898e-01
6.266786456108093262e-01
6.297816038131713867e-01
6.491888165473937988e-01
7.010931968688964844e-01
6.235033869743347168e-01
6.170330047607421875e-01
6.361848711967468262e-01
6.184263229370117188e-01
6.686285138130187988e-01
6.205670237541198730e-01
6.411016583442687988e-01
6.190226674079895020e-01
6.296409964561462402e-01
6.703462600708007812e-01
6.447541117668151855e-01
6.200335025787353516e-01
6.411845088005065918e-01
6.733254790306091309e-01
6.313527822494506836e-01
6.635705232620239258e-01
6.333149075508117676e-01
6.415758728981018066e-01
6.651044487953186035e-01
6.283317804336547852e-01
6.691252589225769043e-01
6.270039677619934082e-01
6.486341953277587891e-01
6.363841891288757324e-01
6.297419071197509766e-01
6.181473135948181152e-01
6.288201212882995605e-01
6.420933008193969727e-01
6.804256439208984375e-01
6.671792268753051758e-01
6.433356404304504395e-01
6.291225552558898926e-01
6.468777656555175781e-01
6.235198974609375000e-01
6.399380564689636230e-01
6.514554023742675781e-01
6.637780070304870605e-01
6.355701684951782227e-01
6.300525665283203125e-01
6.226064562797546387e-01
6.248447299003601074e-01
6.660299301147460938e-01
6.875408291816711426e-01
6.551337838172912598e-01
6.176404356956481934e-01
6.225486993789672852e-01
6.969053149223327637e-01
6.185594201087951660e-01
6.615627408027648926e-01
6.233329772949218750e-01
6.116977334022521973e-01
6.345106363296508789e-01
6.192285418510437012e-01
6.682297587394714355e-01
6.575846076011657715e-01
6.345898509025573730e-01
6.263054013252258301e-01
6.358421444892883301e-01
6.536421179771423340e-01
6.113794445991516113e-01
6.092875003814697266e-01
6.396697759628295898e-01
6.550092697143554688e-01
6.184439063072204590e-01
6.117872595787048340e-01
6.797979474067687988e-01
6.337017416954040527e-01
6.300775408744812012e-01
6.256562471389770508e-01
6.276478171348571777e-01
6.287810802459716797e-01
6.492311358451843262e-01
6.714207530021667480e-01
6.380041241645812988e-01
6.386033892631530762e-01
6.680322885513305664e-01
6.431600451469421387e-01
6.417584419250488281e-01
6.392397880554199219e-01
6.304437518119812012e-01
6.314216852188110352e-01
6.656647920608520508e-01
6.225538253784179688e-01
6.240741014480590820e-01
6.199515461921691895e-01
6.370722651481628418e-01
6.771017313003540039e-01
6.423299908638000488e-01
6.898152232170104980e-01
6.574425697326660156e-01
6.500541567802429199e-01
6.410826444625854492e-01
6.346701979637145996e-01
6.394033432006835938e-01
6.350482106208801270e-01
6.628189086914062500e-01
6.413522958755493164e-01
6.570183038711547852e-01
6.407017707824707031e-01
6.214950084686279297e-01
6.577987074851989746e-01
6.501318216323852539e-01
6.307479143142700195e-01
6.441400051116943359e-01
6.683924794197082520e-01
6.935198903083801270e-01
6.590029597282409668e-01
6.414799690246582031e-01
6.479029655456542969e-01
6.286869049072265625e-01
6.601634025573730469e-01
6.641379594802856445e-01
6.487632393836975098e-01
6.500211954116821289e-01
7.047139406204223633e-01
6.756412386894226074e-01
6.641370654106140137e-01
6.476030945777893066e-01
6.637070178985595703e-01
6.665287613868713379e-01
6.344366669654846191e-01
6.594631075859069824e-01
6.373428702354431152e-01
6.299732923507690430e-01
6.953017115592956543e-01
6.897364854812622070e-01
6.476735472679138184e-01
6.487106084823608398e-01
6.349847912788391113e-01
6.395738720893859863e-01
6.393448114395141602e-01
6.397849321365356445e-01
6.414456963539123535e-01
6.383476853370666504e-01
6.295365691184997559e-01
6.796948313713073730e-01
6.362232565879821777e-01
6.443795561790466309e-01
6.487234234809875488e-01
6.484013199806213379e-01
6.420667767524719238e-01
6.729117631912231445e-01
6.689510941505432129e-01
6.290606260299682617e-01
6.235976219177246094e-01
6.303330659866333008e-01
6.521863341331481934e-01
6.703770756721496582e-01
6.312306523323059082e-01
6.251957416534423828e-01
6.244044303894042969e-01
6.319350004196166992e-01
6.219806671142578125e-01
6.534218788146972656e-01
6.769068837165832520e-01
6.572157740592956543e-01
6.562486886978149414e-01
6.551787853240966797e-01
6.460626721382141113e-01
6.271530985832214355e-01
6.579805612564086914e-01
6.335042119026184082e-01
6.705107688903808594e-01
6.513019800186157227e-01
6.216152310371398926e-01
6.757063865661621094e-01
6.309369206428527832e-01
6.226223111152648926e-01
6.352417469024658203e-01
6.549253463745117188e-01
6.668933033943176270e-01
6.643895506858825684e-01
6.296512484550476074e-01
6.478067040443420410e-01
6.193172335624694824e-01
6.554004549980163574e-01
6.287937164306640625e-01
6.529762744903564453e-01
6.361907124519348145e-01
6.287432909011840820e-01
7.108621001243591309e-01
6.247879266738891602e-01
6.258098483085632324e-01
6.307938098907470703e-01
6.548205614089965820e-01
6.420032382011413574e-01
6.557640433311462402e-01
6.897875666618347168e-01
6.576101183891296387e-01
6.215137839317321777e-01
6.417754292488098145e-01
6.511266827583312988e-01
6.261683106422424316e-01
6.381019949913024902e-01
6.307333707809448242e-01
6.567891240119934082e-01
6.984555125236511230e-01
6.327248215675354004e-01
6.345016956329345703e-01
6.504965424537658691e-01
6.773262023925781250e-01
6.673529744148254395e-01
6.390456557273864746e-01
6.311922669410705566e-01
6.461371183395385742e-01
6.512159705162048340e-01
6.322368979454040527e-01
7.269372344017028809e-01
6.499357223510742188e-01
6.462188959121704102e-01
6.381594538688659668e-01
6.544930338859558105e-01
6.268471479415893555e-01
6.259282231330871582e-01
6.327995657920837402e-01
6.350400447845458984e-01
6.268810629844665527e-01
6.558697819709777832e-01
6.633641719818115234e-01
6.305458545684814453e-01
6.278260946273803711e-01
6.233798861503601074e-01
6.338538527488708496e-01
6.616449356079101562e-01
6.279272437095642090e-01
6.323022246360778809e-01
6.300924420356750488e-01
6.570557951927185059e-01
6.182084083557128906e-01
6.272669434547424316e-01
6.222874522209167480e-01
6.193771362304687500e-01
6.230360269546508789e-01
6.438581347465515137e-01
6.176398396492004395e-01
6.248243451118469238e-01
6.525428891181945801e-01
6.465240716934204102e-01
6.382295489311218262e-01
6.349318623542785645e-01
6.311649680137634277e-01
6.361259222030639648e-01
6.537575125694274902e-01
6.660963892936706543e-01
6.494485735893249512e-01
6.323319673538208008e-01
6.199759840965270996e-01
6.224418878555297852e-01
6.949644684791564941e-01
7.398819327354431152e-01
6.280766725540161133e-01
8.362869620323181152e-01
6.300145983695983887e-01
6.299681067466735840e-01
6.256663799285888672e-01
6.129838824272155762e-01
6.180399656295776367e-01
6.066233515739440918e-01
6.026397943496704102e-01
6.055516600608825684e-01
6.083255410194396973e-01
6.120997071266174316e-01
6.136490106582641602e-01
6.046613454818725586e-01
6.047153472900390625e-01
6.033864021301269531e-01
5.995436906814575195e-01
6.136407256126403809e-01
6.095620989799499512e-01
6.087481975555419922e-01
6.138153076171875000e-01
6.321151256561279297e-01
6.076221466064453125e-01
6.015748381614685059e-01
6.262804865837097168e-01
6.162114143371582031e-01
6.104101538658142090e-01
6.139045953750610352e-01
6.233872771263122559e-01
6.250237226486206055e-01
6.183714866638183594e-01
6.280015110969543457e-01
6.233569383621215820e-01
6.197314262390136719e-01
6.296757459640502930e-01
6.107005476951599121e-01
6.252239346504211426e-01
6.076825857162475586e-01
6.343005299568176270e-01
6.237791180610656738e-01
6.337234377861022949e-01
6.188049316406250000e-01
6.237429976463317871e-01
6.183000206947326660e-01
6.143158078193664551e-01
6.110734343528747559e-01
6.437066197395324707e-01
6.081056594848632812e-01
6.172416806221008301e-01
6.239036321640014648e-01
6.263788342475891113e-01
6.478536725044250488e-01
6.159712672233581543e-01
6.374499201774597168e-01
6.113129854202270508e-01
6.530076861381530762e-01
6.249274611473083496e-01
6.264333128929138184e-01
6.312214136123657227e-01
6.287216544151306152e-01
6.287330985069274902e-01
6.429662108421325684e-01
6.319690942764282227e-01
6.397905349731445312e-01
6.421706676483154297e-01
6.221846938133239746e-01
6.342918276786804199e-01
6.477317214012145996e-01
6.243039965629577637e-01
6.264266967773437500e-01
6.435330510139465332e-01
6.190360188484191895e-01
6.168186068534851074e-01
6.355711221694946289e-01
6.559042930603027344e-01
6.221360564231872559e-01
6.264259219169616699e-01
6.434880495071411133e-01
6.274752616882324219e-01
6.244965791702270508e-01
6.195223927497863770e-01
6.410450339317321777e-01
6.353144049644470215e-01
6.158585548400878906e-01
6.411792635917663574e-01
6.464738249778747559e-01
6.370029449462890625e-01
6.293537616729736328e-01
6.288902163505554199e-01
6.767612099647521973e-01
6.342740058898925781e-01
6.679986715316772461e-01
6.546432375907897949e-01
6.490092873573303223e-01
6.194165945053100586e-01
6.416348814964294434e-01
6.563811302185058594e-01
6.398994326591491699e-01
6.516808867454528809e-01
6.523047685623168945e-01
6.323716044425964355e-01
6.331707239151000977e-01
6.616016030311584473e-01
6.543911695480346680e-01
6.381303071975708008e-01
6.605077981948852539e-01
6.299418807029724121e-01
6.246137619018554688e-01
6.302102208137512207e-01
6.633748412132263184e-01
6.292033791542053223e-01
6.321468353271484375e-01
6.211416721343994141e-01
6.213850378990173340e-01
6.511809229850769043e-01
6.618856191635131836e-01
6.444512009620666504e-01
6.173295378684997559e-01
6.672554016113281250e-01
6.576200723648071289e-01
6.691135168075561523e-01
6.197153329849243164e-01
6.247288584709167480e-01
6.525259017944335938e-01
6.293992996215820312e-01
6.400120854377746582e-01
6.375440955162048340e-01
6.121193766593933105e-01
6.269463300704956055e-01
6.344796419143676758e-01
6.454230546951293945e-01
6.202718019485473633e-01
6.303487420082092285e-01
6.144327521324157715e-01
6.343356370925903320e-01
6.159666180610656738e-01
6.171354055404663086e-01
6.056691408157348633e-01
6.729907989501953125e-01
6.122708916664123535e-01
6.549682021141052246e-01
6.155340075492858887e-01
6.442761421203613281e-01
6.278102397918701172e-01
6.310384869575500488e-01
6.160315871238708496e-01
6.216599345207214355e-01
6.351520419120788574e-01
6.518635153770446777e-01
6.325222849845886230e-01
6.103024482727050781e-01
6.118208765983581543e-01
6.726918220520019531e-01
6.347864270210266113e-01
6.325457096099853516e-01
6.154000163078308105e-01
6.359941363334655762e-01
6.210757493972778320e-01
6.178922057151794434e-01
6.062384843826293945e-01
5.960621237754821777e-01
6.002501845359802246e-01
5.931553244590759277e-01
6.369313597679138184e-01
6.136717796325683594e-01
6.147965788841247559e-01
5.973227024078369141e-01
5.969523191452026367e-01
6.182705163955688477e-01
6.054412722587585449e-01
6.046740412712097168e-01
6.433961987495422363e-01
5.931452512741088867e-01
5.997077226638793945e-01
6.214076876640319824e-01
6.105290055274963379e-01
6.206904649734497070e-01
6.451091766357421875e-01
5.958356857299804688e-01
5.943573117256164551e-01
5.981410145759582520e-01
5.977168679237365723e-01
6.100382804870605469e-01
6.069365739822387695e-01
6.165510416030883789e-01
6.022211909294128418e-01
6.062365770339965820e-01
6.371607780456542969e-01
6.052865982055664062e-01
6.510821580886840820e-01
6.116575002670288086e-01
6.222711801528930664e-01
6.170740127563476562e-01
6.526406407356262207e-01
6.284065842628479004e-01
6.058589816093444824e-01
6.213403344154357910e-01
6.192294955253601074e-01
6.189909577369689941e-01
6.174296736717224121e-01
6.180464625358581543e-01
6.250807642936706543e-01
6.205434799194335938e-01
6.453121900558471680e-01
6.250380873680114746e-01
6.357800364494323730e-01
6.559346318244934082e-01
6.321093440055847168e-01
6.573979258537292480e-01
6.097047924995422363e-01
6.002199053764343262e-01
6.257743835449218750e-01
6.222103238105773926e-01
6.226264834403991699e-01
6.268717646598815918e-01
6.351421475410461426e-01
6.172524094581604004e-01
6.875790357589721680e-01
6.237286925315856934e-01
6.377428174018859863e-01
6.257163882255554199e-01
5.996968150138854980e-01
6.368527412414550781e-01
6.381689310073852539e-01
6.309864521026611328e-01
6.625196337699890137e-01
6.498967409133911133e-01
6.436881422996520996e-01
6.194657683372497559e-01
6.324523687362670898e-01
6.378416419029235840e-01
5.971789360046386719e-01
6.122598052024841309e-01
6.161171793937683105e-01
6.161426901817321777e-01
6.077136397361755371e-01
6.187778711318969727e-01
6.774501800537109375e-01
6.022683978080749512e-01
6.670333743095397949e-01
6.620223522186279297e-01
6.775874495506286621e-01
6.059076189994812012e-01
6.514274477958679199e-01
6.242613792419433594e-01
6.047031283378601074e-01
6.361145973205566406e-01
6.036018729209899902e-01
6.145333647727966309e-01
6.052700281143188477e-01
6.124892830848693848e-01
6.209489703178405762e-01
5.918549895286560059e-01
5.985376238822937012e-01
6.400231122970581055e-01
5.973291993141174316e-01
5.922679901123046875e-01
6.384527683258056641e-01
5.845587849617004395e-01
5.938611626625061035e-01
6.174907088279724121e-01
5.904836058616638184e-01
6.074230074882507324e-01
6.223535537719726562e-01
6.050531268119812012e-01
6.078590750694274902e-01
5.993048548698425293e-01
5.987928509712219238e-01
6.164364814758300781e-01
5.969089865684509277e-01
6.134754419326782227e-01
6.271585822105407715e-01
6.177973747253417969e-01
6.121899485588073730e-01
5.909841656684875488e-01
6.408702731132507324e-01
6.111064553260803223e-01
6.115550994873046875e-01
6.085819602012634277e-01
6.033264994621276855e-01
6.118742823600769043e-01
5.903115272521972656e-01
5.828717947006225586e-01
6.158428192138671875e-01
7.128812670707702637e-01
6.424970030784606934e-01
5.953084230422973633e-01
5.882625579833984375e-01
6.012085080146789551e-01
6.008751988410949707e-01
5.968192219734191895e-01
5.966911315917968750e-01
6.169762015342712402e-01
5.966513156890869141e-01
6.218842864036560059e-01
6.065649986267089844e-01
5.992702841758728027e-01
6.132528185844421387e-01
5.981463789939880371e-01
6.061084866523742676e-01
6.313906908035278320e-01
6.052301526069641113e-01
5.844025015830993652e-01
5.870405435562133789e-01
6.398661732673645020e-01
5.829629898071289062e-01
6.213647723197937012e-01
6.162300109863281250e-01
6.431333422660827637e-01
5.939757823944091797e-01
5.836421847343444824e-01
6.121979951858520508e-01
6.121314167976379395e-01
5.879945158958435059e-01
5.926236510276794434e-01
5.971865653991699219e-01
6.022869944572448730e-01
5.897509455680847168e-01
5.801784992218017578e-01
6.070318818092346191e-01
5.814294219017028809e-01
5.978601574897766113e-01
6.275395750999450684e-01
6.395726203918457031e-01
6.169046759605407715e-01
5.916875600814819336e-01
6.521778106689453125e-01
5.846473574638366699e-01
6.558830142021179199e-01
5.978412628173828125e-01
5.998535156250000000e-01
6.195712089538574219e-01
6.243770718574523926e-01
5.958668589591979980e-01
6.431648731231689453e-01
5.817942619323730469e-01
5.786659121513366699e-01
5.942246317863464355e-01
5.870458483695983887e-01
6.174775362014770508e-01
6.104462146759033203e-01
6.750811934471130371e-01
6.123630404472351074e-01
6.039495468139648438e-01
6.169734001159667969e-01
5.823389291763305664e-01
6.024603843688964844e-01
6.055964827537536621e-01
5.934669375419616699e-01
5.964767932891845703e-01
5.972191095352172852e-01
6.058562397956848145e-01
5.936645269393920898e-01
6.169914603233337402e-01
5.890848040580749512e-01
6.175255179405212402e-01
6.030165553092956543e-01
6.008220911026000977e-01
6.337069869041442871e-01
6.325517296791076660e-01
5.904545187950134277e-01
5.986896753311157227e-01
6.178810596466064453e-01
6.293715834617614746e-01
6.091030240058898926e-01
6.271237134933471680e-01
6.244236230850219727e-01
6.010372042655944824e-01
6.017176508903503418e-01
5.993658900260925293e-01
5.921883583068847656e-01
5.873784422874450684e-01
6.143641471862792969e-01
5.881591439247131348e-01
6.142570376396179199e-01
6.011697053909301758e-01
5.964786410331726074e-01
6.035745739936828613e-01
5.986584424972534180e-01
5.947392582893371582e-01
5.870437622070312500e-01
6.476849317550659180e-01
5.998864173889160156e-01
5.981181263923645020e-01
5.892125368118286133e-01
6.407694816589355469e-01
5.849512219429016113e-01
6.264476180076599121e-01
6.318691968917846680e-01
5.826681256294250488e-01
6.614106297492980957e-01
6.200380325317382812e-01
6.018546223640441895e-01
5.914177298545837402e-01
6.075904965400695801e-01
5.990270972251892090e-01
5.961910486221313477e-01
5.861310362815856934e-01
6.108789443969726562e-01
6.213218569755554199e-01
5.858689546585083008e-01
6.141772270202636719e-01
6.130617856979370117e-01
6.126111745834350586e-01
5.955347418785095215e-01
6.019412279129028320e-01
6.487157344818115234e-01
5.876631140708923340e-01
6.236981749534606934e-01
6.176198124885559082e-01
6.000940203666687012e-01
5.858822464942932129e-01
6.300482153892517090e-01
5.847650766372680664e-01
5.959429144859313965e-01
6.424385309219360352e-01
6.006595492362976074e-01
6.261764764785766602e-01
5.930974483489990234e-01
6.106025576591491699e-01
5.845019817352294922e-01
5.835139751434326172e-01
5.854687094688415527e-01
5.879703760147094727e-01
5.921785235404968262e-01
6.002735495567321777e-01
5.933827161788940430e-01
5.813713669776916504e-01
5.938470959663391113e-01
5.868102908134460449e-01
5.876205563545227051e-01
5.839853882789611816e-01
6.068496108055114746e-01
6.099516749382019043e-01
6.242465376853942871e-01
5.974306464195251465e-01
6.197668313980102539e-01
6.279897689819335938e-01
5.848448872566223145e-01
5.805223584175109863e-01
5.928124785423278809e-01
5.984202623367309570e-01
5.938681960105895996e-01
5.833249688148498535e-01
5.819608569145202637e-01
5.999455451965332031e-01
5.834684371948242188e-01
5.995974540710449219e-01
6.133711934089660645e-01
6.510617136955261230e-01
6.041218042373657227e-01
6.034642457962036133e-01
5.759947896003723145e-01
5.780184268951416016e-01
5.898217558860778809e-01
5.787259936332702637e-01
6.030854582786560059e-01
6.245509982109069824e-01
5.830510258674621582e-01
5.873822569847106934e-01
6.267766952514648438e-01
6.208014488220214844e-01
5.810657739639282227e-01
6.377878785133361816e-01
6.061852574348449707e-01
5.886663198471069336e-01
5.858172774314880371e-01
6.091286540031433105e-01
5.740041732788085938e-01
5.778657197952270508e-01
6.272977590560913086e-01
5.802714228630065918e-01
5.783411860466003418e-01
6.080729365348815918e-01
5.713042616844177246e-01
5.951917767524719238e-01
5.779852271080017090e-01
5.673916935920715332e-01
6.378373503684997559e-01
5.926172733306884766e-01
5.972073674201965332e-01
5.855738520622253418e-01
6.021136045455932617e-01
5.788820385932922363e-01
5.946494936943054199e-01
5.754559636116027832e-01
6.035743951797485352e-01
6.179712414741516113e-01
5.990790724754333496e-01
5.765278935432434082e-01
6.176452040672302246e-01
5.699280500411987305e-01
5.832292437553405762e-01
6.375393271446228027e-01
6.554607748985290527e-01
5.906996726989746094e-01
5.948281288146972656e-01
5.886949300765991211e-01
5.838221907615661621e-01
5.842931866645812988e-01
5.806738734245300293e-01
6.088110804557800293e-01
6.409465074539184570e-01
6.029444932937622070e-01
6.104848980903625488e-01
6.435162425041198730e-01
6.268669366836547852e-01
5.948807001113891602e-01
5.895767211914062500e-01
5.711155533790588379e-01
5.858410000801086426e-01
5.866441726684570312e-01
5.874670147895812988e-01
5.769705176353454590e-01
5.832781195640563965e-01
5.797507166862487793e-01
5.720677375793457031e-01
5.831589102745056152e-01
5.944854617118835449e-01
5.886769294738769531e-01
5.956927537918090820e-01
5.851648449897766113e-01
5.782443284988403320e-01
5.765258073806762695e-01
5.619618296623229980e-01
5.891323089599609375e-01
5.845185518264770508e-01
6.058267951011657715e-01
5.730859637260437012e-01
5.789370536804199219e-01
5.929355025291442871e-01
5.841999053955078125e-01
6.355308890342712402e-01
5.740983486175537109e-01
5.881766080856323242e-01
6.120601892471313477e-01
5.890244841575622559e-01
5.693657994270324707e-01
5.800825357437133789e-01
5.909203886985778809e-01
6.040146946907043457e-01
5.965294837951660156e-01
6.304141879081726074e-01
6.201486587524414062e-01
5.723991394042968750e-01
5.910410284996032715e-01
6.492835879325866699e-01
5.985777974128723145e-01
6.041418910026550293e-01
6.097686886787414551e-01
6.414378881454467773e-01
6.471021771430969238e-01
6.004952788352966309e-01
6.191846728324890137e-01
5.941773056983947754e-01
5.752348303794860840e-01
5.824193358421325684e-01
6.263940930366516113e-01
5.806885361671447754e-01
6.128646731376647949e-01
5.978001952171325684e-01
5.912362337112426758e-01
5.824202895164489746e-01
5.842993855476379395e-01
5.686296820640563965e-01
6.041755080223083496e-01
5.843155980110168457e-01
6.265192627906799316e-01
5.952754616737365723e-01
5.953208208084106445e-01
6.733730435371398926e-01
6.299105882644653320e-01
5.888978242874145508e-01
6.249707937240600586e-01
5.754040479660034180e-01
5.906233191490173340e-01
6.889160275459289551e-01
7.028149962425231934e-01
6.810560226440429688e-01
5.727581381797790527e-01
5.938948988914489746e-01
5.929177999496459961e-01
6.019136309623718262e-01
5.867227315902709961e-01
6.036831140518188477e-01
5.719565153121948242e-01
5.916730761528015137e-01
5.970674753189086914e-01
5.919924378395080566e-01
6.041998863220214844e-01
5.737077593803405762e-01
5.896311998367309570e-01
5.904843211174011230e-01
6.326716542243957520e-01
5.978356599807739258e-01
5.796026587486267090e-01
5.840001702308654785e-01
6.315706372261047363e-01
5.837810635566711426e-01
5.913338661193847656e-01
5.978792309761047363e-01
5.912069678306579590e-01
5.942137837409973145e-01
5.945034027099609375e-01
5.772535800933837891e-01
6.033291220664978027e-01
6.121675968170166016e-01
5.879126787185668945e-01
5.758249759674072266e-01
6.137869954109191895e-01
5.826322436332702637e-01
5.714763998985290527e-01
6.502286791801452637e-01
5.885435342788696289e-01
6.253802180290222168e-01
5.888431668281555176e-01
5.867121815681457520e-01
5.725275278091430664e-01
5.892485976219177246e-01
5.835234522819519043e-01
5.807704329490661621e-01
5.769594311714172363e-01
5.868162512779235840e-01
5.857604742050170898e-01
6.122857332229614258e-01
6.038820147514343262e-01
5.862864851951599121e-01
6.009122133255004883e-01
6.333430409431457520e-01
5.857222676277160645e-01
5.754094123840332031e-01
5.968151092529296875e-01
5.973863005638122559e-01
5.878274440765380859e-01
6.000027060508728027e-01
5.895805954933166504e-01
5.926012992858886719e-01
5.981947183609008789e-01
6.307086944580078125e-01
6.656284332275390625e-01
6.315392851829528809e-01
6.042676568031311035e-01
5.950552821159362793e-01
6.034761667251586914e-01
5.707666277885437012e-01
5.899348258972167969e-01
7.063565254211425781e-01
6.050521135330200195e-01
5.822959542274475098e-01
5.845668315887451172e-01
5.795509219169616699e-01
5.741842985153198242e-01
5.895477533340454102e-01
5.953143835067749023e-01
5.761835575103759766e-01
6.107546687126159668e-01
6.066808104515075684e-01
5.942572951316833496e-01
6.002867221832275391e-01
5.792346000671386719e-01
6.085587143898010254e-01
5.898188948631286621e-01
5.781466364860534668e-01
5.814722180366516113e-01
5.759341716766357422e-01
6.298909783363342285e-01
5.794231891632080078e-01
5.984220504760742188e-01
5.778407454490661621e-01
5.867460370063781738e-01
5.681518316268920898e-01
6.045142412185668945e-01
5.902161598205566406e-01
5.983069539070129395e-01
5.784972310066223145e-01
6.140049099922180176e-01
5.736064314842224121e-01
5.849825143814086914e-01
6.050676703453063965e-01
