9.792302846908569336e-01
1.406279563903808594e+00
1.946469664573669434e+00
2.722917079925537109e+00
3.227633476257324219e+00
3.599159002304077148e+00
4.378808498382568359e+00
4.945297241210937500e+00
4.739120960235595703e+00
5.830476760864257812e+00
5.972095966339111328e+00
6.623434066772460938e+00
6.574387550354003906e+00
6.905675888061523438e+00
7.079274654388427734e+00
7.663587570190429688e+00
7.514566898345947266e+00
7.736806392669677734e+00
8.187204360961914062e+00
8.839017868041992188e+00
9.054739952087402344e+00
7.563957214355468750e+00
7.937480926513671875e+00
9.066348075866699219e+00
9.403420448303222656e+00
9.076207160949707031e+00
9.867653846740722656e+00
1.046421051025390625e+01
9.716471672058105469e+00
9.287931442260742188e+00
1.079127216339111328e+01
9.547558784484863281e+00
1.073471069335937500e+01
9.950263977050781250e+00
9.057185173034667969e+00
1.068890571594238281e+01
9.592334747314453125e+00
9.608362197875976562e+00
9.464183807373046875e+00
1.018877410888671875e+01
1.072586345672607422e+01
1.005041027069091797e+01
1.023027038574218750e+01
1.159153366088867188e+01
1.076984024047851562e+01
1.026616573333740234e+01
1.158899307250976562e+01
1.110676765441894531e+01
1.028403663635253906e+01
1.176552963256835938e+01
1.164376640319824219e+01
1.169655036926269531e+01
1.137932968139648438e+01
1.196872234344482422e+01
1.274047374725341797e+01
1.261607360839843750e+01
1.271567535400390625e+01
1.132070636749267578e+01
1.207212638854980469e+01
1.257829189300537109e+01
1.222966766357421875e+01
1.088521575927734375e+01
1.233344841003417969e+01
1.252722740173339844e+01
1.200259208679199219e+01
1.065792083740234375e+01
1.256985664367675781e+01
1.260916423797607422e+01
1.342778396606445312e+01
1.206787204742431641e+01
1.327532386779785156e+01
1.277032661437988281e+01
1.314428138732910156e+01
1.192542743682861328e+01
1.111852836608886719e+01
1.314251136779785156e+01
1.299942493438720703e+01
1.258251190185546875e+01
1.354438114166259766e+01
1.337482643127441406e+01
1.369622611999511719e+01
1.280222320556640625e+01
1.397780895233154297e+01
1.152423477172851562e+01
1.253387069702148438e+01
1.338272094726562500e+01
1.075176048278808594e+01
1.355603981018066406e+01
1.238875198364257812e+01
1.272748088836669922e+01
1.152388572692871094e+01
1.310252571105957031e+01
1.134160137176513672e+01
1.213165187835693359e+01
1.257150840759277344e+01
1.289719486236572266e+01
1.149018478393554688e+01
1.244158363342285156e+01
1.220386886596679688e+01
1.341616916656494141e+01
1.374369144439697266e+01
1.296335983276367188e+01
1.604072761535644531e+01
1.331443023681640625e+01
1.291692733764648438e+01
1.429097557067871094e+01
1.330722427368164062e+01
1.376338958740234375e+01
1.427647781372070312e+01
1.307993316650390625e+01
1.364821243286132812e+01
1.406508255004882812e+01
1.355326080322265625e+01
1.509575653076171875e+01
1.262948989868164062e+01
1.152736473083496094e+01
1.394213867187500000e+01
1.322371006011962891e+01
1.308697223663330078e+01
1.217054843902587891e+01
1.184369754791259766e+01
1.367375183105468750e+01
1.491087627410888672e+01
1.235189247131347656e+01
1.450824546813964844e+01
1.371981811523437500e+01
1.311190414428710938e+01
1.219361305236816406e+01
1.423840904235839844e+01
1.364835262298583984e+01
1.377952671051025391e+01
1.318341636657714844e+01
1.456873512268066406e+01
1.253660774230957031e+01
1.279181861877441406e+01
1.229657363891601562e+01
1.385159397125244141e+01
1.365596389770507812e+01
1.394579887390136719e+01
1.292393875122070312e+01
1.173908901214599609e+01
1.258015632629394531e+01
1.370285034179687500e+01
1.304012298583984375e+01
1.411179065704345703e+01
1.332818222045898438e+01
1.375081539154052734e+01
1.514485740661621094e+01
1.406501388549804688e+01
1.399333953857421875e+01
1.244892120361328125e+01
1.310803604125976562e+01
1.481145763397216797e+01
1.167085075378417969e+01
1.242460727691650391e+01
1.419897079467773438e+01
1.469425106048583984e+01
1.221363067626953125e+01
1.465316963195800781e+01
1.568793296813964844e+01
1.525469589233398438e+01
1.586240196228027344e+01
1.481662368774414062e+01
1.556866836547851562e+01
1.465631198883056641e+01
1.316731071472167969e+01
1.304818153381347656e+01
1.572791671752929688e+01
1.312474727630615234e+01
1.398669052124023438e+01
1.441474246978759766e+01
1.235288238525390625e+01
1.318761157989501953e+01
1.312530326843261719e+01
1.442650318145751953e+01
1.283538436889648438e+01
1.468100547790527344e+01
1.246094512939453125e+01
1.282437038421630859e+01
1.360258674621582031e+01
1.444227409362792969e+01
1.356977653503417969e+01
1.321741104125976562e+01
1.180594635009765625e+01
1.496130847930908203e+01
1.357658195495605469e+01
1.441557693481445312e+01
1.484378051757812500e+01
1.334792900085449219e+01
1.400982952117919922e+01
1.465462207794189453e+01
1.317124748229980469e+01
1.392465209960937500e+01
1.382645130157470703e+01
1.346011543273925781e+01
1.401998329162597656e+01
1.322324180603027344e+01
1.362353324890136719e+01
1.405251407623291016e+01
1.321348667144775391e+01
1.426501560211181641e+01
1.248053932189941406e+01
1.455782127380371094e+01
1.432795524597167969e+01
1.242298698425292969e+01
1.535076713562011719e+01
1.269739818572998047e+01
1.385877227783203125e+01
1.367930316925048828e+01
1.445897674560546875e+01
1.438352966308593750e+01
1.435598182678222656e+01
1.266905021667480469e+01
1.411969757080078125e+01
1.539437103271484375e+01
1.401418495178222656e+01
1.455781364440917969e+01
1.483880424499511719e+01
1.393362236022949219e+01
1.419396305084228516e+01
1.445340728759765625e+01
1.346000194549560547e+01
1.479728221893310547e+01
1.321662235260009766e+01
1.345527076721191406e+01
1.301132297515869141e+01
1.339315319061279297e+01
1.418095970153808594e+01
1.363893699645996094e+01
1.398528099060058594e+01
1.365806770324707031e+01
1.529445171356201172e+01
1.338921737670898438e+01
1.480118274688720703e+01
1.475604438781738281e+01
1.455028724670410156e+01
1.434394645690917969e+01
1.513709354400634766e+01
1.521156883239746094e+01
1.289473628997802734e+01
1.301638507843017578e+01
1.418429470062255859e+01
1.539959621429443359e+01
1.657487106323242188e+01
1.595668792724609375e+01
1.512118816375732422e+01
1.480238533020019531e+01
1.532093048095703125e+01
1.499538803100585938e+01
1.474567794799804688e+01
1.494968032836914062e+01
1.493076038360595703e+01
1.485060119628906250e+01
1.457304954528808594e+01
1.488207244873046875e+01
1.369233322143554688e+01
1.513465595245361328e+01
1.456278419494628906e+01
1.507320117950439453e+01
1.662757873535156250e+01
1.590430641174316406e+01
1.321727752685546875e+01
1.360513687133789062e+01
1.546026611328125000e+01
1.408800506591796875e+01
1.393167591094970703e+01
1.456640911102294922e+01
1.558966732025146484e+01
1.597722625732421875e+01
1.495955181121826172e+01
1.735929870605468750e+01
1.336633491516113281e+01
1.457548141479492188e+01
1.451623153686523438e+01
1.654398727416992188e+01
1.646761322021484375e+01
1.653165626525878906e+01
1.419625377655029297e+01
1.491281318664550781e+01
1.582468414306640625e+01
1.656293106079101562e+01
1.629948425292968750e+01
1.471624469757080078e+01
1.502315139770507812e+01
1.386932754516601562e+01
1.653367424011230469e+01
1.417842864990234375e+01
1.429750728607177734e+01
1.392649269104003906e+01
1.474249839782714844e+01
1.411257839202880859e+01
1.623686599731445312e+01
1.499446678161621094e+01
1.437250709533691406e+01
1.862852478027343750e+01
1.693824386596679688e+01
1.486756515502929688e+01
1.469229125976562500e+01
1.839818572998046875e+01
1.651201248168945312e+01
1.618126678466796875e+01
1.525440788269042969e+01
1.683595848083496094e+01
1.624267959594726562e+01
1.462820625305175781e+01
1.614255905151367188e+01
1.472034645080566406e+01
1.579378509521484375e+01
1.389251708984375000e+01
1.747824096679687500e+01
1.480421066284179688e+01
1.491099643707275391e+01
1.685875701904296875e+01
1.394945144653320312e+01
1.487632560729980469e+01
1.739484024047851562e+01
1.672424125671386719e+01
1.499065494537353516e+01
1.392656803131103516e+01
1.513979339599609375e+01
1.462524223327636719e+01
1.610147094726562500e+01
1.489783096313476562e+01
1.525088691711425781e+01
1.605281066894531250e+01
1.607991981506347656e+01
1.496500396728515625e+01
1.655692863464355469e+01
1.528857517242431641e+01
1.567228794097900391e+01
1.510871696472167969e+01
1.589458942413330078e+01
1.716515159606933594e+01
1.740009689331054688e+01
1.564462852478027344e+01
1.575706291198730469e+01
1.439765930175781250e+01
1.559988689422607422e+01
1.443382072448730469e+01
1.377554321289062500e+01
1.640417480468750000e+01
1.568487071990966797e+01
1.466964340209960938e+01
1.635821723937988281e+01
1.651448440551757812e+01
1.720767593383789062e+01
1.727256584167480469e+01
1.535374641418457031e+01
1.445887565612792969e+01
1.570854377746582031e+01
1.617345046997070312e+01
1.457666778564453125e+01
1.554545688629150391e+01
1.667861557006835938e+01
1.561278343200683594e+01
1.557501029968261719e+01
1.440390014648437500e+01
1.503710937500000000e+01
1.392503929138183594e+01
1.666500473022460938e+01
1.609922409057617188e+01
1.672327232360839844e+01
1.436015319824218750e+01
1.492930603027343750e+01
1.581536579132080078e+01
1.533387184143066406e+01
1.545104598999023438e+01
1.510054874420166016e+01
1.517066574096679688e+01
1.562748050689697266e+01
1.598489570617675781e+01
1.649183082580566406e+01
1.554126262664794922e+01
1.721545410156250000e+01
1.686144447326660156e+01
1.711504554748535156e+01
1.397713088989257812e+01
1.621300888061523438e+01
1.513441562652587891e+01
1.601839828491210938e+01
1.539711761474609375e+01
1.530560398101806641e+01
1.413543319702148438e+01
1.594678020477294922e+01
1.539837837219238281e+01
1.781618499755859375e+01
1.788671493530273438e+01
1.517665958404541016e+01
1.419569015502929688e+01
1.603712463378906250e+01
1.705757141113281250e+01
1.606965637207031250e+01
1.464888381958007812e+01
1.682512664794921875e+01
1.507972717285156250e+01
1.505602264404296875e+01
1.395024108886718750e+01
1.604220581054687500e+01
1.654426765441894531e+01
1.582606220245361328e+01
1.647945404052734375e+01
1.499978065490722656e+01
1.500921630859375000e+01
1.527051734924316406e+01
1.488385105133056641e+01
1.718082809448242188e+01
1.618544769287109375e+01
1.575591182708740234e+01
1.394163894653320312e+01
1.608385467529296875e+01
1.565799999237060547e+01
1.399165916442871094e+01
1.510989570617675781e+01
1.547432136535644531e+01
1.651741790771484375e+01
1.575559997558593750e+01
1.630578422546386719e+01
1.540711021423339844e+01
1.574520206451416016e+01
1.498253822326660156e+01
1.520258712768554688e+01
1.424192810058593750e+01
1.608008575439453125e+01
1.437338352203369141e+01
1.788035202026367188e+01
1.504926490783691406e+01
1.423751258850097656e+01
1.709408569335937500e+01
1.573768234252929688e+01
1.742840957641601562e+01
1.720238876342773438e+01
1.587354469299316406e+01
1.586442661285400391e+01
1.476861381530761719e+01
1.542561435699462891e+01
1.498877716064453125e+01
1.384552097320556641e+01
1.625099563598632812e+01
1.572635459899902344e+01
1.584772300720214844e+01
1.670816421508789062e+01
1.711177635192871094e+01
1.818763732910156250e+01
1.834768486022949219e+01
1.597655487060546875e+01
1.553803825378417969e+01
1.431792449951171875e+01
1.576143932342529297e+01
1.807954788208007812e+01
1.647001266479492188e+01
1.646061325073242188e+01
1.489085006713867188e+01
1.694082641601562500e+01
1.619399452209472656e+01
1.592177963256835938e+01
1.909040641784667969e+01
1.490542793273925781e+01
1.582019901275634766e+01
1.574867439270019531e+01
1.717784500122070312e+01
1.514372253417968750e+01
1.602162361145019531e+01
1.707601928710937500e+01
1.641948127746582031e+01
1.487037467956542969e+01
1.550144958496093750e+01
1.719004249572753906e+01
1.647935485839843750e+01
1.643332290649414062e+01
1.619122314453125000e+01
1.750518798828125000e+01
1.518260574340820312e+01
1.711910438537597656e+01
1.640783119201660156e+01
1.864881515502929688e+01
1.646115493774414062e+01
1.639849472045898438e+01
1.704052352905273438e+01
1.491745185852050781e+01
1.552039337158203125e+01
1.654075622558593750e+01
1.646798896789550781e+01
1.711683273315429688e+01
1.774124717712402344e+01
1.486095619201660156e+01
1.645912551879882812e+01
1.682809448242187500e+01
1.748480224609375000e+01
1.781464767456054688e+01
1.588489913940429688e+01
1.774705505371093750e+01
1.651718139648437500e+01
1.914398765563964844e+01
1.649477577209472656e+01
1.586931228637695312e+01
1.799266815185546875e+01
1.684788703918457031e+01
1.629578971862792969e+01
1.534734153747558594e+01
1.888043785095214844e+01
1.355226612091064453e+01
1.564912891387939453e+01
1.867617034912109375e+01
1.485276603698730469e+01
1.816211318969726562e+01
1.422063827514648438e+01
1.678840255737304688e+01
1.838577270507812500e+01
1.562183761596679688e+01
1.681775093078613281e+01
1.759705924987792969e+01
1.665481758117675781e+01
1.629962921142578125e+01
1.550067329406738281e+01
1.660631179809570312e+01
1.625932693481445312e+01
1.704534530639648438e+01
1.463347816467285156e+01
1.743688392639160156e+01
1.791734313964843750e+01
1.646461105346679688e+01
1.618823051452636719e+01
1.690336608886718750e+01
1.811372566223144531e+01
1.840851974487304688e+01
1.733508682250976562e+01
1.613800811767578125e+01
1.706643486022949219e+01
1.604228973388671875e+01
1.494265365600585938e+01
1.684728240966796875e+01
1.687090682983398438e+01
1.811026763916015625e+01
1.725995635986328125e+01
1.748855209350585938e+01
1.839891052246093750e+01
1.618388557434082031e+01
1.571160507202148438e+01
1.564798736572265625e+01
1.900889205932617188e+01
1.692025375366210938e+01
1.679462242126464844e+01
1.883784103393554688e+01
1.504393577575683594e+01
1.729124450683593750e+01
1.674040222167968750e+01
1.567832374572753906e+01
1.682268524169921875e+01
1.502129173278808594e+01
1.664741706848144531e+01
1.445323944091796875e+01
1.803961563110351562e+01
1.754566955566406250e+01
1.775585174560546875e+01
1.724179077148437500e+01
1.677437210083007812e+01
1.684959030151367188e+01
1.664127159118652344e+01
1.753144264221191406e+01
1.647318649291992188e+01
1.702908325195312500e+01
1.652763557434082031e+01
1.661758422851562500e+01
1.814096069335937500e+01
1.560780239105224609e+01
1.573655891418457031e+01
1.557781410217285156e+01
1.706908798217773438e+01
1.588117790222167969e+01
1.673751449584960938e+01
1.803147888183593750e+01
1.669692993164062500e+01
1.484275817871093750e+01
1.574565792083740234e+01
1.401674938201904297e+01
1.618406677246093750e+01
1.512702846527099609e+01
1.695035362243652344e+01
1.523716926574707031e+01
1.678811264038085938e+01
1.610960578918457031e+01
1.755645942687988281e+01
1.510145759582519531e+01
1.627625846862792969e+01
1.705517005920410156e+01
1.717867469787597656e+01
1.567749691009521484e+01
1.770238304138183594e+01
1.661997222900390625e+01
1.570939064025878906e+01
1.581113052368164062e+01
1.670157623291015625e+01
1.587787532806396484e+01
1.549619483947753906e+01
1.588291168212890625e+01
1.698590850830078125e+01
1.752416801452636719e+01
1.606785964965820312e+01
1.490999889373779297e+01
1.765441131591796875e+01
1.589900302886962891e+01
1.645090484619140625e+01
1.668689727783203125e+01
1.462647914886474609e+01
1.606278991699218750e+01
1.617124557495117188e+01
1.731243324279785156e+01
1.618974876403808594e+01
1.737074851989746094e+01
1.585610294342041016e+01
1.627120018005371094e+01
1.562025260925292969e+01
1.761808967590332031e+01
1.672607803344726562e+01
1.704936599731445312e+01
1.757826614379882812e+01
1.690365409851074219e+01
1.621559524536132812e+01
1.692041015625000000e+01
1.439570140838623047e+01
1.557444190979003906e+01
1.501969718933105469e+01
1.593656349182128906e+01
1.557485580444335938e+01
1.718810462951660156e+01
1.645153808593750000e+01
1.633905029296875000e+01
1.523147869110107422e+01
1.646690559387207031e+01
1.581551361083984375e+01
1.614757537841796875e+01
1.407310295104980469e+01
1.455648517608642578e+01
1.596762657165527344e+01
1.658574867248535156e+01
1.637503814697265625e+01
1.538577651977539062e+01
1.441239166259765625e+01
1.405389785766601562e+01
1.422304534912109375e+01
1.250715065002441406e+01
1.353581047058105469e+01
1.423147773742675781e+01
1.372367477416992188e+01
1.382635688781738281e+01
1.275805664062500000e+01
1.471721458435058594e+01
1.455232048034667969e+01
1.392373180389404297e+01
1.313726234436035156e+01
1.249350929260253906e+01
1.340839958190917969e+01
1.244851970672607422e+01
1.276828193664550781e+01
1.202396392822265625e+01
1.267369747161865234e+01
1.080852317810058594e+01
1.250686550140380859e+01
1.126551914215087891e+01
1.093294334411621094e+01
1.259621047973632812e+01
1.028906250000000000e+01
1.091463088989257812e+01
1.113754653930664062e+01
1.072838592529296875e+01
1.077790260314941406e+01
1.092051696777343750e+01
1.074283504486083984e+01
1.021987724304199219e+01
9.078298568725585938e+00
9.880158424377441406e+00
9.182889938354492188e+00
9.777496337890625000e+00
7.696872234344482422e+00
9.169019699096679688e+00
9.515916824340820312e+00
8.616405487060546875e+00
8.349912643432617188e+00
9.377075195312500000e+00
9.820327758789062500e+00
9.623176574707031250e+00
8.570258140563964844e+00
8.218358993530273438e+00
8.696049690246582031e+00
8.619611740112304688e+00
7.519927978515625000e+00
8.492618560791015625e+00
7.222929954528808594e+00
7.125798225402832031e+00
6.703688621520996094e+00
6.614848613739013672e+00
6.673186779022216797e+00
6.680355548858642578e+00
6.582592964172363281e+00
7.185891628265380859e+00
6.852818965911865234e+00
7.002029895782470703e+00
6.837751388549804688e+00
8.148058891296386719e+00
8.224472045898437500e+00
8.485849380493164062e+00
7.936681747436523438e+00
7.479220390319824219e+00
7.995853424072265625e+00
7.436501026153564453e+00
8.953363418579101562e+00
8.299551963806152344e+00
8.421281814575195312e+00
8.403020858764648438e+00
9.355220794677734375e+00
9.122653961181640625e+00
9.369731903076171875e+00
9.251706123352050781e+00
9.883132934570312500e+00
9.296251296997070312e+00
9.210870742797851562e+00
9.704306602478027344e+00
9.880218505859375000e+00
9.970441818237304688e+00
8.915926933288574219e+00
8.694379806518554688e+00
9.660911560058593750e+00
9.537294387817382812e+00
9.674293518066406250e+00
8.848627090454101562e+00
9.722362518310546875e+00
8.444255828857421875e+00
9.367796897888183594e+00
9.476030349731445312e+00
8.880365371704101562e+00
9.806352615356445312e+00
9.829297065734863281e+00
9.243000030517578125e+00
9.269058227539062500e+00
8.812026977539062500e+00
9.947326660156250000e+00
9.501600265502929688e+00
1.064829730987548828e+01
1.011109542846679688e+01
9.995092391967773438e+00
1.000284004211425781e+01
9.155727386474609375e+00
1.032680320739746094e+01
9.463317871093750000e+00
1.025877571105957031e+01
9.606494903564453125e+00
9.533205032348632812e+00
1.016519927978515625e+01
1.027421569824218750e+01
1.029188156127929688e+01
9.867803573608398438e+00
1.008639240264892578e+01
9.453881263732910156e+00
9.757418632507324219e+00
9.627289772033691406e+00
9.046826362609863281e+00
1.037629985809326172e+01
1.008543205261230469e+01
9.866048812866210938e+00
9.989159584045410156e+00
1.135319328308105469e+01
1.026982879638671875e+01
1.010651016235351562e+01
1.065731906890869141e+01
1.049540328979492188e+01
1.110415744781494141e+01
1.023995971679687500e+01
1.074177742004394531e+01
1.026640319824218750e+01
1.098784542083740234e+01
1.161101436614990234e+01
1.086700725555419922e+01
1.112007141113281250e+01
1.112294387817382812e+01
1.213451480865478516e+01
9.896375656127929688e+00
1.122747707366943359e+01
1.081981754302978516e+01
1.135999298095703125e+01
1.084484195709228516e+01
1.099651908874511719e+01
1.188822555541992188e+01
1.188719749450683594e+01
1.104748153686523438e+01
1.028460311889648438e+01
1.080659484863281250e+01
1.266319179534912109e+01
1.133342933654785156e+01
1.230746650695800781e+01
1.016462039947509766e+01
1.089209651947021484e+01
1.203454017639160156e+01
1.233752918243408203e+01
1.150644683837890625e+01
1.055043601989746094e+01
1.194395637512207031e+01
1.132423019409179688e+01
1.262254142761230469e+01
1.161500835418701172e+01
1.316759014129638672e+01
1.251989841461181641e+01
1.309821987152099609e+01
1.220195102691650391e+01
1.098068237304687500e+01
1.249188995361328125e+01
1.107586479187011719e+01
1.195893573760986328e+01
1.050939369201660156e+01
1.173958396911621094e+01
1.238974285125732422e+01
1.299955368041992188e+01
1.288748359680175781e+01
1.161025047302246094e+01
1.303993988037109375e+01
9.813337326049804688e+00
1.170681858062744141e+01
1.319975471496582031e+01
1.315236186981201172e+01
1.167181968688964844e+01
1.148466682434082031e+01
1.171860694885253906e+01
1.333488273620605469e+01
1.209177589416503906e+01
1.227865219116210938e+01
1.211327934265136719e+01
1.151871013641357422e+01
1.233121585845947266e+01
1.200138854980468750e+01
1.222169876098632812e+01
1.205253982543945312e+01
1.139234161376953125e+01
1.123092555999755859e+01
1.214594459533691406e+01
1.215082359313964844e+01
1.227470016479492188e+01
1.221351242065429688e+01
1.095516777038574219e+01
1.209570217132568359e+01
1.081218338012695312e+01
1.258083343505859375e+01
1.163605117797851562e+01
1.170223426818847656e+01
1.232270908355712891e+01
1.136939716339111328e+01
1.176588249206542969e+01
1.147052574157714844e+01
1.205745792388916016e+01
1.159485626220703125e+01
1.140936088562011719e+01
1.198576354980468750e+01
1.125789833068847656e+01
1.210311698913574219e+01
1.218225479125976562e+01
1.093995094299316406e+01
1.218811798095703125e+01
1.089911270141601562e+01
1.281554412841796875e+01
1.216704654693603516e+01
9.956764221191406250e+00
1.139839935302734375e+01
1.174297904968261719e+01
1.215227794647216797e+01
9.778966903686523438e+00
1.078808307647705078e+01
1.118719291687011719e+01
1.042479133605957031e+01
1.181765365600585938e+01
1.110451602935791016e+01
1.150300025939941406e+01
1.113889217376708984e+01
1.174041557312011719e+01
1.097580146789550781e+01
1.189166355133056641e+01
1.128175735473632812e+01
1.170756816864013672e+01
1.188705253601074219e+01
1.247730255126953125e+01
1.208019161224365234e+01
1.216856575012207031e+01
1.220091247558593750e+01
1.112768936157226562e+01
1.232154273986816406e+01
1.171149349212646484e+01
1.197414684295654297e+01
1.199831581115722656e+01
1.142951583862304688e+01
1.062025165557861328e+01
1.102579498291015625e+01
1.096352291107177734e+01
1.152066802978515625e+01
1.049120044708251953e+01
1.124582481384277344e+01
1.167670822143554688e+01
1.097797203063964844e+01
1.136945343017578125e+01
1.272594261169433594e+01
1.266086959838867188e+01
1.047952270507812500e+01
1.149056053161621094e+01
1.198335647583007812e+01
1.006433296203613281e+01
1.158365440368652344e+01
1.138768196105957031e+01
1.158748912811279297e+01
1.154563617706298828e+01
1.152942848205566406e+01
1.174762248992919922e+01
1.077074909210205078e+01
1.186157035827636719e+01
1.129146766662597656e+01
1.207791042327880859e+01
1.195794105529785156e+01
1.104275703430175781e+01
1.095753288269042969e+01
1.208277225494384766e+01
1.337363433837890625e+01
1.214788150787353516e+01
1.214720916748046875e+01
1.225475883483886719e+01
1.133156967163085938e+01
1.227235412597656250e+01
1.183994293212890625e+01
1.178135681152343750e+01
1.188509368896484375e+01
1.120594978332519531e+01
1.168950653076171875e+01
1.203910160064697266e+01
1.182685661315917969e+01
1.264689540863037109e+01
1.177048301696777344e+01
1.296598720550537109e+01
1.303094196319580078e+01
1.139756679534912109e+01
1.085719013214111328e+01
1.150135803222656250e+01
1.128795433044433594e+01
1.108325958251953125e+01
1.127409553527832031e+01
1.272398376464843750e+01
1.063739681243896484e+01
1.218886756896972656e+01
1.128922080993652344e+01
1.252478218078613281e+01
1.138472747802734375e+01
1.191119194030761719e+01
1.290620422363281250e+01
1.294523048400878906e+01
1.184237957000732422e+01
1.008305931091308594e+01
1.167625236511230469e+01
1.175278854370117188e+01
1.169499301910400391e+01
1.205200195312500000e+01
1.163630867004394531e+01
1.218830776214599609e+01
1.193182563781738281e+01
1.188577842712402344e+01
1.141289901733398438e+01
1.098101425170898438e+01
1.208498668670654297e+01
1.289128112792968750e+01
1.100992393493652344e+01
1.225047016143798828e+01
1.217587661743164062e+01
1.152377128601074219e+01
1.202994918823242188e+01
1.224928188323974609e+01
1.184452247619628906e+01
1.186014842987060547e+01
1.080227184295654297e+01
1.357659721374511719e+01
1.153315830230712891e+01
1.115434837341308594e+01
1.137540626525878906e+01
1.246860599517822266e+01
1.186046504974365234e+01
1.192445755004882812e+01
1.144515705108642578e+01
1.178610897064208984e+01
1.130878829956054688e+01
1.228879737854003906e+01
1.157122802734375000e+01
1.071230888366699219e+01
1.161795902252197266e+01
1.162873268127441406e+01
1.176901817321777344e+01
1.183122730255126953e+01
1.173930549621582031e+01
1.095213317871093750e+01
1.174837017059326172e+01
1.134843826293945312e+01
1.152346801757812500e+01
1.206862258911132812e+01
1.152498817443847656e+01
1.019444656372070312e+01
1.029568386077880859e+01
1.089257240295410156e+01
1.127336406707763672e+01
1.008923339843750000e+01
1.075113868713378906e+01
1.097285461425781250e+01
1.099373626708984375e+01
1.139460659027099609e+01
1.022328758239746094e+01
1.202719688415527344e+01
1.033425521850585938e+01
1.102322006225585938e+01
1.188171005249023438e+01
1.007789039611816406e+01
1.178191375732421875e+01
1.166061973571777344e+01
1.146644592285156250e+01
1.168845939636230469e+01
1.063255214691162109e+01
1.057264900207519531e+01
1.066233348846435547e+01
1.065720558166503906e+01
1.123019409179687500e+01
1.108706283569335938e+01
1.174845504760742188e+01
1.093843841552734375e+01
1.053675842285156250e+01
1.003071212768554688e+01
1.070718193054199219e+01
1.136045646667480469e+01
1.094837379455566406e+01
1.070206260681152344e+01
1.184112739562988281e+01
1.092009067535400391e+01
1.151156616210937500e+01
1.053633499145507812e+01
1.095965671539306641e+01
1.037375354766845703e+01
1.003152656555175781e+01
1.068819427490234375e+01
1.055782794952392578e+01
1.147824192047119141e+01
1.052636623382568359e+01
1.065210723876953125e+01
1.147200870513916016e+01
1.145390796661376953e+01
1.182451248168945312e+01
1.110280036926269531e+01
1.128473091125488281e+01
1.105047988891601562e+01
1.219338035583496094e+01
1.158611869812011719e+01
1.127865028381347656e+01
1.275574874877929688e+01
1.171921539306640625e+01
1.158760833740234375e+01
1.114082241058349609e+01
1.199556255340576172e+01
1.269621658325195312e+01
1.094895648956298828e+01
1.184684181213378906e+01
1.139727401733398438e+01
1.165010452270507812e+01
1.241337680816650391e+01
1.069109153747558594e+01
1.109444522857666016e+01
1.086626434326171875e+01
1.230305099487304688e+01
1.183965301513671875e+01
1.148033142089843750e+01
1.237810611724853516e+01
1.142372608184814453e+01
1.310255241394042969e+01
1.121089076995849609e+01
1.102203083038330078e+01
1.142136764526367188e+01
1.090019226074218750e+01
1.231467056274414062e+01
9.975278854370117188e+00
1.103084373474121094e+01
1.162080955505371094e+01
1.122427272796630859e+01
1.187723541259765625e+01
1.121870803833007812e+01
1.129647254943847656e+01
1.198995113372802734e+01
1.145008468627929688e+01
1.087199401855468750e+01
1.112512588500976562e+01
1.088371753692626953e+01
1.077731323242187500e+01
1.138224124908447266e+01
1.212028217315673828e+01
1.107939720153808594e+01
1.131576347351074219e+01
1.092987823486328125e+01
1.118296146392822266e+01
1.105684852600097656e+01
1.035657310485839844e+01
9.960853576660156250e+00
1.103355693817138672e+01
1.060792446136474609e+01
1.086841773986816406e+01
1.039162635803222656e+01
1.171763992309570312e+01
1.076809692382812500e+01
1.103977203369140625e+01
1.225762176513671875e+01
1.141598129272460938e+01
1.119165992736816406e+01
1.177403640747070312e+01
1.074868869781494141e+01
1.056474876403808594e+01
1.166577053070068359e+01
1.184204292297363281e+01
1.178760337829589844e+01
1.082314968109130859e+01
1.185834312438964844e+01
1.117810058593750000e+01
1.260146331787109375e+01
1.303352546691894531e+01
1.201747512817382812e+01
1.191049194335937500e+01
1.269210433959960938e+01
1.218957138061523438e+01
1.166545963287353516e+01
1.288269615173339844e+01
1.303300476074218750e+01
1.151088714599609375e+01
1.188180160522460938e+01
1.199806594848632812e+01
1.346454811096191406e+01
1.123322582244873047e+01
1.287217617034912109e+01
1.279524517059326172e+01
1.269799232482910156e+01
1.089433765411376953e+01
1.226264381408691406e+01
1.210848331451416016e+01
1.163367938995361328e+01
1.321720504760742188e+01
1.290699768066406250e+01
1.240589141845703125e+01
1.277712631225585938e+01
1.180582427978515625e+01
1.294405269622802734e+01
1.223047924041748047e+01
1.161078548431396484e+01
1.218102836608886719e+01
1.183820724487304688e+01
1.261459732055664062e+01
1.147363090515136719e+01
1.159619331359863281e+01
1.215840339660644531e+01
1.256398582458496094e+01
1.167477035522460938e+01
1.087941741943359375e+01
1.159491348266601562e+01
1.170154190063476562e+01
1.164903163909912109e+01
1.166130638122558594e+01
1.223132324218750000e+01
1.213737010955810547e+01
1.102606010437011719e+01
1.146395301818847656e+01
1.241787338256835938e+01
1.108260917663574219e+01
1.228629779815673828e+01
1.118102169036865234e+01
1.114771556854248047e+01
1.185320186614990234e+01
1.058180809020996094e+01
1.197628402709960938e+01
1.180323982238769531e+01
1.221156692504882812e+01
1.147198581695556641e+01
1.119702529907226562e+01
1.188454532623291016e+01
1.145447158813476562e+01
1.024547386169433594e+01
1.058586883544921875e+01
1.061422061920166016e+01
1.094718265533447266e+01
1.106879997253417969e+01
1.049382400512695312e+01
1.108175849914550781e+01
1.122452831268310547e+01
1.040137290954589844e+01
1.093541812896728516e+01
1.044675254821777344e+01
1.067296600341796875e+01
1.063511466979980469e+01
1.061261367797851562e+01
9.789306640625000000e+00
9.651137351989746094e+00
9.883124351501464844e+00
9.556828498840332031e+00
1.140647506713867188e+01
9.744918823242187500e+00
1.097008609771728516e+01
9.924034118652343750e+00
1.101784229278564453e+01
1.070272731781005859e+01
1.105271911621093750e+01
8.720415115356445312e+00
8.702589035034179688e+00
1.025283622741699219e+01
9.951693534851074219e+00
1.121735763549804688e+01
9.459804534912109375e+00
1.095070934295654297e+01
1.214062309265136719e+01
1.126508712768554688e+01
1.020289993286132812e+01
1.126747035980224609e+01
1.269372653961181641e+01
1.151768302917480469e+01
1.009434700012207031e+01
9.749268531799316406e+00
1.134521579742431641e+01
1.000852108001708984e+01
1.375807189941406250e+01
1.179796504974365234e+01
1.381587600708007812e+01
1.437001228332519531e+01
1.396973228454589844e+01
1.464684009552001953e+01
1.299158477783203125e+01
1.307592868804931641e+01
1.393955612182617188e+01
1.234025573730468750e+01
1.162120914459228516e+01
1.305667495727539062e+01
1.358314132690429688e+01
1.423034858703613281e+01
1.397752285003662109e+01
1.280713272094726562e+01
1.358043289184570312e+01
1.346173858642578125e+01
1.445689773559570312e+01
1.392458629608154297e+01
1.372222709655761719e+01
1.268321990966796875e+01
1.363407707214355469e+01
1.297802448272705078e+01
1.267024612426757812e+01
1.199067306518554688e+01
1.379328250885009766e+01
1.313617515563964844e+01
1.320955371856689453e+01
1.490589714050292969e+01
1.177931404113769531e+01
1.223742961883544922e+01
1.291515541076660156e+01
1.293287754058837891e+01
1.096870040893554688e+01
1.264662170410156250e+01
1.101843547821044922e+01
1.390708255767822266e+01
1.273893928527832031e+01
1.235570335388183594e+01
1.104230499267578125e+01
1.410557365417480469e+01
1.368010711669921875e+01
1.514007568359375000e+01
1.310846328735351562e+01
1.264422321319580078e+01
1.476533412933349609e+01
1.210784530639648438e+01
1.263271617889404297e+01
1.196606445312500000e+01
1.250848388671875000e+01
1.428287982940673828e+01
1.262158775329589844e+01
1.422555351257324219e+01
1.506639671325683594e+01
1.505399894714355469e+01
1.480647945404052734e+01
1.285804748535156250e+01
1.565797424316406250e+01
1.500524902343750000e+01
1.568634700775146484e+01
1.610876846313476562e+01
1.478284263610839844e+01
1.537115669250488281e+01
1.454716491699218750e+01
1.245354461669921875e+01
1.354635620117187500e+01
1.519692707061767578e+01
1.660861968994140625e+01
1.495376873016357422e+01
1.375868606567382812e+01
1.728593826293945312e+01
1.659527587890625000e+01
1.653743171691894531e+01
1.538983535766601562e+01
1.588226127624511719e+01
1.616053962707519531e+01
1.559253978729248047e+01
1.543064498901367188e+01
1.679146194458007812e+01
1.509571456909179688e+01
1.302325725555419922e+01
1.542107772827148438e+01
1.630664062500000000e+01
1.381424808502197266e+01
1.747642326354980469e+01
1.617470359802246094e+01
1.614250946044921875e+01
1.618557167053222656e+01
1.485232543945312500e+01
1.508207130432128906e+01
1.789992141723632812e+01
1.408168220520019531e+01
1.584502315521240234e+01
1.591657733917236328e+01
1.464479827880859375e+01
1.537782669067382812e+01
1.902599716186523438e+01
1.501729011535644531e+01
1.561437988281250000e+01
1.688574790954589844e+01
1.571343803405761719e+01
1.761882019042968750e+01
1.625713920593261719e+01
1.890664672851562500e+01
1.743105316162109375e+01
1.881287384033203125e+01
1.716797447204589844e+01
1.568416976928710938e+01
1.744355201721191406e+01
1.626790046691894531e+01
1.903761291503906250e+01
1.777601051330566406e+01
1.737531471252441406e+01
2.139480590820312500e+01
1.798198127746582031e+01
1.781805419921875000e+01
1.747975158691406250e+01
1.676869201660156250e+01
2.146313285827636719e+01
1.745491218566894531e+01
1.704508781433105469e+01
1.748099899291992188e+01
1.955312156677246094e+01
1.946216201782226562e+01
1.725851821899414062e+01
1.721171951293945312e+01
1.803291320800781250e+01
2.020038414001464844e+01
1.631885147094726562e+01
1.988891220092773438e+01
1.824220466613769531e+01
2.227611541748046875e+01
1.786439323425292969e+01
1.757072830200195312e+01
1.807476043701171875e+01
1.883511161804199219e+01
1.996669387817382812e+01
2.064554977416992188e+01
1.774746322631835938e+01
2.052457046508789062e+01
2.067576408386230469e+01
2.042866134643554688e+01
1.788408279418945312e+01
1.799616813659667969e+01
1.929187774658203125e+01
1.936940765380859375e+01
1.791770172119140625e+01
2.102967071533203125e+01
2.148992347717285156e+01
2.046677207946777344e+01
2.333164596557617188e+01
1.946957778930664062e+01
1.952284812927246094e+01
2.020693397521972656e+01
2.140304374694824219e+01
1.968934249877929688e+01
1.736909103393554688e+01
1.924408721923828125e+01
2.045582962036132812e+01
1.874802780151367188e+01
2.103988838195800781e+01
1.979411888122558594e+01
2.067538452148437500e+01
1.871794891357421875e+01
1.975968170166015625e+01
1.936714363098144531e+01
1.988461112976074219e+01
2.171922492980957031e+01
2.029733276367187500e+01
2.064080429077148438e+01
1.884991455078125000e+01
2.133071136474609375e+01
1.981611633300781250e+01
1.936345100402832031e+01
1.761096572875976562e+01
1.594864654541015625e+01
2.049057388305664062e+01
2.071951675415039062e+01
2.302149391174316406e+01
2.327604675292968750e+01
2.080055999755859375e+01
2.182249450683593750e+01
2.033570098876953125e+01
1.983627319335937500e+01
1.700373840332031250e+01
2.183709526062011719e+01
2.080678558349609375e+01
2.234678840637207031e+01
2.037135696411132812e+01
2.209704971313476562e+01
2.132929229736328125e+01
2.815827751159667969e+01
2.255531692504882812e+01
1.930272674560546875e+01
2.209302902221679688e+01
2.368339157104492188e+01
2.329552268981933594e+01
2.293681335449218750e+01
2.553604507446289062e+01
2.255798912048339844e+01
2.174574279785156250e+01
2.245337677001953125e+01
2.518860626220703125e+01
2.603779029846191406e+01
2.285104942321777344e+01
2.129954528808593750e+01
2.390056991577148438e+01
2.592018890380859375e+01
2.328890609741210938e+01
2.289373970031738281e+01
2.314353942871093750e+01
2.739408111572265625e+01
2.464709091186523438e+01
2.476461791992187500e+01
2.258398056030273438e+01
2.476625823974609375e+01
2.127642440795898438e+01
2.436894607543945312e+01
2.305950927734375000e+01
2.114773941040039062e+01
2.448271560668945312e+01
2.330301284790039062e+01
2.522215652465820312e+01
2.296765136718750000e+01
2.287021255493164062e+01
2.401653289794921875e+01
2.472312927246093750e+01
2.389898490905761719e+01
2.368984031677246094e+01
2.387862014770507812e+01
2.577655982971191406e+01
2.260455131530761719e+01
2.262004852294921875e+01
2.365566635131835938e+01
2.850986862182617188e+01
2.512151908874511719e+01
2.733456420898437500e+01
2.808498573303222656e+01
2.557571411132812500e+01
3.014474678039550781e+01
2.718910217285156250e+01
2.550323867797851562e+01
2.430033111572265625e+01
2.958156585693359375e+01
2.440997314453125000e+01
2.616940307617187500e+01
2.625612831115722656e+01
2.399729919433593750e+01
2.238540649414062500e+01
2.429934692382812500e+01
2.394201660156250000e+01
2.328719520568847656e+01
2.587908935546875000e+01
2.286811065673828125e+01
2.415816879272460938e+01
2.286306762695312500e+01
2.200504302978515625e+01
2.573995208740234375e+01
2.243262290954589844e+01
2.297193145751953125e+01
2.423281288146972656e+01
2.594073867797851562e+01
2.284317016601562500e+01
2.826486206054687500e+01
2.675754547119140625e+01
2.552124786376953125e+01
2.797449874877929688e+01
2.636709594726562500e+01
2.479862594604492188e+01
2.374029922485351562e+01
2.698691940307617188e+01
2.811496925354003906e+01
2.577865600585937500e+01
3.233613586425781250e+01
2.507068443298339844e+01
2.902130126953125000e+01
2.696004676818847656e+01
2.700874328613281250e+01
2.727057838439941406e+01
2.766697502136230469e+01
2.900247573852539062e+01
2.431163024902343750e+01
2.639017868041992188e+01
2.397094154357910156e+01
2.511015701293945312e+01
2.420843124389648438e+01
2.296841430664062500e+01
2.648310089111328125e+01
2.421720504760742188e+01
2.540766906738281250e+01
2.673887252807617188e+01
2.983476257324218750e+01
2.870537757873535156e+01
2.690673637390136719e+01
2.638223075866699219e+01
3.082128906250000000e+01
2.545409202575683594e+01
2.854974365234375000e+01
2.659206581115722656e+01
2.601873016357421875e+01
2.650662612915039062e+01
2.739767837524414062e+01
2.559506225585937500e+01
2.526181793212890625e+01
2.597716140747070312e+01
2.550650596618652344e+01
2.558550262451171875e+01
2.628492355346679688e+01
2.433614921569824219e+01
2.795571517944335938e+01
2.455725479125976562e+01
2.755862426757812500e+01
2.565143966674804688e+01
2.691827011108398438e+01
2.498107719421386719e+01
2.171702194213867188e+01
2.312152671813964844e+01
2.611239242553710938e+01
2.492698287963867188e+01
2.460005950927734375e+01
2.717612838745117188e+01
2.696902084350585938e+01
2.629004287719726562e+01
2.491319465637207031e+01
2.604474639892578125e+01
2.444686126708984375e+01
2.335354614257812500e+01
2.271476173400878906e+01
2.322311782836914062e+01
2.407508659362792969e+01
2.531023406982421875e+01
2.137656402587890625e+01
2.491966629028320312e+01
2.438949012756347656e+01
2.740058517456054688e+01
2.434438705444335938e+01
2.645031356811523438e+01
2.500426864624023438e+01
2.229836654663085938e+01
2.603160095214843750e+01
2.522700500488281250e+01
2.452801132202148438e+01
2.535112762451171875e+01
2.477138710021972656e+01
2.704325485229492188e+01
2.718951034545898438e+01
2.813359451293945312e+01
2.294587516784667969e+01
2.927561378479003906e+01
2.593013763427734375e+01
3.036010742187500000e+01
2.558617401123046875e+01
2.399261093139648438e+01
2.444861602783203125e+01
2.163104820251464844e+01
2.384556007385253906e+01
2.763315773010253906e+01
2.690498733520507812e+01
2.597122573852539062e+01
2.236856842041015625e+01
2.542817687988281250e+01
2.594702911376953125e+01
2.627674293518066406e+01
2.732307624816894531e+01
2.579502868652343750e+01
2.378886413574218750e+01
2.412674522399902344e+01
2.489309883117675781e+01
2.714024353027343750e+01
2.254730606079101562e+01
2.380712127685546875e+01
2.350862503051757812e+01
2.581124496459960938e+01
2.554765701293945312e+01
2.513154602050781250e+01
2.620049667358398438e+01
2.315920448303222656e+01
2.729682159423828125e+01
2.556621170043945312e+01
2.297203445434570312e+01
2.836306762695312500e+01
2.228036117553710938e+01
2.027699661254882812e+01
2.551964187622070312e+01
2.304246902465820312e+01
2.855509948730468750e+01
2.215008163452148438e+01
2.075386428833007812e+01
2.415754318237304688e+01
2.521914100646972656e+01
2.261722564697265625e+01
2.339760971069335938e+01
2.419619560241699219e+01
2.472015762329101562e+01
2.101572799682617188e+01
2.384825897216796875e+01
2.522282028198242188e+01
2.434546279907226562e+01
2.575166320800781250e+01
2.417123413085937500e+01
2.541335296630859375e+01
2.615271377563476562e+01
2.465496444702148438e+01
2.322105598449707031e+01
2.330561447143554688e+01
2.783956909179687500e+01
2.398399734497070312e+01
2.647385978698730469e+01
2.793866729736328125e+01
3.037409210205078125e+01
2.351575088500976562e+01
2.722510528564453125e+01
2.493337821960449219e+01
2.416945075988769531e+01
2.297539710998535156e+01
2.267187881469726562e+01
2.385846900939941406e+01
2.526254653930664062e+01
2.289205169677734375e+01
2.271895217895507812e+01
2.627089691162109375e+01
2.321292495727539062e+01
2.312527465820312500e+01
2.249599456787109375e+01
2.326084899902343750e+01
2.144740676879882812e+01
2.383149719238281250e+01
2.057757568359375000e+01
2.604730224609375000e+01
2.352052307128906250e+01
2.595729064941406250e+01
2.759811592102050781e+01
2.643802833557128906e+01
2.376980209350585938e+01
2.213460731506347656e+01
2.571823692321777344e+01
2.594702148437500000e+01
2.326702117919921875e+01
2.562126159667968750e+01
2.425946807861328125e+01
2.450584411621093750e+01
2.465959548950195312e+01
2.304946517944335938e+01
2.448622512817382812e+01
2.548344993591308594e+01
2.445190811157226562e+01
2.344200897216796875e+01
2.453955650329589844e+01
2.493394088745117188e+01
2.163566970825195312e+01
2.407269859313964844e+01
2.350190734863281250e+01
2.329619216918945312e+01
2.672185516357421875e+01
2.593407440185546875e+01
2.550884056091308594e+01
2.396496009826660156e+01
2.710964584350585938e+01
2.664111328125000000e+01
2.646322250366210938e+01
2.736818313598632812e+01
2.649872398376464844e+01
2.843488311767578125e+01
2.539107131958007812e+01
2.897438430786132812e+01
2.776417922973632812e+01
2.334032249450683594e+01
2.677202987670898438e+01
2.433854293823242188e+01
2.515666961669921875e+01
2.606679916381835938e+01
3.027663040161132812e+01
2.106600379943847656e+01
2.904320907592773438e+01
2.641196823120117188e+01
3.003320312500000000e+01
2.735375785827636719e+01
2.656355667114257812e+01
2.837498474121093750e+01
2.727905654907226562e+01
2.561670494079589844e+01
2.484047317504882812e+01
2.673886489868164062e+01
2.789458656311035156e+01
2.993089485168457031e+01
2.450592041015625000e+01
2.849848175048828125e+01
2.820642089843750000e+01
2.519108581542968750e+01
2.342259216308593750e+01
2.669896316528320312e+01
2.496559524536132812e+01
2.903052902221679688e+01
2.558310317993164062e+01
2.643481826782226562e+01
2.565698814392089844e+01
2.386988639831542969e+01
2.445023155212402344e+01
2.531254196166992188e+01
2.281855392456054688e+01
2.535619163513183594e+01
2.091226959228515625e+01
2.500583267211914062e+01
2.517649459838867188e+01
2.705390548706054688e+01
2.313620376586914062e+01
2.340600204467773438e+01
2.492818641662597656e+01
2.209176635742187500e+01
2.351272583007812500e+01
2.289463043212890625e+01
2.516905975341796875e+01
2.123953247070312500e+01
2.334127998352050781e+01
2.888910484313964844e+01
2.463794898986816406e+01
2.207306671142578125e+01
2.231558990478515625e+01
2.376807022094726562e+01
2.596800613403320312e+01
2.430595397949218750e+01
2.497323989868164062e+01
2.328314208984375000e+01
2.398615264892578125e+01
2.803890991210937500e+01
2.479058647155761719e+01
2.623072052001953125e+01
2.375705146789550781e+01
2.912627410888671875e+01
2.602805328369140625e+01
2.458203506469726562e+01
2.804625701904296875e+01
2.608566284179687500e+01
2.552323341369628906e+01
2.778372955322265625e+01
2.614867401123046875e+01
2.411708641052246094e+01
2.305673789978027344e+01
2.489099121093750000e+01
2.311883544921875000e+01
2.134646987915039062e+01
2.295283508300781250e+01
2.385960578918457031e+01
2.379601669311523438e+01
2.808039665222167969e+01
2.622015953063964844e+01
2.333888244628906250e+01
2.529357910156250000e+01
2.475406265258789062e+01
2.550522994995117188e+01
2.416719436645507812e+01
2.496032333374023438e+01
2.105022048950195312e+01
2.770298004150390625e+01
2.548764419555664062e+01
2.311636352539062500e+01
2.258644294738769531e+01
2.663054656982421875e+01
2.415649032592773438e+01
2.374598693847656250e+01
2.291531372070312500e+01
2.700041770935058594e+01
2.340540313720703125e+01
2.844306182861328125e+01
2.536443710327148438e+01
2.565250205993652344e+01
2.450721359252929688e+01
2.567420959472656250e+01
2.677184295654296875e+01
2.646186447143554688e+01
2.737327384948730469e+01
2.402523040771484375e+01
2.271013832092285156e+01
2.203357696533203125e+01
2.693175125122070312e+01
2.444309616088867188e+01
2.654727172851562500e+01
2.523129081726074219e+01
2.820609283447265625e+01
2.783444213867187500e+01
2.322486114501953125e+01
2.430829811096191406e+01
2.530899810791015625e+01
2.467950439453125000e+01
2.426911926269531250e+01
2.234061050415039062e+01
2.293257904052734375e+01
2.451251220703125000e+01
2.538870620727539062e+01
3.197147369384765625e+01
2.451433563232421875e+01
2.554381752014160156e+01
2.524901962280273438e+01
2.718143844604492188e+01
2.778367614746093750e+01
2.437054824829101562e+01
2.819308662414550781e+01
3.007075881958007812e+01
2.697043609619140625e+01
2.704971694946289062e+01
2.724072074890136719e+01
2.395022773742675781e+01
2.663965606689453125e+01
2.963539505004882812e+01
2.916525459289550781e+01
2.695554733276367188e+01
2.810788917541503906e+01
2.707730865478515625e+01
2.885217666625976562e+01
2.797041702270507812e+01
2.596084213256835938e+01
2.753137588500976562e+01
2.421387672424316406e+01
2.609753036499023438e+01
2.923329925537109375e+01
2.788753890991210938e+01
2.976995658874511719e+01
2.890196609497070312e+01
3.043632507324218750e+01
2.951537322998046875e+01
2.850100898742675781e+01
3.093845939636230469e+01
2.990417861938476562e+01
2.587901306152343750e+01
3.425466156005859375e+01
2.791549491882324219e+01
2.955973434448242188e+01
3.028814315795898438e+01
2.674766349792480469e+01
2.968133735656738281e+01
3.097955703735351562e+01
2.791575622558593750e+01
3.001038742065429688e+01
3.304384994506835938e+01
2.996818542480468750e+01
2.593530273437500000e+01
2.880893325805664062e+01
3.270812988281250000e+01
3.179328918457031250e+01
2.544048500061035156e+01
2.728256607055664062e+01
2.935868453979492188e+01
2.354541206359863281e+01
2.674721336364746094e+01
2.687781715393066406e+01
3.228874206542968750e+01
2.643139648437500000e+01
2.737173080444335938e+01
2.854204940795898438e+01
2.693681335449218750e+01
2.694994163513183594e+01
2.725262069702148438e+01
2.650716018676757812e+01
2.934975433349609375e+01
2.992619705200195312e+01
2.748403167724609375e+01
3.211378860473632812e+01
2.544785118103027344e+01
2.733559799194335938e+01
3.049592590332031250e+01
3.118235015869140625e+01
2.779091453552246094e+01
3.245315551757812500e+01
2.562768936157226562e+01
2.897582817077636719e+01
2.779869651794433594e+01
2.983884620666503906e+01
2.845869255065917969e+01
2.532056617736816406e+01
3.017844963073730469e+01
3.304578399658203125e+01
2.611525154113769531e+01
2.952661514282226562e+01
2.672764015197753906e+01
2.833322334289550781e+01
2.693066406250000000e+01
2.928863906860351562e+01
2.921171569824218750e+01
2.578158760070800781e+01
2.878140640258789062e+01
3.273236846923828125e+01
2.858252906799316406e+01
2.585002899169921875e+01
2.828610420227050781e+01
3.157929229736328125e+01
2.649345016479492188e+01
2.673502922058105469e+01
2.662022399902343750e+01
2.898823165893554688e+01
2.642421340942382812e+01
2.568132019042968750e+01
2.634528732299804688e+01
2.378181457519531250e+01
3.078014373779296875e+01
2.947919464111328125e+01
2.671578979492187500e+01
2.661569595336914062e+01
3.055918502807617188e+01
3.124097442626953125e+01
2.875456809997558594e+01
3.031892395019531250e+01
2.818451881408691406e+01
3.050249481201171875e+01
3.265391540527343750e+01
2.956081771850585938e+01
2.943299293518066406e+01
2.977923393249511719e+01
2.710886001586914062e+01
2.847124099731445312e+01
3.106462287902832031e+01
3.146545791625976562e+01
3.498902893066406250e+01
3.302497100830078125e+01
3.322747039794921875e+01
3.566759872436523438e+01
3.475634002685546875e+01
3.701629257202148438e+01
3.047621536254882812e+01
3.127354812622070312e+01
3.463994598388671875e+01
3.186272811889648438e+01
3.338874435424804688e+01
3.027257537841796875e+01
2.987602233886718750e+01
3.041633415222167969e+01
3.006171417236328125e+01
2.959340286254882812e+01
3.260818862915039062e+01
3.343044662475585938e+01
2.878073120117187500e+01
2.688954925537109375e+01
3.154664611816406250e+01
3.562294769287109375e+01
3.141439056396484375e+01
3.042609977722167969e+01
2.952278709411621094e+01
2.807864570617675781e+01
2.969031715393066406e+01
2.874608802795410156e+01
2.713989448547363281e+01
2.946215057373046875e+01
2.940158462524414062e+01
2.725056838989257812e+01
2.629411697387695312e+01
2.428828048706054688e+01
2.451417922973632812e+01
2.981155776977539062e+01
2.586346626281738281e+01
2.398522949218750000e+01
2.562528610229492188e+01
2.648941421508789062e+01
2.365185737609863281e+01
2.909623908996582031e+01
3.011197662353515625e+01
2.887499809265136719e+01
2.920207595825195312e+01
2.660927009582519531e+01
3.116319656372070312e+01
2.713774490356445312e+01
2.927356910705566406e+01
2.958584213256835938e+01
3.014237213134765625e+01
2.906013107299804688e+01
2.683205413818359375e+01
2.943902969360351562e+01
2.713538551330566406e+01
2.806159210205078125e+01
2.502518081665039062e+01
2.701421928405761719e+01
2.909695053100585938e+01
2.727315139770507812e+01
2.672612190246582031e+01
3.254975128173828125e+01
2.966511154174804688e+01
2.740257263183593750e+01
2.857128524780273438e+01
3.051272964477539062e+01
2.752703475952148438e+01
2.970024490356445312e+01
2.733699607849121094e+01
2.815018844604492188e+01
2.838400650024414062e+01
2.550522994995117188e+01
2.875500106811523438e+01
3.038157272338867188e+01
2.728784370422363281e+01
2.994026947021484375e+01
2.929683494567871094e+01
2.892873573303222656e+01
3.061851692199707031e+01
2.954432296752929688e+01
2.953357696533203125e+01
3.020240211486816406e+01
3.068132781982421875e+01
2.896542739868164062e+01
3.217278289794921875e+01
2.920908355712890625e+01
2.926127815246582031e+01
2.914069747924804688e+01
3.366867065429687500e+01
3.122653961181640625e+01
3.471154785156250000e+01
3.353999328613281250e+01
3.250890350341796875e+01
3.147758865356445312e+01
2.903606605529785156e+01
2.828688812255859375e+01
3.093671417236328125e+01
3.640368652343750000e+01
3.196743011474609375e+01
3.243441772460937500e+01
3.016789817810058594e+01
2.962326049804687500e+01
3.396687316894531250e+01
3.157874870300292969e+01
3.252873992919921875e+01
3.016024398803710938e+01
3.636386108398437500e+01
3.561528778076171875e+01
3.983894348144531250e+01
3.486637115478515625e+01
3.441194915771484375e+01
3.486651992797851562e+01
3.742675018310546875e+01
3.257695770263671875e+01
3.450879669189453125e+01
3.232973861694335938e+01
3.326243591308593750e+01
3.453270721435546875e+01
3.850414657592773438e+01
3.416786575317382812e+01
3.257137298583984375e+01
3.212944793701171875e+01
3.227149200439453125e+01
3.076173782348632812e+01
3.215464019775390625e+01
3.418161392211914062e+01
3.295079040527343750e+01
3.224075317382812500e+01
3.412322998046875000e+01
3.415082168579101562e+01
3.273396682739257812e+01
3.727351379394531250e+01
3.248093414306640625e+01
3.451417541503906250e+01
3.563327407836914062e+01
3.398403930664062500e+01
3.567837524414062500e+01
3.481664657592773438e+01
3.541525268554687500e+01
3.398134994506835938e+01
3.135722541809082031e+01
3.663651275634765625e+01
3.285323333740234375e+01
3.556937026977539062e+01
3.660842132568359375e+01
3.576314544677734375e+01
3.331623077392578125e+01
3.346450042724609375e+01
3.555530929565429688e+01
3.548642730712890625e+01
3.264139175415039062e+01
3.273064041137695312e+01
3.477067565917968750e+01
3.634217834472656250e+01
3.666859436035156250e+01
3.714640808105468750e+01
3.404052734375000000e+01
3.419992065429687500e+01
3.439619445800781250e+01
3.495855712890625000e+01
3.387217330932617188e+01
3.606860351562500000e+01
3.475245666503906250e+01
3.464789581298828125e+01
3.496360778808593750e+01
3.422956848144531250e+01
3.678966903686523438e+01
3.667786407470703125e+01
3.433906555175781250e+01
3.412378692626953125e+01
3.029581451416015625e+01
3.353582000732421875e+01
3.107589149475097656e+01
3.410172271728515625e+01
3.228148651123046875e+01
3.229901885986328125e+01
3.506078720092773438e+01
3.136734771728515625e+01
3.531315612792968750e+01
3.235862350463867188e+01
3.206671905517578125e+01
3.165724945068359375e+01
3.651761245727539062e+01
3.367079925537109375e+01
3.591858673095703125e+01
3.528852462768554688e+01
3.987373352050781250e+01
3.650659179687500000e+01
3.554481506347656250e+01
3.311410522460937500e+01
3.550116729736328125e+01
3.480036926269531250e+01
3.602865600585937500e+01
3.618298721313476562e+01
3.576629638671875000e+01
3.522753906250000000e+01
3.296706390380859375e+01
3.538653182983398438e+01
3.777719879150390625e+01
3.309050750732421875e+01
3.671680068969726562e+01
3.559320831298828125e+01
3.821168518066406250e+01
3.625000000000000000e+01
3.147288703918457031e+01
3.624143218994140625e+01
3.524497985839843750e+01
3.147007751464843750e+01
3.749382781982421875e+01
3.423901367187500000e+01
3.414331817626953125e+01
3.452479171752929688e+01
3.471474075317382812e+01
3.201945495605468750e+01
3.527481842041015625e+01
3.646586608886718750e+01
3.516558074951171875e+01
3.348874282836914062e+01
3.713226318359375000e+01
3.388238525390625000e+01
3.463165664672851562e+01
3.408400344848632812e+01
3.937875366210937500e+01
4.159611892700195312e+01
3.682995605468750000e+01
3.366909408569335938e+01
3.802516937255859375e+01
3.908984375000000000e+01
3.977643585205078125e+01
3.260294342041015625e+01
3.481690979003906250e+01
3.480150604248046875e+01
3.593688583374023438e+01
3.751237869262695312e+01
3.777752685546875000e+01
3.522811126708984375e+01
4.245500564575195312e+01
3.743388366699218750e+01
3.792661666870117188e+01
3.881710815429687500e+01
3.619953918457031250e+01
3.662371063232421875e+01
3.528871536254882812e+01
3.108246231079101562e+01
3.436577987670898438e+01
3.509920883178710938e+01
3.336235046386718750e+01
3.657429504394531250e+01
4.127365875244140625e+01
4.129287719726562500e+01
4.486721038818359375e+01
4.108641052246093750e+01
4.326609039306640625e+01
4.192970275878906250e+01
3.463316726684570312e+01
3.686930847167968750e+01
3.774632263183593750e+01
3.808028411865234375e+01
3.517574310302734375e+01
3.742451477050781250e+01
3.669792175292968750e+01
3.648918914794921875e+01
3.735364532470703125e+01
3.732823181152343750e+01
4.360282897949218750e+01
3.766427612304687500e+01
3.915764617919921875e+01
3.888254928588867188e+01
3.716017150878906250e+01
3.717759323120117188e+01
4.121423339843750000e+01
3.855700683593750000e+01
3.826176071166992188e+01
3.901407623291015625e+01
4.139952087402343750e+01
4.439279556274414062e+01
3.850271606445312500e+01
4.256549072265625000e+01
3.866191482543945312e+01
3.441839599609375000e+01
4.188650512695312500e+01
4.620694351196289062e+01
4.259199142456054688e+01
4.291566467285156250e+01
4.421405029296875000e+01
4.125847625732421875e+01
3.758316040039062500e+01
4.287390518188476562e+01
4.338645935058593750e+01
4.538941192626953125e+01
4.898727035522460938e+01
4.513977050781250000e+01
4.716378784179687500e+01
4.395326614379882812e+01
4.613034439086914062e+01
4.243656158447265625e+01
4.230298233032226562e+01
4.430437469482421875e+01
4.603320312500000000e+01
4.656405639648437500e+01
4.590426635742187500e+01
4.217327117919921875e+01
4.409211349487304688e+01
4.733823394775390625e+01
3.715678405761718750e+01
4.327042388916015625e+01
4.087961578369140625e+01
3.965720367431640625e+01
4.087656402587890625e+01
4.109698867797851562e+01
3.815293502807617188e+01
4.106757354736328125e+01
3.929781723022460938e+01
3.791387176513671875e+01
4.264670181274414062e+01
3.760158538818359375e+01
3.666769409179687500e+01
3.685258865356445312e+01
3.532925033569335938e+01
3.671973800659179688e+01
3.947658538818359375e+01
4.012318420410156250e+01
3.653708648681640625e+01
3.227033615112304688e+01
3.874615097045898438e+01
3.933703231811523438e+01
3.697038650512695312e+01
3.381254577636718750e+01
3.576150894165039062e+01
3.673589324951171875e+01
3.751180648803710938e+01
3.619901657104492188e+01
3.464601516723632812e+01
3.757413482666015625e+01
3.695733261108398438e+01
3.446485137939453125e+01
3.588124465942382812e+01
3.871665191650390625e+01
3.569236755371093750e+01
3.518273544311523438e+01
3.707177734375000000e+01
3.814447784423828125e+01
3.609220886230468750e+01
3.524487304687500000e+01
3.920624542236328125e+01
3.486604309082031250e+01
3.749237823486328125e+01
3.625895690917968750e+01
3.576992416381835938e+01
3.518773651123046875e+01
3.917138671875000000e+01
3.694573211669921875e+01
3.593452453613281250e+01
3.561513137817382812e+01
3.475239181518554688e+01
3.668678665161132812e+01
3.919332122802734375e+01
3.690531921386718750e+01
3.889260101318359375e+01
3.423537445068359375e+01
3.569872665405273438e+01
3.918013000488281250e+01
3.956273651123046875e+01
3.833899688720703125e+01
3.968685913085937500e+01
4.105105590820312500e+01
4.528140640258789062e+01
4.133053588867187500e+01
3.925453948974609375e+01
4.128757476806640625e+01
4.026535797119140625e+01
3.862933731079101562e+01
3.914104461669921875e+01
3.612345123291015625e+01
4.289727020263671875e+01
3.487322235107421875e+01
4.065060424804687500e+01
3.981567001342773438e+01
3.557929992675781250e+01
3.893513488769531250e+01
3.765332031250000000e+01
3.448888397216796875e+01
4.120159149169921875e+01
3.267642974853515625e+01
3.788451385498046875e+01
3.938356781005859375e+01
3.313322448730468750e+01
3.854684448242187500e+01
3.495212554931640625e+01
3.645687103271484375e+01
3.292591094970703125e+01
3.421870040893554688e+01
3.881626129150390625e+01
3.450287628173828125e+01
3.651348876953125000e+01
3.494627761840820312e+01
3.186159515380859375e+01
4.362140655517578125e+01
3.320476150512695312e+01
3.610836791992187500e+01
3.907015228271484375e+01
3.459617614746093750e+01
4.189517593383789062e+01
3.499377441406250000e+01
4.041961669921875000e+01
4.082908630371093750e+01
3.928039550781250000e+01
3.453491973876953125e+01
4.174098587036132812e+01
3.720724105834960938e+01
3.760327911376953125e+01
4.038447952270507812e+01
3.870075225830078125e+01
3.944791030883789062e+01
3.712796401977539062e+01
4.012601470947265625e+01
4.160322952270507812e+01
3.878053283691406250e+01
3.863526916503906250e+01
3.921716690063476562e+01
4.226557540893554688e+01
4.160110473632812500e+01
4.118151092529296875e+01
4.181032562255859375e+01
4.304198455810546875e+01
4.375092315673828125e+01
3.924251556396484375e+01
4.605281829833984375e+01
3.760455322265625000e+01
4.243224334716796875e+01
4.061694717407226562e+01
4.491564178466796875e+01
4.334171295166015625e+01
4.476465988159179688e+01
4.042455291748046875e+01
4.441823196411132812e+01
4.426517486572265625e+01
4.176262283325195312e+01
4.459539413452148438e+01
4.175309753417968750e+01
4.423295974731445312e+01
4.100826263427734375e+01
4.206127929687500000e+01
4.097143173217773438e+01
4.144498443603515625e+01
4.155722045898437500e+01
3.568252563476562500e+01
4.442488861083984375e+01
4.376180267333984375e+01
4.014796829223632812e+01
4.122695922851562500e+01
4.048913192749023438e+01
3.670267105102539062e+01
3.623660659790039062e+01
4.120478057861328125e+01
3.992420578002929688e+01
4.007791137695312500e+01
4.394128036499023438e+01
4.236668395996093750e+01
4.225699615478515625e+01
3.850519561767578125e+01
4.228472137451171875e+01
4.181557083129882812e+01
4.319187164306640625e+01
4.152037811279296875e+01
4.130944061279296875e+01
4.398717117309570312e+01
3.997251129150390625e+01
4.061549377441406250e+01
4.178257751464843750e+01
4.091793060302734375e+01
4.307274627685546875e+01
3.862938308715820312e+01
4.371461105346679688e+01
3.701251983642578125e+01
4.131806182861328125e+01
4.204481124877929688e+01
4.194343948364257812e+01
3.865265655517578125e+01
3.830620574951171875e+01
3.731114959716796875e+01
3.547744750976562500e+01
3.655400466918945312e+01
4.136895751953125000e+01
3.848652648925781250e+01
4.484879302978515625e+01
4.461004638671875000e+01
4.415187835693359375e+01
4.250667572021484375e+01
4.493593597412109375e+01
4.397693634033203125e+01
4.413875961303710938e+01
4.537155151367187500e+01
4.577294158935546875e+01
4.408818054199218750e+01
4.407147598266601562e+01
4.687836074829101562e+01
4.749748611450195312e+01
4.212928771972656250e+01
4.418130493164062500e+01
4.190027236938476562e+01
4.402489471435546875e+01
4.151014709472656250e+01
4.032580947875976562e+01
4.506206512451171875e+01
4.113613510131835938e+01
3.807862854003906250e+01
4.380070495605468750e+01
3.988230133056640625e+01
4.584832000732421875e+01
4.058359146118164062e+01
4.426246643066406250e+01
4.528521728515625000e+01
4.636766052246093750e+01
4.207751464843750000e+01
4.549797821044921875e+01
4.378488922119140625e+01
4.773820495605468750e+01
4.889852142333984375e+01
4.941059494018554688e+01
4.420247650146484375e+01
4.761764526367187500e+01
4.718999481201171875e+01
4.803452301025390625e+01
4.881368255615234375e+01
5.237857055664062500e+01
4.848065948486328125e+01
4.025149536132812500e+01
5.656475067138671875e+01
4.878198623657226562e+01
5.252352142333984375e+01
5.668846893310546875e+01
5.152602386474609375e+01
5.517451477050781250e+01
5.094508743286132812e+01
5.226464843750000000e+01
5.037802124023437500e+01
5.650451278686523438e+01
5.438973236083984375e+01
5.183212661743164062e+01
4.780436706542968750e+01
5.370635223388671875e+01
5.418740844726562500e+01
5.361899566650390625e+01
5.595853424072265625e+01
5.331260681152343750e+01
5.015407562255859375e+01
4.782707595825195312e+01
5.007762527465820312e+01
5.356031036376953125e+01
4.771181106567382812e+01
4.866958999633789062e+01
4.737774658203125000e+01
4.907029724121093750e+01
4.991749572753906250e+01
4.839207839965820312e+01
4.782382202148437500e+01
4.625376892089843750e+01
5.018291473388671875e+01
4.422610473632812500e+01
4.977758026123046875e+01
4.862131500244140625e+01
4.688910675048828125e+01
4.584924316406250000e+01
4.677423095703125000e+01
4.889727401733398438e+01
5.562108993530273438e+01
5.846221542358398438e+01
5.097326660156250000e+01
5.602109527587890625e+01
5.385451507568359375e+01
5.013395690917968750e+01
5.278893280029296875e+01
5.068414688110351562e+01
5.344833374023437500e+01
4.982711410522460938e+01
5.281666564941406250e+01
5.198012924194335938e+01
4.723148345947265625e+01
5.127001190185546875e+01
5.251124191284179688e+01
5.164084243774414062e+01
5.077809906005859375e+01
4.999663925170898438e+01
4.957989501953125000e+01
4.437941741943359375e+01
4.930146789550781250e+01
5.011782836914062500e+01
4.857397842407226562e+01
4.894132232666015625e+01
5.106775665283203125e+01
5.265828704833984375e+01
5.345236206054687500e+01
4.960910034179687500e+01
4.991368865966796875e+01
5.048345947265625000e+01
4.719510650634765625e+01
5.099589538574218750e+01
4.679529953002929688e+01
4.413419342041015625e+01
5.436965942382812500e+01
5.016482543945312500e+01
4.657221221923828125e+01
5.096903991699218750e+01
5.072053527832031250e+01
4.965978240966796875e+01
5.025833511352539062e+01
4.752158355712890625e+01
5.616103744506835938e+01
5.438707351684570312e+01
5.058284378051757812e+01
5.351244354248046875e+01
5.666419601440429688e+01
5.527119445800781250e+01
5.773667907714843750e+01
5.133784484863281250e+01
5.234299468994140625e+01
5.187006759643554688e+01
4.791125488281250000e+01
5.469197463989257812e+01
5.341886520385742188e+01
5.726660156250000000e+01
5.120903778076171875e+01
5.448059844970703125e+01
5.145450210571289062e+01
5.839674758911132812e+01
6.127911376953125000e+01
5.698967742919921875e+01
5.865022277832031250e+01
5.334765625000000000e+01
5.793318939208984375e+01
5.532196807861328125e+01
5.391257476806640625e+01
4.960580825805664062e+01
5.788486480712890625e+01
4.828665924072265625e+01
5.066521453857421875e+01
5.664515304565429688e+01
5.367851257324218750e+01
5.090126037597656250e+01
5.805316543579101562e+01
4.831431961059570312e+01
5.903921508789062500e+01
5.793988418579101562e+01
5.445172119140625000e+01
5.043590927124023438e+01
5.241115188598632812e+01
5.479657363891601562e+01
6.149085998535156250e+01
5.220422744750976562e+01
5.973491668701171875e+01
5.884038543701171875e+01
4.919063186645507812e+01
5.432578659057617188e+01
5.910652923583984375e+01
5.837488555908203125e+01
5.858325195312500000e+01
5.183589172363281250e+01
4.797943115234375000e+01
5.710900115966796875e+01
6.315332794189453125e+01
5.170793151855468750e+01
5.296124267578125000e+01
4.841525650024414062e+01
6.014562225341796875e+01
5.409469604492187500e+01
6.510800170898437500e+01
6.063088989257812500e+01
5.333449554443359375e+01
5.749098968505859375e+01
6.019020080566406250e+01
5.116140365600585938e+01
5.374987792968750000e+01
5.855540466308593750e+01
5.482885742187500000e+01
5.498741149902343750e+01
5.393233871459960938e+01
4.800977325439453125e+01
5.558376312255859375e+01
4.743973541259765625e+01
5.764102172851562500e+01
4.829879379272460938e+01
5.592770385742187500e+01
5.118865966796875000e+01
4.705467224121093750e+01
5.756262207031250000e+01
5.488838195800781250e+01
5.308267974853515625e+01
5.297423171997070312e+01
5.241540145874023438e+01
5.310765838623046875e+01
5.400215530395507812e+01
5.376927185058593750e+01
5.136721038818359375e+01
4.957115173339843750e+01
5.205028152465820312e+01
5.635335922241210938e+01
5.228824996948242188e+01
5.435603713989257812e+01
5.290560150146484375e+01
5.025789642333984375e+01
4.710301971435546875e+01
5.118133926391601562e+01
4.775470733642578125e+01
5.890313720703125000e+01
5.486877441406250000e+01
5.219863891601562500e+01
5.124337387084960938e+01
5.302248001098632812e+01
5.185448074340820312e+01
4.549440765380859375e+01
5.646089935302734375e+01
5.779029846191406250e+01
5.156913757324218750e+01
5.758041763305664062e+01
5.542645263671875000e+01
5.536230087280273438e+01
5.320388031005859375e+01
5.259201049804687500e+01
5.485243988037109375e+01
5.132131195068359375e+01
5.795748138427734375e+01
4.750212860107421875e+01
5.021470260620117188e+01
4.834519195556640625e+01
5.886776733398437500e+01
5.803102111816406250e+01
5.173839569091796875e+01
5.856401062011718750e+01
6.145461273193359375e+01
5.655686187744140625e+01
5.747844696044921875e+01
5.580957794189453125e+01
5.350130462646484375e+01
5.310077667236328125e+01
4.955282592773437500e+01
5.685923767089843750e+01
5.797178649902343750e+01
5.415269470214843750e+01
5.456250000000000000e+01
5.650018310546875000e+01
5.689878082275390625e+01
5.557688903808593750e+01
5.990708160400390625e+01
5.690584564208984375e+01
5.787554168701171875e+01
5.455284500122070312e+01
5.403844833374023438e+01
5.229868316650390625e+01
5.453092956542968750e+01
5.720294952392578125e+01
5.920172119140625000e+01
5.228643798828125000e+01
5.783845901489257812e+01
5.822643280029296875e+01
5.845849990844726562e+01
5.351953506469726562e+01
5.736637878417968750e+01
5.677346038818359375e+01
6.133504486083984375e+01
5.845252990722656250e+01
5.743175125122070312e+01
5.622136688232421875e+01
5.251858520507812500e+01
6.053767395019531250e+01
6.395275878906250000e+01
5.631614685058593750e+01
6.157029342651367188e+01
5.647546386718750000e+01
5.861026382446289062e+01
5.937567901611328125e+01
6.301484680175781250e+01
5.944998168945312500e+01
5.929115295410156250e+01
5.804355621337890625e+01
5.638214111328125000e+01
6.212524414062500000e+01
5.021013641357421875e+01
5.419441986083984375e+01
5.728270339965820312e+01
5.705139923095703125e+01
6.231858444213867188e+01
5.893663787841796875e+01
6.270279693603515625e+01
5.821096420288085938e+01
6.526653289794921875e+01
6.104872131347656250e+01
6.861903381347656250e+01
5.089538574218750000e+01
5.797777557373046875e+01
5.457925415039062500e+01
5.174222564697265625e+01
5.425958251953125000e+01
5.160509109497070312e+01
5.666983413696289062e+01
6.385806274414062500e+01
5.863980484008789062e+01
6.551766967773437500e+01
5.365295410156250000e+01
5.650370025634765625e+01
6.165105056762695312e+01
6.720728302001953125e+01
5.475744247436523438e+01
6.158390808105468750e+01
5.887821960449218750e+01
6.652278137207031250e+01
6.372372817993164062e+01
5.881727600097656250e+01
6.439529418945312500e+01
6.104653167724609375e+01
5.666239166259765625e+01
5.872631835937500000e+01
6.092698287963867188e+01
5.528784179687500000e+01
5.446196365356445312e+01
6.347920227050781250e+01
5.366060638427734375e+01
5.880767440795898438e+01
5.717216491699218750e+01
5.315548706054687500e+01
5.383632659912109375e+01
5.051153564453125000e+01
5.554491806030273438e+01
5.671269226074218750e+01
5.604523468017578125e+01
6.076164245605468750e+01
5.996973800659179688e+01
6.111346435546875000e+01
6.083766174316406250e+01
5.568289184570312500e+01
6.000830841064453125e+01
5.404013824462890625e+01
5.509465789794921875e+01
5.554883193969726562e+01
5.399605560302734375e+01
5.843651962280273438e+01
5.806489562988281250e+01
5.628292083740234375e+01
5.585697937011718750e+01
5.744875335693359375e+01
5.889759063720703125e+01
5.816449356079101562e+01
5.730292129516601562e+01
6.600866699218750000e+01
5.686606597900390625e+01
5.597196197509765625e+01
6.401406860351562500e+01
6.093125534057617188e+01
5.588881683349609375e+01
5.512445831298828125e+01
6.155760574340820312e+01
5.886193847656250000e+01
5.952235794067382812e+01
6.490036010742187500e+01
5.905958175659179688e+01
5.983608245849609375e+01
6.154711151123046875e+01
5.988158798217773438e+01
5.322472381591796875e+01
5.517723083496093750e+01
5.404251861572265625e+01
5.576211166381835938e+01
5.170993041992187500e+01
5.757557296752929688e+01
5.416394424438476562e+01
5.454892730712890625e+01
5.407715606689453125e+01
5.436654281616210938e+01
5.319571304321289062e+01
5.164586257934570312e+01
5.480513763427734375e+01
5.706628417968750000e+01
5.775448608398437500e+01
5.293121337890625000e+01
5.192062377929687500e+01
5.706855773925781250e+01
5.776685333251953125e+01
5.458808898925781250e+01
5.805237579345703125e+01
5.118729400634765625e+01
4.938458251953125000e+01
5.458711242675781250e+01
5.639637756347656250e+01
4.862396621704101562e+01
5.180801773071289062e+01
5.699505615234375000e+01
5.127387237548828125e+01
4.958274841308593750e+01
5.190978240966796875e+01
5.535404205322265625e+01
4.899341201782226562e+01
5.174930572509765625e+01
4.986481475830078125e+01
5.176057815551757812e+01
5.098089599609375000e+01
5.281363677978515625e+01
5.767150878906250000e+01
5.425940704345703125e+01
5.520529937744140625e+01
5.524306869506835938e+01
5.453505325317382812e+01
5.679785156250000000e+01
5.351634979248046875e+01
5.792800903320312500e+01
5.322461700439453125e+01
5.884808349609375000e+01
5.842765808105468750e+01
5.481161499023437500e+01
5.802377319335937500e+01
5.458526992797851562e+01
4.754050827026367188e+01
5.359361648559570312e+01
5.558235931396484375e+01
5.743311309814453125e+01
5.599916076660156250e+01
6.311357879638671875e+01
5.635297393798828125e+01
5.948269653320312500e+01
5.571634674072265625e+01
5.797063064575195312e+01
6.051930236816406250e+01
5.496654891967773438e+01
5.751823425292968750e+01
5.793292236328125000e+01
6.075788116455078125e+01
5.293294906616210938e+01
5.711447906494140625e+01
5.656870269775390625e+01
5.393517303466796875e+01
5.109397506713867188e+01
5.650475311279296875e+01
5.275964355468750000e+01
5.225162506103515625e+01
5.503099441528320312e+01
5.559593963623046875e+01
5.636453628540039062e+01
5.777913284301757812e+01
5.224899673461914062e+01
5.350802612304687500e+01
5.867607116699218750e+01
5.316958999633789062e+01
5.283425140380859375e+01
5.525155639648437500e+01
5.082626342773437500e+01
5.011246490478515625e+01
5.096223449707031250e+01
5.107867813110351562e+01
5.340086746215820312e+01
5.499193191528320312e+01
4.749424743652343750e+01
5.199221038818359375e+01
4.806894683837890625e+01
4.895737457275390625e+01
5.120609283447265625e+01
4.882760620117187500e+01
4.783479309082031250e+01
5.813728713989257812e+01
5.401197814941406250e+01
5.889762878417968750e+01
5.555438995361328125e+01
5.571631622314453125e+01
5.466752624511718750e+01
5.078480911254882812e+01
5.647017669677734375e+01
5.622816848754882812e+01
5.483031845092773438e+01
5.338935089111328125e+01
5.516746520996093750e+01
4.789444351196289062e+01
4.945558166503906250e+01
5.545815277099609375e+01
5.501794052124023438e+01
4.945447540283203125e+01
4.994351959228515625e+01
5.267893981933593750e+01
5.132672882080078125e+01
5.773031616210937500e+01
5.560388565063476562e+01
5.280801391601562500e+01
5.694616699218750000e+01
5.742227172851562500e+01
5.478896331787109375e+01
5.805429840087890625e+01
5.179718017578125000e+01
5.350784301757812500e+01
5.552626800537109375e+01
6.019244003295898438e+01
6.151530838012695312e+01
6.111492156982421875e+01
4.785618591308593750e+01
5.379412841796875000e+01
5.234016036987304688e+01
5.141366577148437500e+01
5.433544921875000000e+01
5.550470352172851562e+01
5.226091766357421875e+01
5.260897064208984375e+01
4.396762466430664062e+01
5.305730438232421875e+01
5.378136444091796875e+01
5.392931365966796875e+01
5.356341552734375000e+01
5.042340469360351562e+01
5.913825988769531250e+01
5.267915344238281250e+01
5.005945205688476562e+01
5.429832077026367188e+01
5.843112182617187500e+01
5.786810302734375000e+01
5.745281982421875000e+01
5.626040649414062500e+01
5.074459075927734375e+01
5.360037994384765625e+01
4.879677200317382812e+01
5.665332031250000000e+01
5.228461074829101562e+01
5.215539169311523438e+01
5.082938766479492188e+01
5.253532409667968750e+01
5.084334182739257812e+01
5.779518127441406250e+01
5.432834625244140625e+01
5.628789520263671875e+01
4.976291275024414062e+01
5.087024688720703125e+01
5.410473632812500000e+01
4.614585876464843750e+01
5.051702880859375000e+01
5.093424987792968750e+01
4.918825531005859375e+01
5.197924041748046875e+01
5.293935394287109375e+01
5.470056533813476562e+01
5.425725936889648438e+01
5.565565490722656250e+01
5.257813262939453125e+01
4.893917846679687500e+01
5.161019897460937500e+01
5.005390548706054688e+01
5.082831573486328125e+01
4.760549163818359375e+01
5.499387741088867188e+01
4.826191711425781250e+01
4.996375274658203125e+01
5.100617218017578125e+01
4.950208282470703125e+01
5.149334716796875000e+01
5.532691955566406250e+01
5.325412750244140625e+01
5.293281173706054688e+01
5.765858078002929688e+01
4.938034820556640625e+01
4.820874023437500000e+01
5.351897430419921875e+01
5.044659042358398438e+01
5.269334793090820312e+01
4.716464233398437500e+01
5.392855834960937500e+01
5.266262054443359375e+01
5.264588165283203125e+01
5.677866744995117188e+01
5.695645141601562500e+01
5.526186752319335938e+01
5.408817291259765625e+01
6.251073455810546875e+01
5.555456542968750000e+01
5.616057205200195312e+01
5.537497711181640625e+01
5.383237838745117188e+01
5.557349014282226562e+01
5.415804290771484375e+01
5.582389450073242188e+01
5.846375274658203125e+01
5.497575378417968750e+01
5.490634918212890625e+01
5.910951995849609375e+01
6.535157775878906250e+01
5.093323516845703125e+01
5.877071380615234375e+01
5.668198013305664062e+01
6.732914733886718750e+01
6.245068359375000000e+01
5.381069564819335938e+01
5.640264129638671875e+01
5.640769195556640625e+01
6.257164001464843750e+01
5.633467102050781250e+01
5.406137084960937500e+01
6.137412261962890625e+01
5.233438873291015625e+01
5.461478805541992188e+01
4.583604431152343750e+01
5.800915145874023438e+01
5.365245056152343750e+01
5.089026641845703125e+01
5.597786331176757812e+01
5.854901885986328125e+01
5.277269363403320312e+01
5.614913558959960938e+01
5.778374481201171875e+01
5.189222717285156250e+01
5.967428588867187500e+01
4.853756713867187500e+01
5.022581481933593750e+01
5.309140777587890625e+01
5.595881652832031250e+01
5.894878387451171875e+01
5.097779464721679688e+01
5.866999053955078125e+01
5.978849792480468750e+01
6.252749633789062500e+01
5.794020462036132812e+01
5.628245162963867188e+01
6.041406250000000000e+01
6.015261840820312500e+01
5.363231658935546875e+01
6.184205245971679688e+01
6.047466278076171875e+01
6.310497283935546875e+01
5.300116729736328125e+01
5.489582824707031250e+01
5.953985214233398438e+01
5.335990142822265625e+01
5.441574859619140625e+01
5.554343414306640625e+01
6.144364929199218750e+01
6.141957473754882812e+01
5.645777130126953125e+01
6.082691574096679688e+01
5.857295989990234375e+01
6.247005462646484375e+01
6.022154235839843750e+01
6.081277084350585938e+01
6.228364562988281250e+01
5.888681793212890625e+01
6.037301254272460938e+01
5.402650451660156250e+01
6.299472045898437500e+01
6.649677276611328125e+01
5.802223968505859375e+01
5.877410125732421875e+01
6.115258789062500000e+01
5.893035125732421875e+01
5.379624557495117188e+01
5.235103607177734375e+01
5.588689422607421875e+01
5.673714447021484375e+01
5.832009506225585938e+01
6.167744064331054688e+01
6.062601089477539062e+01
6.498587036132812500e+01
6.118080139160156250e+01
6.361364746093750000e+01
5.720837402343750000e+01
6.409968566894531250e+01
6.694079589843750000e+01
6.005146789550781250e+01
5.566575622558593750e+01
6.069655609130859375e+01
6.437877655029296875e+01
6.583077239990234375e+01
6.140283966064453125e+01
5.738610458374023438e+01
6.210708236694335938e+01
6.291172409057617188e+01
6.223483276367187500e+01
6.168236541748046875e+01
5.926773071289062500e+01
6.504473876953125000e+01
6.159083938598632812e+01
5.939421081542968750e+01
5.750647354125976562e+01
6.228287887573242188e+01
6.765737915039062500e+01
6.298392868041992188e+01
6.747784423828125000e+01
6.007447814941406250e+01
6.101257324218750000e+01
6.202608489990234375e+01
5.839335250854492188e+01
5.603710556030273438e+01
5.803948974609375000e+01
5.804141235351562500e+01
5.133115768432617188e+01
6.971221923828125000e+01
6.567472839355468750e+01
6.736889648437500000e+01
6.711708831787109375e+01
6.213665771484375000e+01
6.398104095458984375e+01
6.155648040771484375e+01
6.311651992797851562e+01
6.859828186035156250e+01
6.882460784912109375e+01
6.305818939208984375e+01
6.269242095947265625e+01
6.157948303222656250e+01
6.528036499023437500e+01
6.091188049316406250e+01
6.716442108154296875e+01
5.635525894165039062e+01
6.745378112792968750e+01
6.024440765380859375e+01
6.158433532714843750e+01
6.485374450683593750e+01
6.220512390136718750e+01
6.034429168701171875e+01
5.890187072753906250e+01
6.136242294311523438e+01
6.334640502929687500e+01
6.389435958862304688e+01
5.612755203247070312e+01
5.489812088012695312e+01
6.388171768188476562e+01
6.075021362304687500e+01
6.366714859008789062e+01
6.491673278808593750e+01
6.066635894775390625e+01
5.922429275512695312e+01
5.986383819580078125e+01
6.007384490966796875e+01
5.748121643066406250e+01
6.238826751708984375e+01
6.644121551513671875e+01
6.323263549804687500e+01
6.113609313964843750e+01
5.663110733032226562e+01
5.718259048461914062e+01
6.139648437500000000e+01
6.365352249145507812e+01
5.495711135864257812e+01
6.285245513916015625e+01
5.960214233398437500e+01
6.000840759277343750e+01
6.436373901367187500e+01
5.956071472167968750e+01
6.049313354492187500e+01
6.470497131347656250e+01
6.464142608642578125e+01
6.172027206420898438e+01
6.132585144042968750e+01
5.875236129760742188e+01
5.989191818237304688e+01
5.936541748046875000e+01
6.223481750488281250e+01
6.148659515380859375e+01
6.166731262207031250e+01
5.693397521972656250e+01
6.046656036376953125e+01
6.133126068115234375e+01
6.253183746337890625e+01
5.781723022460937500e+01
6.232544326782226562e+01
5.942078399658203125e+01
6.238303756713867188e+01
6.083839416503906250e+01
5.939392852783203125e+01
5.476459503173828125e+01
5.896682739257812500e+01
5.658503723144531250e+01
5.056001281738281250e+01
6.110230255126953125e+01
5.329394912719726562e+01
5.871710968017578125e+01
6.055968093872070312e+01
6.044621658325195312e+01
5.898192596435546875e+01
5.635854339599609375e+01
5.539482879638671875e+01
5.326420593261718750e+01
5.436752319335937500e+01
5.732874679565429688e+01
5.875640106201171875e+01
5.321460723876953125e+01
5.187789154052734375e+01
6.031780624389648438e+01
5.832804870605468750e+01
5.928720474243164062e+01
6.815750885009765625e+01
5.171827697753906250e+01
5.422151184082031250e+01
4.864159393310546875e+01
5.928055572509765625e+01
5.656028366088867188e+01
5.994711303710937500e+01
5.533229827880859375e+01
5.585037231445312500e+01
5.107212829589843750e+01
5.794511413574218750e+01
5.036924743652343750e+01
5.978948974609375000e+01
5.059838104248046875e+01
5.521800231933593750e+01
6.330640029907226562e+01
5.277656555175781250e+01
6.516062927246093750e+01
5.883139419555664062e+01
5.651445007324218750e+01
6.495899200439453125e+01
5.478059768676757812e+01
6.390635681152343750e+01
5.645241928100585938e+01
6.060266113281250000e+01
6.353522109985351562e+01
5.997755432128906250e+01
6.184447097778320312e+01
7.465539550781250000e+01
7.501788330078125000e+01
6.718743896484375000e+01
7.306076812744140625e+01
6.543795776367187500e+01
6.320143127441406250e+01
6.970869445800781250e+01
6.625907897949218750e+01
7.183152770996093750e+01
7.167332458496093750e+01
6.296630096435546875e+01
6.216379547119140625e+01
7.015862274169921875e+01
5.972568893432617188e+01
6.980724334716796875e+01
6.142792510986328125e+01
6.604528808593750000e+01
5.989438247680664062e+01
5.838583374023437500e+01
6.456336975097656250e+01
6.039295578002929688e+01
7.134619903564453125e+01
6.029933929443359375e+01
6.175389862060546875e+01
6.783972930908203125e+01
6.458286285400390625e+01
6.799516296386718750e+01
6.923608398437500000e+01
7.478162384033203125e+01
7.519517517089843750e+01
7.206887054443359375e+01
7.655450439453125000e+01
7.052436828613281250e+01
6.943800354003906250e+01
7.115138244628906250e+01
7.134040832519531250e+01
6.853683471679687500e+01
6.977647399902343750e+01
7.084577941894531250e+01
7.215693664550781250e+01
7.597221374511718750e+01
8.060618591308593750e+01
7.112705993652343750e+01
7.731346130371093750e+01
6.828889465332031250e+01
7.234149932861328125e+01
7.654345703125000000e+01
6.747793579101562500e+01
7.357742309570312500e+01
7.820452880859375000e+01
7.002528381347656250e+01
6.922969055175781250e+01
6.302198410034179688e+01
6.150977706909179688e+01
6.583837890625000000e+01
6.553791809082031250e+01
5.898919677734375000e+01
5.926255035400390625e+01
5.882488250732421875e+01
5.916909027099609375e+01
6.022239685058593750e+01
6.045157623291015625e+01
5.265741348266601562e+01
5.343473815917968750e+01
6.124254608154296875e+01
6.249047851562500000e+01
5.912996292114257812e+01
6.074428176879882812e+01
7.006744384765625000e+01
5.767534255981445312e+01
6.356569290161132812e+01
7.100098419189453125e+01
6.451419830322265625e+01
5.914039611816406250e+01
5.535727310180664062e+01
5.662181854248046875e+01
6.855382537841796875e+01
6.229452133178710938e+01
5.887773513793945312e+01
6.915361785888671875e+01
6.235795593261718750e+01
6.051600646972656250e+01
5.764075469970703125e+01
6.379167175292968750e+01
6.425607299804687500e+01
6.128329849243164062e+01
6.567747497558593750e+01
6.146024703979492188e+01
5.963818359375000000e+01
6.146276855468750000e+01
6.687545776367187500e+01
6.723547363281250000e+01
6.511124420166015625e+01
6.792391204833984375e+01
7.173557281494140625e+01
6.268690109252929688e+01
5.466484069824218750e+01
6.436070251464843750e+01
6.530154418945312500e+01
6.833055114746093750e+01
6.318572235107421875e+01
6.706652832031250000e+01
6.033867645263671875e+01
6.647030639648437500e+01
6.939462280273437500e+01
6.517483520507812500e+01
6.860481262207031250e+01
6.450616455078125000e+01
7.205410766601562500e+01
6.432482910156250000e+01
7.031175231933593750e+01
6.252631759643554688e+01
7.530438232421875000e+01
7.211590576171875000e+01
6.968792724609375000e+01
7.992242431640625000e+01
6.332070159912109375e+01
7.835853576660156250e+01
7.786907958984375000e+01
6.995924377441406250e+01
7.274278259277343750e+01
7.356086730957031250e+01
8.188297271728515625e+01
7.180877685546875000e+01
8.505789184570312500e+01
7.711785888671875000e+01
7.199563598632812500e+01
7.762188720703125000e+01
7.209661865234375000e+01
8.228880310058593750e+01
8.265090942382812500e+01
7.146782684326171875e+01
7.843218994140625000e+01
7.630870056152343750e+01
7.625600433349609375e+01
8.088458251953125000e+01
6.600731658935546875e+01
7.994183349609375000e+01
6.713551330566406250e+01
7.262264251708984375e+01
7.806733703613281250e+01
7.680661773681640625e+01
5.769412994384765625e+01
7.034149169921875000e+01
7.089990234375000000e+01
7.829435729980468750e+01
8.010302734375000000e+01
7.671028137207031250e+01
7.029986572265625000e+01
7.590378570556640625e+01
6.579275512695312500e+01
7.430767822265625000e+01
7.532064819335937500e+01
7.416725158691406250e+01
7.780831909179687500e+01
6.788919067382812500e+01
7.943672180175781250e+01
6.973861694335937500e+01
7.076077270507812500e+01
7.182473754882812500e+01
7.570117187500000000e+01
7.853043365478515625e+01
7.365496063232421875e+01
6.494670104980468750e+01
7.057727050781250000e+01
7.160552215576171875e+01
6.347913742065429688e+01
6.488398742675781250e+01
7.221209716796875000e+01
7.567339324951171875e+01
6.937795257568359375e+01
7.356465148925781250e+01
7.193084716796875000e+01
6.283035278320312500e+01
7.066314697265625000e+01
6.907951354980468750e+01
6.313789367675781250e+01
6.279533767700195312e+01
5.584055328369140625e+01
6.441724395751953125e+01
6.371393203735351562e+01
6.780171203613281250e+01
6.338143157958984375e+01
6.076652145385742188e+01
7.097616577148437500e+01
6.237488555908203125e+01
6.534279632568359375e+01
6.653241729736328125e+01
5.802061462402343750e+01
5.429459762573242188e+01
5.765056610107421875e+01
6.029358673095703125e+01
5.885248184204101562e+01
6.146005249023437500e+01
6.637187194824218750e+01
6.157598114013671875e+01
6.905836486816406250e+01
5.586357879638671875e+01
6.313152313232421875e+01
6.791929626464843750e+01
7.412453460693359375e+01
7.163259887695312500e+01
6.156509399414062500e+01
7.046751403808593750e+01
6.237208557128906250e+01
5.859601211547851562e+01
6.829760742187500000e+01
5.665249633789062500e+01
6.867524719238281250e+01
6.520050048828125000e+01
7.072367858886718750e+01
6.584981536865234375e+01
6.865270996093750000e+01
6.402795410156250000e+01
5.957454299926757812e+01
6.263949584960937500e+01
7.009284973144531250e+01
6.941651916503906250e+01
6.406067657470703125e+01
6.816311645507812500e+01
6.316683959960937500e+01
5.620698547363281250e+01
7.004209136962890625e+01
6.453276062011718750e+01
6.081826019287109375e+01
5.865584564208984375e+01
6.335530853271484375e+01
6.322318267822265625e+01
5.750940322875976562e+01
6.430085754394531250e+01
7.014941406250000000e+01
5.797573089599609375e+01
6.365991210937500000e+01
5.951991271972656250e+01
6.282485961914062500e+01
6.659790039062500000e+01
5.483955764770507812e+01
6.793711090087890625e+01
5.871200942993164062e+01
5.772113037109375000e+01
5.765573120117187500e+01
6.360065460205078125e+01
6.378664016723632812e+01
6.676622009277343750e+01
6.363563156127929688e+01
6.352225494384765625e+01
6.211800384521484375e+01
5.981840896606445312e+01
6.620117187500000000e+01
6.916926574707031250e+01
6.692851257324218750e+01
6.789757537841796875e+01
6.625074768066406250e+01
6.044644546508789062e+01
6.761383056640625000e+01
7.063301086425781250e+01
7.210131835937500000e+01
6.770164489746093750e+01
6.436140441894531250e+01
6.763128662109375000e+01
6.851500701904296875e+01
6.672300720214843750e+01
7.741311645507812500e+01
7.127922058105468750e+01
7.586636352539062500e+01
6.552065277099609375e+01
7.610060119628906250e+01
7.107168579101562500e+01
7.255061340332031250e+01
6.608307647705078125e+01
7.234292602539062500e+01
6.689826202392578125e+01
7.062730407714843750e+01
6.908160400390625000e+01
6.416111755371093750e+01
7.851004028320312500e+01
7.193475341796875000e+01
6.730889892578125000e+01
6.796623229980468750e+01
6.940866088867187500e+01
7.223145294189453125e+01
7.421363830566406250e+01
7.348041534423828125e+01
6.636266326904296875e+01
7.741909790039062500e+01
6.741017150878906250e+01
6.925080108642578125e+01
6.469753265380859375e+01
7.613188171386718750e+01
7.509674835205078125e+01
6.983097839355468750e+01
7.184553527832031250e+01
7.981559753417968750e+01
7.189538574218750000e+01
7.646963500976562500e+01
7.535810852050781250e+01
7.969570922851562500e+01
6.951084899902343750e+01
7.691003417968750000e+01
6.461122894287109375e+01
7.044875335693359375e+01
6.538116455078125000e+01
7.437129211425781250e+01
7.272229003906250000e+01
6.520530700683593750e+01
6.908485412597656250e+01
6.747832489013671875e+01
6.972985839843750000e+01
7.282621765136718750e+01
6.936820983886718750e+01
7.023142242431640625e+01
8.082661437988281250e+01
7.360796356201171875e+01
7.410057830810546875e+01
6.683898925781250000e+01
6.928327178955078125e+01
7.439749145507812500e+01
6.716450500488281250e+01
7.242165374755859375e+01
7.207345581054687500e+01
7.073002624511718750e+01
6.950466918945312500e+01
6.668520355224609375e+01
7.418140411376953125e+01
6.370621109008789062e+01
7.568881988525390625e+01
6.980802917480468750e+01
7.113367462158203125e+01
6.762307739257812500e+01
6.790483856201171875e+01
6.573564147949218750e+01
7.492296600341796875e+01
7.233917236328125000e+01
6.630259704589843750e+01
8.275291442871093750e+01
7.375349426269531250e+01
7.394501495361328125e+01
6.237546539306640625e+01
7.247428894042968750e+01
6.993742370605468750e+01
8.061960601806640625e+01
7.060929870605468750e+01
7.030843353271484375e+01
6.746322631835937500e+01
7.422154235839843750e+01
7.577982330322265625e+01
7.141586303710937500e+01
6.634702301025390625e+01
7.087874603271484375e+01
7.087921142578125000e+01
7.254301452636718750e+01
6.757789611816406250e+01
7.176754760742187500e+01
7.155390930175781250e+01
7.540556335449218750e+01
7.077857208251953125e+01
6.977297210693359375e+01
7.147151184082031250e+01
7.199220275878906250e+01
8.086666107177734375e+01
6.960161590576171875e+01
7.361396026611328125e+01
7.023416900634765625e+01
7.824911499023437500e+01
6.979571533203125000e+01
8.043524932861328125e+01
7.880905151367187500e+01
7.237561035156250000e+01
6.882579040527343750e+01
6.742403411865234375e+01
7.274217224121093750e+01
6.810777282714843750e+01
6.629055786132812500e+01
7.873883819580078125e+01
7.545381164550781250e+01
6.511321258544921875e+01
7.127224731445312500e+01
6.713299560546875000e+01
6.971493530273437500e+01
6.861880493164062500e+01
7.971257019042968750e+01
7.049115753173828125e+01
7.354756927490234375e+01
7.658831024169921875e+01
7.613594818115234375e+01
6.941368103027343750e+01
7.095768737792968750e+01
7.157415008544921875e+01
7.230244445800781250e+01
7.859603881835937500e+01
7.966297912597656250e+01
7.151293945312500000e+01
7.352342224121093750e+01
6.564151763916015625e+01
7.546176910400390625e+01
7.481933593750000000e+01
7.628755187988281250e+01
7.368231201171875000e+01
6.959208679199218750e+01
6.612120056152343750e+01
7.599565124511718750e+01
7.373449707031250000e+01
6.939568328857421875e+01
7.319943237304687500e+01
7.294400024414062500e+01
6.775074768066406250e+01
7.810086822509765625e+01
7.077616882324218750e+01
7.722575378417968750e+01
7.786437225341796875e+01
7.252297210693359375e+01
7.575486755371093750e+01
7.532377624511718750e+01
7.749191284179687500e+01
7.659880065917968750e+01
7.572933197021484375e+01
7.493144989013671875e+01
8.054872894287109375e+01
7.458725738525390625e+01
7.718702697753906250e+01
7.945767211914062500e+01
7.680284118652343750e+01
6.915163421630859375e+01
6.720378112792968750e+01
7.007292175292968750e+01
7.567149353027343750e+01
7.610882568359375000e+01
7.887768554687500000e+01
7.625282287597656250e+01
8.266060638427734375e+01
8.231773376464843750e+01
7.539289855957031250e+01
7.492556762695312500e+01
7.478617858886718750e+01
7.755337524414062500e+01
8.031955718994140625e+01
7.895483398437500000e+01
7.635418701171875000e+01
6.940666198730468750e+01
7.708393859863281250e+01
8.365510559082031250e+01
7.956755828857421875e+01
7.561899566650390625e+01
7.686483764648437500e+01
8.241764068603515625e+01
8.474495697021484375e+01
8.333796691894531250e+01
7.938865661621093750e+01
7.503441619873046875e+01
7.392492675781250000e+01
7.684371185302734375e+01
7.789910125732421875e+01
8.475580596923828125e+01
8.253005981445312500e+01
7.148184204101562500e+01
7.417252349853515625e+01
7.910009765625000000e+01
7.661090087890625000e+01
7.653131103515625000e+01
7.308126068115234375e+01
7.858384704589843750e+01
7.386987304687500000e+01
7.941831970214843750e+01
8.462930297851562500e+01
7.379327392578125000e+01
7.554293823242187500e+01
7.535565948486328125e+01
6.954092407226562500e+01
8.013948059082031250e+01
7.805746459960937500e+01
8.053318786621093750e+01
8.325331115722656250e+01
8.114866638183593750e+01
7.489954376220703125e+01
8.001674652099609375e+01
8.325428771972656250e+01
7.009040069580078125e+01
7.087528991699218750e+01
8.134624481201171875e+01
7.870541381835937500e+01
7.082503509521484375e+01
7.967636871337890625e+01
7.608729553222656250e+01
7.408536529541015625e+01
7.364012908935546875e+01
8.443043518066406250e+01
7.855825805664062500e+01
6.709888458251953125e+01
8.089591979980468750e+01
7.711054229736328125e+01
7.883789062500000000e+01
7.461457824707031250e+01
7.494548034667968750e+01
7.781430816650390625e+01
7.093883514404296875e+01
7.802575683593750000e+01
7.786775970458984375e+01
7.930229187011718750e+01
7.265915679931640625e+01
6.917219543457031250e+01
7.670574951171875000e+01
7.714601135253906250e+01
8.360967254638671875e+01
6.999263000488281250e+01
7.651864624023437500e+01
8.092615509033203125e+01
6.777067565917968750e+01
7.323526000976562500e+01
6.419430541992187500e+01
8.058590698242187500e+01
7.163941955566406250e+01
6.896116638183593750e+01
7.028414916992187500e+01
7.418943023681640625e+01
7.273773193359375000e+01
6.943571472167968750e+01
7.444023132324218750e+01
6.576255798339843750e+01
7.113293457031250000e+01
7.602087402343750000e+01
7.226586914062500000e+01
7.115415191650390625e+01
7.317457580566406250e+01
6.479929351806640625e+01
7.196945953369140625e+01
7.215046691894531250e+01
6.830932617187500000e+01
6.842980957031250000e+01
6.979316711425781250e+01
7.744331359863281250e+01
7.403494262695312500e+01
6.716423034667968750e+01
7.223629760742187500e+01
7.437855529785156250e+01
7.519964599609375000e+01
7.885742187500000000e+01
6.398195266723632812e+01
8.409703826904296875e+01
7.549252319335937500e+01
6.590161132812500000e+01
7.335360717773437500e+01
6.941093444824218750e+01
7.061465454101562500e+01
7.834046173095703125e+01
7.581445312500000000e+01
6.603387451171875000e+01
7.377537536621093750e+01
7.877036285400390625e+01
6.740797424316406250e+01
6.499848937988281250e+01
6.635516357421875000e+01
7.299092102050781250e+01
5.875110626220703125e+01
6.832859802246093750e+01
7.571711730957031250e+01
7.671569061279296875e+01
7.457485961914062500e+01
6.950739288330078125e+01
7.112655639648437500e+01
8.554504394531250000e+01
7.704772186279296875e+01
8.144510650634765625e+01
8.022670745849609375e+01
7.878652191162109375e+01
7.332032775878906250e+01
6.702507781982421875e+01
8.207319641113281250e+01
7.933089447021484375e+01
7.423081207275390625e+01
8.192497253417968750e+01
8.192144775390625000e+01
8.265211486816406250e+01
7.432086181640625000e+01
8.112013244628906250e+01
7.074330139160156250e+01
6.888421630859375000e+01
7.885310363769531250e+01
8.769624328613281250e+01
7.010369873046875000e+01
6.834257507324218750e+01
8.108950805664062500e+01
6.908829498291015625e+01
8.134538269042968750e+01
6.132300949096679688e+01
6.949977874755859375e+01
7.041433715820312500e+01
7.234718322753906250e+01
7.554619598388671875e+01
7.040087890625000000e+01
7.333161926269531250e+01
6.823643493652343750e+01
7.195186614990234375e+01
7.483403015136718750e+01
7.520667266845703125e+01
7.223817443847656250e+01
7.162089538574218750e+01
7.228104400634765625e+01
6.940114593505859375e+01
7.529392242431640625e+01
6.973152923583984375e+01
7.073014068603515625e+01
6.713696289062500000e+01
7.242068481445312500e+01
6.853896331787109375e+01
7.246803283691406250e+01
6.890030670166015625e+01
7.062663269042968750e+01
6.567713928222656250e+01
7.254103088378906250e+01
7.053532409667968750e+01
7.105453491210937500e+01
7.285713195800781250e+01
7.565248107910156250e+01
6.619458770751953125e+01
6.509066772460937500e+01
6.988729858398437500e+01
6.907904052734375000e+01
7.368930053710937500e+01
6.737255859375000000e+01
7.774192047119140625e+01
7.426651000976562500e+01
8.152279663085937500e+01
7.898274230957031250e+01
6.988317108154296875e+01
7.387126159667968750e+01
8.135961914062500000e+01
7.716894531250000000e+01
7.382487487792968750e+01
6.874417114257812500e+01
7.118098449707031250e+01
6.586911773681640625e+01
7.006884765625000000e+01
6.128765487670898438e+01
6.758043670654296875e+01
7.519738769531250000e+01
7.694814300537109375e+01
7.413375854492187500e+01
6.425470733642578125e+01
7.203544616699218750e+01
7.000128173828125000e+01
7.408764648437500000e+01
7.600431823730468750e+01
7.916865539550781250e+01
7.499248504638671875e+01
7.398650360107421875e+01
7.932761383056640625e+01
6.801948547363281250e+01
6.649011230468750000e+01
7.514838409423828125e+01
7.299231719970703125e+01
8.338168334960937500e+01
8.013171386718750000e+01
7.033155059814453125e+01
8.905539703369140625e+01
7.052954864501953125e+01
7.595391845703125000e+01
8.054003906250000000e+01
8.031881713867187500e+01
7.243094635009765625e+01
7.757711791992187500e+01
7.477133178710937500e+01
8.317753601074218750e+01
7.934413909912109375e+01
7.889871215820312500e+01
8.898136901855468750e+01
8.798782348632812500e+01
8.805722045898437500e+01
7.927102661132812500e+01
7.822914886474609375e+01
8.480152130126953125e+01
8.362687683105468750e+01
7.982254028320312500e+01
7.895628356933593750e+01
8.439901733398437500e+01
8.220550537109375000e+01
8.707575225830078125e+01
7.980632019042968750e+01
7.832833099365234375e+01
7.444090270996093750e+01
8.934663391113281250e+01
8.451705932617187500e+01
8.447903442382812500e+01
8.682641601562500000e+01
8.550704956054687500e+01
9.502006530761718750e+01
7.796747589111328125e+01
7.738052368164062500e+01
8.648204040527343750e+01
8.724473571777343750e+01
8.096591186523437500e+01
8.357229614257812500e+01
8.089620208740234375e+01
7.751562500000000000e+01
7.335957336425781250e+01
8.017764282226562500e+01
7.784445953369140625e+01
7.953187561035156250e+01
8.283260345458984375e+01
7.701364898681640625e+01
8.337612915039062500e+01
7.354608917236328125e+01
7.691267395019531250e+01
7.379859924316406250e+01
8.051625061035156250e+01
8.214169311523437500e+01
7.195598602294921875e+01
8.219104003906250000e+01
8.000025177001953125e+01
8.972723388671875000e+01
8.067796325683593750e+01
8.665768432617187500e+01
8.098215484619140625e+01
8.373824310302734375e+01
9.285704040527343750e+01
7.319306945800781250e+01
7.941498565673828125e+01
8.109392547607421875e+01
8.236960601806640625e+01
8.037467956542968750e+01
7.496566772460937500e+01
7.467694091796875000e+01
8.171275329589843750e+01
7.821443176269531250e+01
8.343298339843750000e+01
7.456946563720703125e+01
8.047518920898437500e+01
7.653099060058593750e+01
7.198472595214843750e+01
8.587541198730468750e+01
7.956999969482421875e+01
7.645560455322265625e+01
8.252548980712890625e+01
8.214929199218750000e+01
7.720505523681640625e+01
7.656178283691406250e+01
7.922280883789062500e+01
8.388992309570312500e+01
7.928238677978515625e+01
7.018533325195312500e+01
7.387405395507812500e+01
7.994355773925781250e+01
8.395323181152343750e+01
8.245268249511718750e+01
7.953993225097656250e+01
8.159897613525390625e+01
8.507307434082031250e+01
8.032411956787109375e+01
7.823166656494140625e+01
8.706938934326171875e+01
8.264848327636718750e+01
7.720484924316406250e+01
8.311550140380859375e+01
8.259584045410156250e+01
7.848587036132812500e+01
8.303704833984375000e+01
6.939447021484375000e+01
8.183035278320312500e+01
8.594936370849609375e+01
7.817576599121093750e+01
7.494088745117187500e+01
7.748399353027343750e+01
8.558029174804687500e+01
8.581204223632812500e+01
8.088367462158203125e+01
8.198291015625000000e+01
7.259823608398437500e+01
7.724920654296875000e+01
8.991989898681640625e+01
8.061131286621093750e+01
7.743301391601562500e+01
7.426358795166015625e+01
8.729288482666015625e+01
8.554307556152343750e+01
8.321254730224609375e+01
7.740361785888671875e+01
8.246736907958984375e+01
7.865922546386718750e+01
7.937077331542968750e+01
8.369570922851562500e+01
7.405941772460937500e+01
8.261122894287109375e+01
8.263989257812500000e+01
8.305684661865234375e+01
7.647041320800781250e+01
8.261181640625000000e+01
8.053684234619140625e+01
7.792956542968750000e+01
7.732019805908203125e+01
8.736530303955078125e+01
7.646421813964843750e+01
8.481081390380859375e+01
7.898020935058593750e+01
8.502471160888671875e+01
7.899447631835937500e+01
7.407446289062500000e+01
7.805628967285156250e+01
8.187184906005859375e+01
8.136557006835937500e+01
8.559504699707031250e+01
8.029267120361328125e+01
8.111932373046875000e+01
7.687471008300781250e+01
7.524064636230468750e+01
8.200962829589843750e+01
7.558791351318359375e+01
7.912525939941406250e+01
8.471528625488281250e+01
8.680517578125000000e+01
7.785515594482421875e+01
7.897885131835937500e+01
8.254627990722656250e+01
7.922025299072265625e+01
7.924569702148437500e+01
7.869064331054687500e+01
7.684806823730468750e+01
7.495695495605468750e+01
8.529348754882812500e+01
8.379800415039062500e+01
7.627452850341796875e+01
7.562489318847656250e+01
7.985211181640625000e+01
7.733174133300781250e+01
7.935221862792968750e+01
8.279879760742187500e+01
8.336961364746093750e+01
8.207685852050781250e+01
7.929972839355468750e+01
7.816435241699218750e+01
7.767961883544921875e+01
7.455120849609375000e+01
8.585488128662109375e+01
8.334184265136718750e+01
8.517922973632812500e+01
8.501704406738281250e+01
7.523766326904296875e+01
7.508056640625000000e+01
7.361981201171875000e+01
8.032781219482421875e+01
7.863336944580078125e+01
8.174490356445312500e+01
7.483674621582031250e+01
7.843413543701171875e+01
7.543624877929687500e+01
6.699279785156250000e+01
8.894221496582031250e+01
7.938285064697265625e+01
7.645620727539062500e+01
6.980981445312500000e+01
7.386277770996093750e+01
7.039450073242187500e+01
8.694960021972656250e+01
7.688180541992187500e+01
8.861750793457031250e+01
8.412766265869140625e+01
8.296781158447265625e+01
8.111235809326171875e+01
8.269690704345703125e+01
8.211691284179687500e+01
8.836820983886718750e+01
7.292466735839843750e+01
8.221096038818359375e+01
8.521185302734375000e+01
7.820767211914062500e+01
7.308198547363281250e+01
8.818272399902343750e+01
7.877607727050781250e+01
7.749472045898437500e+01
8.507505798339843750e+01
8.655419921875000000e+01
8.338698577880859375e+01
8.290310668945312500e+01
7.957498168945312500e+01
7.904169464111328125e+01
9.063655090332031250e+01
8.404887390136718750e+01
8.617938232421875000e+01
8.763327789306640625e+01
9.316529846191406250e+01
8.071946716308593750e+01
7.865341186523437500e+01
8.352551269531250000e+01
7.958221435546875000e+01
7.614441680908203125e+01
8.812097930908203125e+01
8.149702453613281250e+01
7.828660583496093750e+01
8.287693786621093750e+01
7.348321533203125000e+01
8.218609619140625000e+01
8.132872009277343750e+01
7.813014221191406250e+01
7.770806121826171875e+01
7.077877044677734375e+01
7.812446594238281250e+01
7.707337951660156250e+01
7.327218627929687500e+01
7.647566986083984375e+01
7.613049316406250000e+01
8.470866394042968750e+01
7.853736877441406250e+01
7.016648864746093750e+01
7.638289642333984375e+01
7.868292236328125000e+01
7.454725646972656250e+01
7.543135070800781250e+01
7.070410156250000000e+01
7.319956970214843750e+01
7.706398773193359375e+01
7.432138061523437500e+01
7.656530761718750000e+01
7.448527526855468750e+01
7.592855834960937500e+01
8.001260375976562500e+01
7.329107666015625000e+01
7.266494750976562500e+01
7.408374786376953125e+01
7.490127563476562500e+01
7.579475402832031250e+01
7.228715515136718750e+01
7.704977416992187500e+01
7.208695983886718750e+01
7.932231903076171875e+01
7.479043579101562500e+01
7.835064697265625000e+01
7.336307525634765625e+01
6.913929748535156250e+01
7.738140869140625000e+01
7.294355773925781250e+01
7.541950988769531250e+01
7.274549865722656250e+01
7.451249694824218750e+01
7.459536743164062500e+01
8.621313476562500000e+01
7.802082061767578125e+01
7.929666900634765625e+01
7.803752899169921875e+01
8.214062500000000000e+01
9.125726318359375000e+01
7.791011810302734375e+01
8.428649902343750000e+01
8.731663513183593750e+01
7.993574523925781250e+01
8.777861022949218750e+01
7.809599304199218750e+01
8.920368194580078125e+01
9.374813842773437500e+01
8.514015197753906250e+01
7.576588439941406250e+01
9.201943969726562500e+01
9.165208435058593750e+01
9.299218750000000000e+01
8.651545715332031250e+01
9.509642028808593750e+01
9.114843750000000000e+01
9.129255676269531250e+01
9.320501708984375000e+01
8.774223327636718750e+01
8.487133026123046875e+01
8.740898132324218750e+01
9.028124237060546875e+01
9.367112731933593750e+01
8.047375488281250000e+01
8.236740112304687500e+01
9.188092803955078125e+01
8.447642517089843750e+01
8.596324920654296875e+01
8.489261627197265625e+01
9.469722747802734375e+01
8.967742919921875000e+01
8.524006652832031250e+01
8.439996337890625000e+01
8.642652893066406250e+01
8.029516601562500000e+01
8.875752258300781250e+01
9.044110107421875000e+01
8.453320312500000000e+01
8.881318664550781250e+01
7.775839233398437500e+01
8.522886657714843750e+01
8.911140441894531250e+01
8.718544006347656250e+01
8.356035614013671875e+01
8.475238037109375000e+01
8.294444274902343750e+01
8.228115844726562500e+01
7.692362976074218750e+01
8.141217041015625000e+01
8.639553070068359375e+01
8.473568725585937500e+01
8.432971191406250000e+01
8.055573272705078125e+01
8.027207946777343750e+01
7.899972534179687500e+01
8.276931762695312500e+01
8.324427795410156250e+01
8.166419982910156250e+01
8.415939331054687500e+01
8.233127593994140625e+01
8.117089843750000000e+01
8.626037597656250000e+01
8.767927551269531250e+01
8.250396728515625000e+01
8.718832397460937500e+01
9.049991607666015625e+01
8.756610107421875000e+01
8.858468627929687500e+01
8.432765197753906250e+01
8.010205078125000000e+01
8.653959655761718750e+01
9.327072143554687500e+01
8.849578857421875000e+01
9.429338836669921875e+01
9.345601654052734375e+01
8.904421997070312500e+01
8.308588409423828125e+01
8.624552917480468750e+01
9.167552185058593750e+01
8.812174987792968750e+01
8.841522216796875000e+01
9.278654479980468750e+01
9.185251617431640625e+01
9.507760620117187500e+01
8.570561218261718750e+01
9.006417846679687500e+01
9.174908447265625000e+01
8.186026763916015625e+01
9.067121887207031250e+01
9.123893737792968750e+01
8.570401763916015625e+01
8.441284179687500000e+01
8.723994445800781250e+01
8.369490051269531250e+01
7.891043090820312500e+01
8.366768646240234375e+01
8.168699645996093750e+01
8.906228637695312500e+01
9.447194671630859375e+01
8.441787719726562500e+01
8.718843841552734375e+01
8.923986053466796875e+01
8.723336791992187500e+01
8.571603393554687500e+01
8.982080078125000000e+01
8.634243774414062500e+01
7.999359130859375000e+01
8.190619659423828125e+01
8.126426696777343750e+01
8.632662963867187500e+01
8.753643035888671875e+01
8.112346649169921875e+01
8.962322998046875000e+01
8.268607330322265625e+01
8.487790679931640625e+01
8.300410461425781250e+01
7.968724060058593750e+01
9.167536163330078125e+01
8.954753112792968750e+01
7.861325073242187500e+01
8.376723480224609375e+01
8.532560729980468750e+01
8.391197204589843750e+01
8.408581542968750000e+01
8.063784027099609375e+01
8.903927612304687500e+01
8.675875091552734375e+01
8.652497863769531250e+01
8.692766571044921875e+01
8.090026092529296875e+01
8.247496032714843750e+01
7.786643981933593750e+01
8.112525939941406250e+01
8.160937500000000000e+01
8.640724182128906250e+01
8.144911193847656250e+01
8.489638519287109375e+01
7.911692810058593750e+01
8.610407257080078125e+01
8.061853027343750000e+01
7.763918304443359375e+01
7.741217041015625000e+01
7.990476226806640625e+01
9.234228515625000000e+01
8.139522552490234375e+01
7.867400360107421875e+01
8.774417114257812500e+01
8.377743530273437500e+01
7.792137145996093750e+01
8.383798217773437500e+01
8.352801513671875000e+01
8.816181182861328125e+01
7.959756469726562500e+01
8.794572448730468750e+01
8.451559448242187500e+01
8.255259704589843750e+01
8.338374328613281250e+01
8.427676391601562500e+01
8.933546447753906250e+01
8.470368957519531250e+01
9.102649688720703125e+01
7.907806396484375000e+01
8.693377685546875000e+01
8.246308135986328125e+01
8.703587341308593750e+01
8.504071807861328125e+01
8.292707824707031250e+01
9.001613616943359375e+01
8.538777923583984375e+01
8.573612976074218750e+01
8.160510253906250000e+01
8.597753143310546875e+01
8.801934814453125000e+01
9.000514221191406250e+01
8.594235229492187500e+01
8.823732757568359375e+01
7.991371917724609375e+01
8.534353637695312500e+01
7.989799499511718750e+01
7.730496215820312500e+01
8.295587158203125000e+01
8.210337829589843750e+01
8.182109069824218750e+01
8.445027160644531250e+01
7.495011138916015625e+01
8.057003021240234375e+01
8.482710266113281250e+01
8.145111846923828125e+01
8.424482727050781250e+01
8.283483886718750000e+01
7.945498657226562500e+01
8.123186492919921875e+01
8.148226928710937500e+01
8.223830413818359375e+01
7.582566833496093750e+01
7.684019470214843750e+01
8.414208984375000000e+01
7.995581054687500000e+01
8.158176422119140625e+01
8.216581726074218750e+01
8.899276733398437500e+01
8.200408172607421875e+01
8.657353210449218750e+01
8.015386962890625000e+01
8.176571655273437500e+01
8.026244354248046875e+01
8.488791656494140625e+01
8.059327697753906250e+01
8.405492401123046875e+01
8.553700256347656250e+01
8.527496337890625000e+01
8.211737060546875000e+01
8.444314575195312500e+01
8.282824707031250000e+01
8.391951751708984375e+01
8.749274444580078125e+01
8.733267211914062500e+01
7.736466979980468750e+01
8.668209838867187500e+01
8.560258483886718750e+01
7.917861938476562500e+01
8.600276184082031250e+01
8.325671386718750000e+01
8.592855834960937500e+01
8.825127410888671875e+01
8.231680297851562500e+01
9.272632598876953125e+01
9.281546783447265625e+01
8.554679870605468750e+01
9.176002502441406250e+01
8.665872955322265625e+01
8.675051879882812500e+01
8.539154052734375000e+01
8.790711975097656250e+01
8.720135498046875000e+01
8.649316406250000000e+01
9.097254943847656250e+01
9.176766204833984375e+01
9.257662963867187500e+01
8.841553497314453125e+01
8.779591369628906250e+01
9.365457153320312500e+01
9.044314575195312500e+01
8.912409973144531250e+01
9.658712768554687500e+01
8.778635406494140625e+01
8.884173583984375000e+01
9.159118652343750000e+01
9.279354858398437500e+01
9.515246582031250000e+01
9.419696807861328125e+01
9.563930511474609375e+01
9.432542419433593750e+01
9.255636596679687500e+01
8.975225830078125000e+01
9.228367614746093750e+01
9.106546020507812500e+01
9.758861541748046875e+01
8.519401550292968750e+01
9.458868408203125000e+01
8.858131408691406250e+01
8.778602600097656250e+01
9.499549865722656250e+01
9.745883178710937500e+01
9.409546661376953125e+01
8.936671447753906250e+01
8.928314208984375000e+01
9.167745971679687500e+01
9.464580535888671875e+01
9.220908355712890625e+01
9.079459381103515625e+01
8.843197631835937500e+01
9.404456329345703125e+01
1.006786193847656250e+02
9.513468933105468750e+01
9.544568634033203125e+01
8.777949523925781250e+01
9.183498382568359375e+01
9.627495574951171875e+01
9.290432739257812500e+01
8.879908752441406250e+01
9.468572235107421875e+01
9.590585327148437500e+01
9.539240264892578125e+01
8.569023895263671875e+01
9.422999572753906250e+01
9.078363037109375000e+01
9.470781707763671875e+01
8.650572204589843750e+01
9.090651702880859375e+01
8.902158355712890625e+01
9.886587524414062500e+01
8.424493408203125000e+01
9.349975585937500000e+01
8.981407165527343750e+01
9.770964050292968750e+01
9.301393127441406250e+01
9.054536437988281250e+01
9.588582611083984375e+01
8.699449157714843750e+01
9.190309143066406250e+01
8.522628784179687500e+01
9.839311218261718750e+01
9.847748565673828125e+01
1.013778228759765625e+02
9.687742614746093750e+01
9.402794647216796875e+01
8.753034973144531250e+01
9.281872558593750000e+01
9.391355895996093750e+01
9.070999145507812500e+01
8.450671386718750000e+01
9.181606292724609375e+01
9.274315643310546875e+01
8.682059478759765625e+01
9.216955566406250000e+01
8.745419311523437500e+01
9.145748901367187500e+01
9.476348876953125000e+01
8.795670318603515625e+01
8.508634948730468750e+01
9.016029357910156250e+01
8.979080200195312500e+01
9.243548583984375000e+01
9.361241912841796875e+01
8.572428131103515625e+01
8.841087341308593750e+01
8.983639526367187500e+01
8.430798339843750000e+01
8.640305328369140625e+01
8.917681884765625000e+01
8.550994873046875000e+01
8.884584045410156250e+01
9.263636016845703125e+01
8.662324523925781250e+01
8.922550964355468750e+01
8.833946228027343750e+01
9.149853515625000000e+01
9.564678955078125000e+01
9.035699462890625000e+01
8.583659362792968750e+01
9.110180664062500000e+01
8.951031494140625000e+01
8.544207763671875000e+01
9.471847534179687500e+01
9.004586791992187500e+01
8.449955749511718750e+01
8.984245300292968750e+01
8.622917175292968750e+01
8.970282745361328125e+01
8.816032409667968750e+01
9.105422973632812500e+01
8.829370880126953125e+01
9.313647460937500000e+01
8.224633789062500000e+01
8.275157165527343750e+01
8.849464416503906250e+01
8.794311523437500000e+01
9.160238647460937500e+01
9.087053680419921875e+01
8.907620239257812500e+01
8.883117675781250000e+01
8.469029235839843750e+01
8.275599670410156250e+01
7.650335693359375000e+01
9.029461669921875000e+01
8.793185424804687500e+01
7.981384277343750000e+01
8.254946899414062500e+01
8.360572814941406250e+01
8.336584472656250000e+01
8.169580078125000000e+01
8.242355346679687500e+01
8.744582366943359375e+01
8.437847900390625000e+01
8.495144653320312500e+01
8.323640441894531250e+01
8.112537384033203125e+01
9.410614776611328125e+01
8.636869812011718750e+01
7.710111999511718750e+01
8.297050476074218750e+01
8.403553009033203125e+01
9.208242797851562500e+01
7.722690582275390625e+01
8.634992980957031250e+01
8.545552062988281250e+01
8.636485290527343750e+01
8.906158447265625000e+01
8.251507568359375000e+01
8.453195190429687500e+01
9.654116058349609375e+01
9.002148437500000000e+01
8.942308044433593750e+01
8.987219238281250000e+01
8.824664306640625000e+01
9.252282714843750000e+01
8.807041931152343750e+01
9.166349792480468750e+01
8.615613555908203125e+01
8.943104553222656250e+01
8.884310913085937500e+01
8.534916687011718750e+01
9.227300262451171875e+01
9.623219299316406250e+01
8.010554504394531250e+01
9.405482482910156250e+01
8.759230041503906250e+01
8.903453063964843750e+01
8.598458862304687500e+01
9.264292907714843750e+01
8.879908752441406250e+01
8.895317077636718750e+01
8.869593048095703125e+01
8.907453918457031250e+01
8.950222778320312500e+01
8.797735595703125000e+01
8.917137145996093750e+01
9.591874694824218750e+01
9.351794433593750000e+01
9.157731628417968750e+01
8.587702941894531250e+01
8.942962646484375000e+01
9.296394348144531250e+01
9.149562072753906250e+01
9.432155609130859375e+01
9.072556304931640625e+01
9.465853881835937500e+01
8.962297058105468750e+01
9.205154418945312500e+01
9.141268920898437500e+01
9.035285949707031250e+01
9.150866699218750000e+01
9.046691894531250000e+01
9.379040527343750000e+01
9.143734741210937500e+01
8.669369506835937500e+01
8.993358612060546875e+01
9.112891387939453125e+01
8.986961364746093750e+01
9.350183868408203125e+01
9.092082214355468750e+01
9.083003234863281250e+01
9.260678100585937500e+01
8.941046142578125000e+01
9.054490661621093750e+01
9.392139434814453125e+01
9.458126068115234375e+01
9.123213195800781250e+01
9.361807250976562500e+01
9.332791900634765625e+01
9.165198516845703125e+01
9.366793823242187500e+01
8.619866943359375000e+01
9.033857727050781250e+01
9.567214202880859375e+01
9.177769470214843750e+01
9.005482482910156250e+01
9.373077392578125000e+01
9.060084533691406250e+01
9.072830200195312500e+01
9.267096710205078125e+01
9.410002136230468750e+01
9.574588012695312500e+01
9.652033996582031250e+01
9.761836242675781250e+01
9.065246582031250000e+01
9.872753906250000000e+01
8.939606475830078125e+01
9.527275848388671875e+01
9.277854156494140625e+01
9.981127166748046875e+01
9.570593261718750000e+01
1.005059204101562500e+02
9.481510925292968750e+01
8.853691101074218750e+01
9.246749877929687500e+01
9.060683441162109375e+01
9.320503234863281250e+01
9.502749633789062500e+01
9.118050384521484375e+01
9.480480957031250000e+01
9.095233154296875000e+01
1.000255279541015625e+02
9.443067932128906250e+01
8.875956726074218750e+01
8.653143310546875000e+01
9.265782928466796875e+01
9.297366333007812500e+01
8.694503021240234375e+01
9.384970092773437500e+01
9.191104125976562500e+01
8.948895263671875000e+01
9.062430572509765625e+01
9.004418945312500000e+01
9.619254302978515625e+01
8.828451538085937500e+01
9.238156127929687500e+01
9.647241210937500000e+01
9.886921691894531250e+01
9.356888580322265625e+01
9.459864044189453125e+01
1.023882904052734375e+02
9.642507934570312500e+01
9.855325317382812500e+01
8.974034881591796875e+01
9.244671630859375000e+01
1.046453552246093750e+02
9.606185913085937500e+01
9.548973083496093750e+01
9.811349487304687500e+01
9.675092315673828125e+01
9.848046875000000000e+01
9.506690979003906250e+01
9.564672851562500000e+01
9.649224853515625000e+01
9.893975830078125000e+01
9.938963317871093750e+01
9.468106079101562500e+01
9.395078277587890625e+01
9.670729064941406250e+01
9.553075408935546875e+01
9.436414337158203125e+01
9.842451477050781250e+01
9.183755493164062500e+01
9.979984283447265625e+01
8.969686889648437500e+01
8.839169311523437500e+01
9.981740570068359375e+01
9.739082336425781250e+01
9.881843566894531250e+01
9.456851196289062500e+01
9.127936553955078125e+01
9.623593139648437500e+01
9.486280822753906250e+01
8.804193115234375000e+01
9.195259857177734375e+01
8.534518432617187500e+01
9.466979980468750000e+01
9.027053070068359375e+01
9.301991271972656250e+01
8.910234832763671875e+01
9.032966613769531250e+01
8.700421142578125000e+01
8.857574462890625000e+01
8.786646270751953125e+01
9.509552764892578125e+01
9.166947937011718750e+01
9.000975799560546875e+01
8.860851287841796875e+01
8.696915435791015625e+01
8.939819335937500000e+01
8.792847442626953125e+01
9.034597778320312500e+01
9.339947509765625000e+01
8.605139923095703125e+01
8.647143554687500000e+01
9.021304321289062500e+01
9.025861358642578125e+01
8.976148986816406250e+01
8.837547302246093750e+01
8.378530883789062500e+01
8.882593536376953125e+01
9.075032806396484375e+01
8.892933654785156250e+01
8.459715270996093750e+01
8.061337280273437500e+01
8.645864105224609375e+01
8.277727508544921875e+01
9.153962707519531250e+01
8.182433319091796875e+01
8.892155456542968750e+01
8.941589355468750000e+01
9.371627807617187500e+01
9.025398254394531250e+01
8.659253692626953125e+01
8.699446105957031250e+01
9.261810302734375000e+01
9.482033538818359375e+01
9.009828186035156250e+01
9.252854919433593750e+01
9.781974792480468750e+01
9.179284667968750000e+01
8.264637756347656250e+01
8.789517211914062500e+01
8.305979919433593750e+01
8.743107604980468750e+01
8.296682739257812500e+01
8.535414123535156250e+01
8.956593322753906250e+01
8.778668212890625000e+01
8.549882507324218750e+01
9.073542785644531250e+01
9.824245452880859375e+01
9.175051879882812500e+01
8.784873962402343750e+01
9.638887023925781250e+01
9.149479675292968750e+01
8.774237060546875000e+01
8.899188232421875000e+01
9.811459350585937500e+01
9.465195465087890625e+01
8.957972717285156250e+01
9.227514648437500000e+01
8.888688659667968750e+01
9.321807098388671875e+01
9.244943237304687500e+01
9.303416442871093750e+01
9.337840270996093750e+01
8.589794158935546875e+01
9.341087341308593750e+01
8.909040832519531250e+01
8.685331726074218750e+01
8.696651458740234375e+01
8.954946899414062500e+01
8.878492736816406250e+01
9.242938995361328125e+01
8.963475799560546875e+01
9.073135375976562500e+01
9.110897064208984375e+01
9.197841644287109375e+01
9.679431152343750000e+01
8.931835937500000000e+01
8.921376037597656250e+01
9.194979858398437500e+01
9.194268798828125000e+01
9.264567565917968750e+01
9.178939819335937500e+01
9.269895172119140625e+01
9.644220733642578125e+01
9.226782226562500000e+01
9.498548889160156250e+01
8.904529571533203125e+01
9.087058258056640625e+01
9.092129516601562500e+01
9.397497558593750000e+01
9.646141052246093750e+01
9.080305480957031250e+01
9.123897552490234375e+01
9.034544372558593750e+01
9.318856811523437500e+01
9.273696136474609375e+01
9.008978271484375000e+01
9.101191711425781250e+01
9.479380798339843750e+01
9.045404052734375000e+01
9.471382904052734375e+01
8.704033660888671875e+01
9.974090576171875000e+01
9.037653350830078125e+01
9.385264587402343750e+01
9.641511535644531250e+01
9.220973968505859375e+01
9.270529937744140625e+01
9.328546905517578125e+01
9.022798156738281250e+01
9.389942932128906250e+01
9.273731994628906250e+01
9.519831848144531250e+01
9.511701965332031250e+01
9.464009094238281250e+01
9.509088897705078125e+01
9.853393554687500000e+01
9.544538879394531250e+01
9.818197631835937500e+01
9.518045043945312500e+01
9.960800170898437500e+01
9.473805999755859375e+01
9.563816070556640625e+01
9.567673492431640625e+01
9.051531982421875000e+01
8.883680725097656250e+01
9.646237945556640625e+01
9.215722656250000000e+01
9.572753143310546875e+01
9.432681274414062500e+01
9.395797729492187500e+01
9.152906799316406250e+01
9.657647705078125000e+01
9.534626770019531250e+01
9.667231750488281250e+01
9.506617736816406250e+01
9.636740112304687500e+01
9.239575195312500000e+01
9.537247467041015625e+01
9.121875762939453125e+01
9.313048553466796875e+01
9.074877929687500000e+01
9.576087951660156250e+01
9.183449554443359375e+01
9.496488189697265625e+01
9.296482849121093750e+01
9.294129180908203125e+01
1.000407638549804688e+02
9.522242736816406250e+01
9.431063842773437500e+01
9.547959899902343750e+01
9.637266540527343750e+01
9.970092773437500000e+01
9.473120117187500000e+01
9.784318542480468750e+01
1.032923889160156250e+02
1.019819793701171875e+02
9.995417022705078125e+01
1.031150054931640625e+02
9.766668701171875000e+01
1.051221008300781250e+02
1.035162811279296875e+02
9.897302246093750000e+01
9.837839508056640625e+01
1.046855316162109375e+02
9.691883850097656250e+01
9.610918426513671875e+01
1.007838363647460938e+02
1.063956756591796875e+02
1.034574813842773438e+02
1.051296386718750000e+02
1.020950775146484375e+02
1.007508087158203125e+02
1.040232391357421875e+02
9.716822052001953125e+01
9.709984588623046875e+01
9.939172363281250000e+01
9.276981353759765625e+01
9.836424255371093750e+01
9.136130523681640625e+01
9.379152679443359375e+01
9.205037689208984375e+01
9.815657043457031250e+01
9.994321441650390625e+01
9.113503265380859375e+01
9.442231750488281250e+01
8.432643127441406250e+01
9.338818359375000000e+01
9.209229278564453125e+01
9.288261413574218750e+01
9.353022003173828125e+01
8.883361053466796875e+01
8.815599822998046875e+01
9.278367614746093750e+01
8.703187561035156250e+01
9.529842376708984375e+01
8.899311828613281250e+01
9.508163452148437500e+01
9.581478881835937500e+01
9.005073547363281250e+01
9.262911987304687500e+01
9.363899993896484375e+01
1.000139465332031250e+02
9.256535339355468750e+01
9.281304931640625000e+01
9.727561950683593750e+01
9.407685852050781250e+01
9.256511688232421875e+01
1.006260528564453125e+02
1.004192657470703125e+02
9.897023010253906250e+01
9.021827697753906250e+01
1.084546356201171875e+02
9.193554687500000000e+01
9.673318481445312500e+01
1.025361251831054688e+02
1.092137603759765625e+02
9.459043884277343750e+01
1.034842834472656250e+02
9.669178771972656250e+01
1.013334732055664062e+02
9.852710723876953125e+01
9.408568572998046875e+01
1.021903152465820312e+02
1.019754791259765625e+02
1.028923492431640625e+02
9.465845489501953125e+01
9.400217437744140625e+01
9.467967224121093750e+01
9.763670349121093750e+01
9.639346313476562500e+01
9.983203887939453125e+01
9.781174468994140625e+01
9.090669250488281250e+01
9.431217956542968750e+01
9.798342895507812500e+01
9.467687225341796875e+01
9.900926208496093750e+01
9.326968383789062500e+01
1.007822494506835938e+02
1.004300994873046875e+02
1.001182861328125000e+02
9.869053649902343750e+01
1.019572448730468750e+02
1.011778335571289062e+02
9.575965881347656250e+01
1.029663543701171875e+02
9.631357574462890625e+01
1.074628601074218750e+02
1.030080795288085938e+02
1.033297805786132812e+02
1.005311584472656250e+02
9.712785339355468750e+01
1.015262756347656250e+02
9.840837860107421875e+01
1.003496932983398438e+02
9.515371704101562500e+01
9.025759887695312500e+01
9.811300659179687500e+01
9.373884582519531250e+01
9.455956268310546875e+01
8.821188354492187500e+01
9.385710906982421875e+01
9.067814636230468750e+01
9.150409698486328125e+01
8.761834716796875000e+01
8.859691619873046875e+01
9.268600463867187500e+01
9.062188720703125000e+01
8.739324951171875000e+01
8.870220947265625000e+01
8.914620971679687500e+01
9.730744934082031250e+01
9.332081604003906250e+01
9.313098907470703125e+01
9.289909362792968750e+01
9.757623291015625000e+01
9.398799133300781250e+01
8.934533691406250000e+01
9.008507537841796875e+01
8.844956970214843750e+01
9.633024597167968750e+01
