1.019485443830490112e-01
1.058156937360763550e-01
8.508833497762680054e-02
6.161104142665863037e-02
8.907540887594223022e-02
8.437494933605194092e-02
6.976740062236785889e-02
6.112176179885864258e-02
7.321590185165405273e-02
8.356851339340209961e-02
5.378649756312370300e-02
6.430955976247787476e-02
7.554506510496139526e-02
5.586073920130729675e-02
6.037166342139244080e-02
8.298736065626144409e-02
7.925930619239807129e-02
5.861693620681762695e-02
4.839608073234558105e-02
5.026029795408248901e-02
6.261929124593734741e-02
4.885557293891906738e-02
3.447332233190536499e-02
3.627985343337059021e-02
3.602398931980133057e-02
4.354808852076530457e-02
3.242145478725433350e-02
4.770158976316452026e-02
4.652426764369010925e-02
3.184704482555389404e-02
4.821253940463066101e-02
3.183838725090026855e-02
4.412006586790084839e-02
2.875258028507232666e-02
4.434426128864288330e-02
3.518091887235641479e-02
3.321440145373344421e-02
4.356817528605461121e-02
4.955168813467025757e-02
3.838347271084785461e-02
3.016941808164119720e-02
3.702943399548530579e-02
3.726263344287872314e-02
2.959331870079040527e-02
2.278950437903404236e-02
3.104886412620544434e-02
2.090728841722011566e-02
2.861288748681545258e-02
2.404624782502651215e-02
2.517124824225902557e-02
2.643464319407939911e-02
4.488515108823776245e-02
4.314088821411132812e-02
3.250503540039062500e-02
3.414279967546463013e-02
3.863988444209098816e-02
2.382090687751770020e-02
5.510670691728591919e-02
3.717134147882461548e-02
2.728238515555858612e-02
3.479820489883422852e-02
3.177706897258758545e-02
3.107178211212158203e-02
2.087447047233581543e-02
2.504816651344299316e-02
2.043521404266357422e-02
1.800947077572345734e-02
1.861013285815715790e-02
4.944336041808128357e-02
2.342528663575649261e-02
3.355633467435836792e-02
2.458642050623893738e-02
3.890183195471763611e-02
3.045744262635707855e-02
3.127580136060714722e-02
2.444424852728843689e-02
2.482360601425170898e-02
1.607811078429222107e-02
2.738945186138153076e-02
2.510970830917358398e-02
3.949546441435813904e-02
1.883854903280735016e-02
2.241729199886322021e-02
2.536525577306747437e-02
1.396332494914531708e-02
2.119108103215694427e-02
3.880864754319190979e-02
3.628729283809661865e-02
2.968081459403038025e-02
1.863729208707809448e-02
3.180017322301864624e-02
4.161693155765533447e-02
1.653986796736717224e-02
2.200898900628089905e-02
1.499380730092525482e-02
2.155824378132820129e-02
1.814088784158229828e-02
2.766577899456024170e-02
2.969842962920665741e-02
2.584483474493026733e-02
3.234269842505455017e-02
2.417024038732051849e-02
1.766131073236465454e-02
2.481602877378463745e-02
2.221532724797725677e-02
2.215350233018398285e-02
2.341389283537864685e-02
3.157365322113037109e-02
1.834909990429878235e-02
2.417981252074241638e-02
2.615856751799583435e-02
2.356575988233089447e-02
2.760872058570384979e-02
1.258584391325712204e-02
2.089095115661621094e-02
2.035098522901535034e-02
2.040735632181167603e-02
1.895508170127868652e-02
2.887168154120445251e-02
1.525997743010520935e-02
2.712480723857879639e-02
1.968955993652343750e-02
3.373150154948234558e-02
2.343362569808959961e-02
1.984645053744316101e-02
3.518483787775039673e-02
2.836912125349044800e-02
2.434261515736579895e-02
1.398491859436035156e-02
3.658008202910423279e-02
2.178023755550384521e-02
1.964155212044715881e-02
2.335562556982040405e-02
4.231243580579757690e-02
2.289400808513164520e-02
3.149809688329696655e-02
3.306132555007934570e-02
1.544931158423423767e-02
2.179383300244808197e-02
2.041077800095081329e-02
2.252012491226196289e-02
2.253806218504905701e-02
9.653701446950435638e-03
1.720471307635307312e-02
3.261496871709823608e-02
3.395556658506393433e-02
2.440478280186653137e-02
2.003644779324531555e-02
2.444175444543361664e-02
1.638833433389663696e-02
2.640945278108119965e-02
1.695342175662517548e-02
2.212782017886638641e-02
3.113073669373989105e-02
1.730696484446525574e-02
2.262037247419357300e-02
2.984337136149406433e-02
2.352409623563289642e-02
2.390446141362190247e-02
2.092720381915569305e-02
1.291777752339839935e-02
1.956287398934364319e-02
2.325528860092163086e-02
2.828866243362426758e-02
3.033726289868354797e-02
2.967989072203636169e-02
1.576758176088333130e-02
2.004118263721466064e-02
2.686749026179313660e-02
3.181492537260055542e-02
1.741229370236396790e-02
2.690305374562740326e-02
3.350350633263587952e-02
2.853367477655410767e-02
2.918560430407524109e-02
1.325232349336147308e-02
2.183301001787185669e-02
2.908514440059661865e-02
2.759140357375144958e-02
1.583448424935340881e-02
1.611485704779624939e-02
1.869076304137706757e-02
2.060273848474025726e-02
2.680344134569168091e-02
2.025756239891052246e-02
2.128611505031585693e-02
2.369005791842937469e-02
2.192684076726436615e-02
2.266824245452880859e-02
1.754116825759410858e-02
2.145059034228324890e-02
2.128991484642028809e-02
1.476918905973434448e-02
2.591407671570777893e-02
1.815796270966529846e-02
1.436143647879362106e-02
4.746533557772636414e-02
1.260501332581043243e-02
2.163329347968101501e-02
2.029309235513210297e-02
2.073608525097370148e-02
3.212444856762886047e-02
2.170689031481742859e-02
4.042460769414901733e-02
3.232394158840179443e-02
1.085561793297529221e-02
2.730292640626430511e-02
7.197408936917781830e-03
1.845578290522098541e-02
1.549065113067626953e-02
2.394852042198181152e-02
2.001815661787986755e-02
2.715658210217952728e-02
2.013983577489852905e-02
1.403830014169216156e-02
1.807948201894760132e-02
1.972196809947490692e-02
2.247337624430656433e-02
1.473125815391540527e-02
2.936977893114089966e-02
1.709004864096641541e-02
3.238785266876220703e-02
1.849850080907344818e-02
1.664943993091583252e-02
2.926337718963623047e-02
1.106487400829792023e-02
1.749715022742748260e-02
2.733660861849784851e-02
2.409421466290950775e-02
2.351987175643444061e-02
2.838209830224514008e-02
1.908277161419391632e-02
1.942104659974575043e-02
2.460397407412528992e-02
1.481837220489978790e-02
2.253385446965694427e-02
1.854180730879306793e-02
2.975789085030555725e-02
1.527630910277366638e-02
1.993155851960182190e-02
1.863778010010719299e-02
3.119530156254768372e-02
2.101852558553218842e-02
1.776024699211120605e-02
1.357686053961515427e-02
2.828327193856239319e-02
3.274143487215042114e-02
2.281197533011436462e-02
1.837823353707790375e-02
1.396847888827323914e-02
1.705929450690746307e-02
2.625014446675777435e-02
2.191621437668800354e-02
2.234943211078643799e-02
1.748417317867279053e-02
2.736996673047542572e-02
1.909757219254970551e-02
2.437449991703033447e-02
2.096848934888839722e-02
1.718316227197647095e-02
1.933718845248222351e-02
3.044117614626884460e-02
1.972228661179542542e-02
2.041974477469921112e-02
2.238496392965316772e-02
1.950307562947273254e-02
1.386954914778470993e-02
1.735703647136688232e-02
4.045917093753814697e-02
1.898594945669174194e-02
1.112319808453321457e-02
2.656729519367218018e-02
2.542497962713241577e-02
1.772446557879447937e-02
1.321652904152870178e-02
1.788782700896263123e-02
2.363390475511550903e-02
2.547533623874187469e-02
2.841573581099510193e-02
2.693335525691509247e-02
3.132047131657600403e-02
1.137950271368026733e-02
2.400483749806880951e-02
1.630898565053939819e-02
1.898942142724990845e-02
1.345372386276721954e-02
1.216990314424037933e-02
2.153022214770317078e-02
1.641734689474105835e-02
1.189350150525569916e-02
4.063404724001884460e-02
2.336756139993667603e-02
3.083585761487483978e-02
2.205434814095497131e-02
1.791245304048061371e-02
1.524924300611019135e-02
2.813753113150596619e-02
1.460539363324642181e-02
1.308084558695554733e-02
1.670649461448192596e-02
9.678171947598457336e-03
2.200380526483058929e-02
1.102376915514469147e-02
2.643104270100593567e-02
2.842129766941070557e-02
1.807779818773269653e-02
1.329957507550716400e-02
1.727533712983131409e-02
1.737307757139205933e-02
1.374163292348384857e-02
2.357933484017848969e-02
2.571934834122657776e-02
1.436251401901245117e-02
1.978453062474727631e-02
2.218817733228206635e-02
2.625891193747520447e-02
1.878880709409713745e-02
1.979850977659225464e-02
2.023405954241752625e-02
1.595627702772617340e-02
1.318003050982952118e-02
1.664261706173419952e-02
2.724571339786052704e-02
1.987036317586898804e-02
3.178538754582405090e-02
2.615115046501159668e-02
1.373783405870199203e-02
1.019655726850032806e-02
1.694354042410850525e-02
2.134829759597778320e-02
2.010362595319747925e-02
3.295668959617614746e-02
1.673076301813125610e-02
1.729704812169075012e-02
1.639105752110481262e-02
1.365292072296142578e-02
1.724306121468544006e-02
3.559704869985580444e-02
2.231872081756591797e-02
1.245246734470129013e-02
1.613053865730762482e-02
1.326382160186767578e-02
1.754615642130374908e-02
2.448097430169582367e-02
1.317770592868328094e-02
1.353265158832073212e-02
1.033840421587228775e-02
1.702650263905525208e-02
1.787083968520164490e-02
2.883576415479183197e-02
1.872483640909194946e-02
1.753278635442256927e-02
1.373955886811017990e-02
2.270819246768951416e-02
1.618675142526626587e-02
3.815476596355438232e-02
2.786236628890037537e-02
1.662801206111907959e-02
1.867920532822608948e-02
1.150693185627460480e-02
1.185381691902875900e-02
1.685108616948127747e-02
2.201719395816326141e-02
2.775549516081809998e-02
2.102542296051979065e-02
2.084801346063613892e-02
2.101224660873413086e-02
1.361058652400970459e-02
1.660580746829509735e-02
2.578328177332878113e-02
1.545341964811086655e-02
1.476356294006109238e-02
2.030619606375694275e-02
2.205092459917068481e-02
1.874969154596328735e-02
1.702290028333663940e-02
2.295023761689662933e-02
1.341019850224256516e-02
1.152548752725124359e-02
2.749625407159328461e-02
1.769837364554405212e-02
2.026404067873954773e-02
2.093702554702758789e-02
1.426202710717916489e-02
1.870042458176612854e-02
1.183092407882213593e-02
1.671086810529232025e-02
1.667458191514015198e-02
3.210877999663352966e-02
1.413438096642494202e-02
1.865782961249351501e-02
1.673618704080581665e-02
2.272730320692062378e-02
1.795982196927070618e-02
1.514828205108642578e-02
2.010826021432876587e-02
1.823648624122142792e-02
9.205705486238002777e-03
1.515472494065761566e-02
1.460523437708616257e-02
4.915747046470642090e-02
2.658980712294578552e-02
2.302533015608787537e-02
2.868190035223960876e-02
1.778531819581985474e-02
1.597377657890319824e-02
1.120195351541042328e-02
1.366832386702299118e-02
1.602238975465297699e-02
1.391263213008642197e-02
2.181860618293285370e-02
1.015769317746162415e-02
2.115963958203792572e-02
1.039994042366743088e-02
2.734423801302909851e-02
2.674576640129089355e-02
2.425732463598251343e-02
1.816579513251781464e-02
4.791890829801559448e-02
2.233968675136566162e-02
1.840738952159881592e-02
3.125358000397682190e-02
9.221478365361690521e-03
2.158900350332260132e-02
1.092074252665042877e-02
1.451588235795497894e-02
1.875103637576103210e-02
1.654669642448425293e-02
2.569305524230003357e-02
1.002836879342794418e-02
3.193324804306030273e-02
1.345081813633441925e-02
1.724450662732124329e-02
2.419427782297134399e-02
1.398172974586486816e-02
1.495198812335729599e-02
1.409096177667379379e-02
1.798893325030803680e-02
2.137453481554985046e-02
1.309281587600708008e-02
1.194952987134456635e-02
1.318149454891681671e-02
1.673513464629650116e-02
1.917701587080955505e-02
2.212010696530342102e-02
2.204261347651481628e-02
2.036566659808158875e-02
2.557624876499176025e-02
1.741275563836097717e-02
2.053959667682647705e-02
2.145774662494659424e-02
1.509387791156768799e-02
1.956833899021148682e-02
2.464026957750320435e-02
9.583922103047370911e-03
3.296527266502380371e-02
1.386193465441465378e-02
1.175882294774055481e-02
1.799913123250007629e-02
2.015845663845539093e-02
2.181819640100002289e-02
1.454116217792034149e-02
1.738661900162696838e-02
2.037021517753601074e-02
3.019809722900390625e-02
1.174189709126949310e-02
2.987234294414520264e-02
9.876394644379615784e-03
2.319115400314331055e-02
8.473466150462627411e-03
1.629311591386795044e-02
2.395605109632015228e-02
1.617234013974666595e-02
1.537990570068359375e-02
1.709171757102012634e-02
1.354336272925138474e-02
1.337927579879760742e-02
3.150852769613265991e-02
1.708836108446121216e-02
2.271936461329460144e-02
2.963840961456298828e-02
2.038621343672275543e-02
1.882043480873107910e-02
1.201845705509185791e-02
1.759055443108081818e-02
1.830006018280982971e-02
2.420935593545436859e-02
1.498710736632347107e-02
1.357796322554349899e-02
2.608897350728511810e-02
2.094427309930324554e-02
2.555162832140922546e-02
2.404411137104034424e-02
2.694287896156311035e-02
1.135933957993984222e-02
1.424611546099185944e-02
2.317453175783157349e-02
2.022217959165573120e-02
1.010062359273433685e-02
2.251714095473289490e-02
3.251898288726806641e-02
2.415201067924499512e-02
9.101557545363903046e-03
2.312234602868556976e-02
1.800131238996982574e-02
1.485935784876346588e-02
3.344688564538955688e-02
2.706004679203033447e-02
1.282971911132335663e-02
1.771953515708446503e-02
3.149221092462539673e-02
2.675737813115119934e-02
1.178133301436901093e-02
1.899930275976657867e-02
2.315579354763031006e-02
1.645161025226116180e-02
1.966166868805885315e-02
2.563711255788803101e-02
1.564167439937591553e-02
2.707952260971069336e-02
1.592624373733997345e-02
1.700921356678009033e-02
1.107031852006912231e-02
1.410191413015127182e-02
1.921026222407817841e-02
1.590839400887489319e-02
3.564029186964035034e-02
1.848814263939857483e-02
1.387916784733533859e-02
2.747902087867259979e-02
1.519507728517055511e-02
2.399948798120021820e-02
1.354038715362548828e-02
2.011951990425586700e-02
2.378433942794799805e-02
1.677265018224716187e-02
1.131838373839855194e-02
1.846908405423164368e-02
1.432760059833526611e-02
4.061242938041687012e-02
1.808949932456016541e-02
1.080399751663208008e-02
2.049913443624973297e-02
1.421621441841125488e-02
1.643643900752067566e-02
1.597845554351806641e-02
1.318359933793544769e-02
2.208058908581733704e-02
2.404427155852317810e-02
1.733541116118431091e-02
2.236834727227687836e-02
3.299105912446975708e-02
1.125925034284591675e-02
2.966508828103542328e-02
1.912747696042060852e-02
2.841160818934440613e-02
1.383401453495025635e-02
1.515356451272964478e-02
2.531093917787075043e-02
1.452400069683790207e-02
1.647477410733699799e-02
1.774061471223831177e-02
1.246382109820842743e-02
2.348735556006431580e-02
2.570405229926109314e-02
9.490319527685642242e-03
1.073341630399227142e-02
8.828967809677124023e-03
1.271959021687507629e-02
2.462713420391082764e-02
1.957271806895732880e-02
1.808170415461063385e-02
1.295003481209278107e-02
1.053895056247711182e-02
3.827589005231857300e-02
1.645682379603385925e-02
2.280018478631973267e-02
1.973038353025913239e-02
2.590269967913627625e-02
1.720222830772399902e-02
2.449797466397285461e-02
2.395158261060714722e-02
1.589753106236457825e-02
1.175213791429996490e-02
1.735044643282890320e-02
1.408587396144866943e-02
1.179593801498413086e-02
1.326733361929655075e-02
3.070118837058544159e-02
1.032673195004463196e-02
3.069446049630641937e-02
2.391964755952358246e-02
2.099363505840301514e-02
1.065140776336193085e-02
1.641379855573177338e-02
2.114021405577659607e-02
2.490881085395812988e-02
2.761858329176902771e-02
2.094389125704765320e-02
1.099667977541685104e-02
2.325167134404182434e-02
1.124006789177656174e-02
1.497116591781377792e-02
2.102226577699184418e-02
2.234887331724166870e-02
1.345119159668684006e-02
1.739660464227199554e-02
1.322869211435317993e-02
2.639000117778778076e-02
2.092577889561653137e-02
2.171076461672782898e-02
3.686231374740600586e-02
1.517334021627902985e-02
1.724439114332199097e-02
1.756373420357704163e-02
2.102842554450035095e-02
1.779709756374359131e-02
1.724600791931152344e-02
1.811154186725616455e-02
1.507755927741527557e-02
1.949895173311233521e-02
1.633680984377861023e-02
1.581275835633277893e-02
1.369511149823665619e-02
1.534710079431533813e-02
2.423144876956939697e-02
1.325767673552036285e-02
1.213218551129102707e-02
1.888193748891353607e-02
3.504772111773490906e-02
1.007967628538608551e-02
1.486943569034337997e-02
2.399811521172523499e-02
1.386378146708011627e-02
1.355575770139694214e-02
1.481263246387243271e-02
1.474606618285179138e-02
3.939732536673545837e-02
2.895536646246910095e-02
1.797700673341751099e-02
2.312541566789150238e-02
1.514359097927808762e-02
1.208825409412384033e-02
2.009764872491359711e-02
2.276162058115005493e-02
3.163687512278556824e-02
8.923028595745563507e-03
2.835211530327796936e-02
1.687810942530632019e-02
2.213669195771217346e-02
1.418240647763013840e-02
1.475686114281415939e-02
1.764139346778392792e-02
2.101236209273338318e-02
1.493257470428943634e-02
1.706322655081748962e-02
2.360415458679199219e-02
1.036762725561857224e-02
1.922055333852767944e-02
1.344168931245803833e-02
2.178071066737174988e-02
2.313460037112236023e-02
1.730880886316299438e-02
1.251236628741025925e-02
1.160949748009443283e-02
2.282416634261608124e-02
3.226901590824127197e-02
1.875480450689792633e-02
2.194995805621147156e-02
1.167421694844961166e-02
1.260277163237333298e-02
1.893038861453533173e-02
2.622161060571670532e-02
1.630346849560737610e-02
1.814719103276729584e-02
2.039792388677597046e-02
1.697324030101299286e-02
2.284127101302146912e-02
7.668173871934413910e-03
7.895749993622303009e-03
3.193523362278938293e-02
1.412604935467243195e-02
1.553354226052761078e-02
9.444477967917919159e-03
2.471635304391384125e-02
3.907059878110885620e-02
1.154373027384281158e-02
1.171573065221309662e-02
1.697341725230216980e-02
1.448227744549512863e-02
8.709685876965522766e-03
2.659355476498603821e-02
3.120271489024162292e-02
1.765263080596923828e-02
2.086991630494594574e-02
2.798854559659957886e-02
7.279851473867893219e-03
2.671461924910545349e-02
2.099404484033584595e-02
1.828478649258613586e-02
1.472012232989072800e-02
1.280063390731811523e-02
1.016314327716827393e-02
1.616242900490760803e-02
1.716175675392150879e-02
1.870028488337993622e-02
2.250700816512107849e-02
1.894846744835376740e-02
1.252848468720912933e-02
3.229781985282897949e-02
2.120142243802547455e-02
2.608267590403556824e-02
1.369996182620525360e-02
1.304604019969701767e-02
1.547823380678892136e-02
1.951272040605545044e-02
2.148496173322200775e-02
2.101895771920681000e-02
2.165170572698116302e-02
1.047102641314268112e-02
1.967259310185909271e-02
1.674068346619606018e-02
1.856182143092155457e-02
1.753632351756095886e-02
8.967565372586250305e-03
3.270071744918823242e-02
2.947504818439483643e-02
1.977380365133285522e-02
2.563016675412654877e-02
1.048231869935989380e-02
2.465288154780864716e-02
2.035935781896114349e-02
9.844154119491577148e-03
1.934270560741424561e-02
1.660859771072864532e-02
2.492098510265350342e-02
1.475148648023605347e-02
1.935681700706481934e-02
1.154220011085271835e-02
3.075630031526088715e-02
1.161644887179136276e-02
1.156004052609205246e-02
1.136433891952037811e-02
1.696714013814926147e-02
1.090853661298751831e-02
1.607153564691543579e-02
1.165275555104017258e-02
3.480648621916770935e-02
8.437818847596645355e-03
1.740366406738758087e-02
1.882623508572578430e-02
1.955395005643367767e-02
2.646384947001934052e-02
2.029057033360004425e-02
1.217423286288976669e-02
1.317957229912281036e-02
1.698802970349788666e-02
1.195242814719676971e-02
1.229404937475919724e-02
1.065205410122871399e-02
1.984078064560890198e-02
1.041789352893829346e-02
3.021649084985256195e-02
9.472507052123546600e-03
2.321225032210350037e-02
1.006967667490243912e-02
1.575839892029762268e-02
2.178677171468734741e-02
1.302302628755569458e-02
9.720766916871070862e-03
2.085811458528041840e-02
8.709794841706752777e-03
1.609665341675281525e-02
1.011569425463676453e-02
5.262546241283416748e-02
1.982707343995571136e-02
1.755155995488166809e-02
2.117628976702690125e-02
5.704823415726423264e-03
1.790738105773925781e-02
1.317136641591787338e-02
2.487721294164657593e-02
2.142531238496303558e-02
1.020604465156793594e-02
1.016951911151409149e-02
6.954481825232505798e-03
4.021526128053665161e-02
2.785911411046981812e-02
1.929868385195732117e-02
1.141603104770183563e-02
1.383647881448268890e-02
1.210161857306957245e-02
1.536981295794248581e-02
2.108871936798095703e-02
1.133534312248229980e-02
2.835365198552608490e-02
2.631403133273124695e-02
1.969787850975990295e-02
1.025261357426643372e-02
3.419656306505203247e-02
1.774976402521133423e-02
1.189607568085193634e-02
1.600039750337600708e-02
1.681094802916049957e-02
1.662742160260677338e-02
1.019522082060575485e-02
1.279995404183864594e-02
1.820968277752399445e-02
2.005634084343910217e-02
7.956795394420623779e-03
1.780778728425502777e-02
1.987671479582786560e-02
4.171045869588851929e-02
1.823147386312484741e-02
1.341481041163206100e-02
9.883191436529159546e-03
1.494800578802824020e-02
1.925948448479175568e-02
1.256251893937587738e-02
1.830988377332687378e-02
1.546152308583259583e-02
1.086345873773097992e-02
1.362488698214292526e-02
1.498293690383434296e-02
2.084577642381191254e-02
1.328372023999691010e-02
9.452426806092262268e-03
1.093384064733982086e-02
2.481211535632610321e-02
1.544193364679813385e-02
1.345715206116437912e-02
1.524361222982406616e-02
1.318342052400112152e-02
1.596738211810588837e-02
1.150813978165388107e-02
1.628136634826660156e-02
1.495014503598213196e-02
1.762963086366653442e-02
2.415864542126655579e-02
2.067100256681442261e-02
1.676638051867485046e-02
1.006710156798362732e-02
1.235363166779279709e-02
1.933435536921024323e-02
4.428328201174736023e-02
2.759350091218948364e-02
1.321606617420911789e-02
1.513361185789108276e-02
1.610128767788410187e-02
2.504739537835121155e-02
2.406583726406097412e-02
2.403540909290313721e-02
1.353921741247177124e-02
2.789971232414245605e-02
1.434760540723800659e-02
8.548934943974018097e-03
2.057365514338016510e-02
1.621057465672492981e-02
2.051334641873836517e-02
1.471266057342290878e-02
1.825907453894615173e-02
4.282651841640472412e-02
8.166595362126827240e-03
1.749033294618129730e-02
2.305636182427406311e-02
1.842055469751358032e-02
2.075151354074478149e-02
1.530946604907512665e-02
7.057162001729011536e-03
1.256504654884338379e-02
1.328499894589185715e-02
2.054175175726413727e-02
1.688674464821815491e-02
1.477717794477939606e-02
1.721206679940223694e-02
1.074606459587812424e-02
1.653300039470195770e-02
1.530092395842075348e-02
2.454885654151439667e-02
1.633377373218536377e-02
1.596865803003311157e-02
2.014252543449401855e-02
1.483122259378433228e-02
1.160241477191448212e-02
2.220807597041130066e-02
3.261197358369827271e-02
2.135716751217842102e-02
7.466122508049011230e-03
2.005722187459468842e-02
1.724354363977909088e-02
1.536838524043560028e-02
1.282769255340099335e-02
1.233882736414670944e-02
1.045934110879898071e-02
1.144725643098354340e-02
1.227566413581371307e-02
1.648165099322795868e-02
2.444394491612911224e-02
1.632688194513320923e-02
2.706588804721832275e-02
2.096906863152980804e-02
1.999983936548233032e-02
9.824015200138092041e-03
2.652774378657341003e-02
1.080229133367538452e-02
2.070862613618373871e-02
2.152190171182155609e-02
1.737089455127716064e-02
2.185465022921562195e-02
2.281972393393516541e-02
3.187641873955726624e-02
1.762714050710201263e-02
1.634117029607295990e-02
4.217354953289031982e-02
1.461618393659591675e-02
1.009149663150310516e-02
2.311209402978420258e-02
8.943401277065277100e-03
1.652410998940467834e-02
1.087832078337669373e-02
1.802860945463180542e-02
1.073949038982391357e-02
2.005085535347461700e-02
1.304170396178960800e-02
3.187521919608116150e-02
1.246956735849380493e-02
2.281793020665645599e-02
2.019404992461204529e-02
1.233445759862661362e-02
1.118770241737365723e-02
1.461154874414205551e-02
1.321666687726974487e-02
1.355720963329076767e-02
2.750437520444393158e-02
1.856607198715209961e-02
2.461184374988079071e-02
1.784600690007209778e-02
1.651521399617195129e-02
1.099444925785064697e-02
9.709011763334274292e-03
1.291154976934194565e-02
1.544170361012220383e-02
3.857358917593955994e-02
3.107697330415248871e-02
2.873706445097923279e-02
1.189803145825862885e-02
1.638537831604480743e-02
3.398396819829940796e-02
1.682711765170097351e-02
1.272941939532756805e-02
9.546061977744102478e-03
1.195053383708000183e-02
2.396076172590255737e-02
2.524203062057495117e-02
1.974469423294067383e-02
1.434732973575592041e-02
1.483143121004104614e-02
1.986867189407348633e-02
2.312605455517768860e-02
1.458736509084701538e-02
1.335860043764114380e-02
2.321698144078254700e-02
4.115632176399230957e-02
2.007264457643032074e-02
1.582045108079910278e-02
1.524287462234497070e-02
1.704496704041957855e-02
1.391307823359966278e-02
8.471371605992317200e-03
1.701570115983486176e-02
1.702440902590751648e-02
1.021292433142662048e-02
3.311125561594963074e-02
1.139845978468656540e-02
1.640454493463039398e-02
1.832965016365051270e-02
1.246709190309047699e-02
1.291674654930830002e-02
1.795869879424571991e-02
1.980142295360565186e-02
1.144135650247335434e-02
1.825149729847908020e-02
1.399119757115840912e-02
1.792041957378387451e-02
1.889459230005741119e-02
1.391869317740201950e-02
1.780967786908149719e-02
1.087552588433027267e-02
2.146716043353080750e-02
1.995109021663665771e-02
2.003379911184310913e-02
1.034588366746902466e-02
2.043002098798751831e-02
2.434855513274669647e-02
1.536666136234998703e-02
1.106502115726470947e-02
1.995393633842468262e-02
2.373341284692287445e-02
4.251431673765182495e-02
7.891147397458553314e-03
1.292133145034313202e-02
1.424089819192886353e-02
2.116410061717033386e-02
1.699954643845558167e-02
2.316231839358806610e-02
1.587743684649467468e-02
1.467181555926799774e-02
1.346154790371656418e-02
2.087092399597167969e-02
1.668775826692581177e-02
1.841723732650279999e-02
1.586892455816268921e-02
2.830290794372558594e-02
2.150836586952209473e-02
1.561798714101314545e-02
1.348653994500637054e-02
1.607938669621944427e-02
1.011139154434204102e-02
1.723643764853477478e-02
2.307372912764549255e-02
2.078564278781414032e-02
1.441083848476409912e-02
1.697719842195510864e-02
2.289572171866893768e-02
1.707519032061100006e-02
1.331463363021612167e-02
2.453540824353694916e-02
1.262474991381168365e-02
1.667048409581184387e-02
3.286111354827880859e-02
2.928354404866695404e-02
2.006186917424201965e-02
1.555037777870893478e-02
1.245110761374235153e-02
2.121343463659286499e-02
1.008087582886219025e-02
2.661279961466789246e-02
1.808742433786392212e-02
2.046787552535533905e-02
2.088856697082519531e-02
1.293104421347379684e-02
2.737876586616039276e-02
1.028755865991115570e-02
2.165692299604415894e-02
1.156046800315380096e-02
1.643803529441356659e-02
1.297190599143505096e-02
1.432080194354057312e-02
9.404799900949001312e-03
1.515265088528394699e-02
1.917545683681964874e-02
1.560487598180770874e-02
3.849433362483978271e-02
1.469822227954864502e-02
8.488290943205356598e-03
1.118777971714735031e-02
2.893344685435295105e-02
1.064088474959135056e-02
9.062008000910282135e-03
1.183200906962156296e-02
1.677404716610908508e-02
3.819917887449264526e-02
2.085869759321212769e-02
1.440862752497196198e-02
1.922652125358581543e-02
1.872004941105842590e-02
1.383645832538604736e-02
1.520187687128782272e-02
1.388243399560451508e-02
2.935983985662460327e-02
2.664863690733909607e-02
3.242204710841178894e-02
1.320905052125453949e-02
2.293949946761131287e-02
2.196898125112056732e-02
1.721509546041488647e-02
2.084111236035823822e-02
2.945704385638237000e-02
1.917888037860393524e-02
8.364166133105754852e-03
1.416777353733778000e-02
2.487598359584808350e-02
2.142242342233657837e-02
1.798050105571746826e-02
2.021569013595581055e-02
1.600446179509162903e-02
1.687035709619522095e-02
1.871069520711898804e-02
1.449266448616981506e-02
1.404734700918197632e-02
2.518562227487564087e-02
9.173292666673660278e-03
2.252100780606269836e-02
2.229208499193191528e-02
2.119977772235870361e-02
2.736063301563262939e-02
1.043623592704534531e-02
1.080336421728134155e-02
3.185420855879783630e-02
1.945736631751060486e-02
7.720444351434707642e-03
1.287455670535564423e-02
3.265570849180221558e-02
1.073326449841260910e-02
1.805137842893600464e-02
1.402013283222913742e-02
1.270733308047056198e-02
1.177955605089664459e-02
2.543507888913154602e-02
1.274752430617809296e-02
1.538982987403869629e-02
1.289627142250537872e-02
2.818782441318035126e-02
1.862457394599914551e-02
1.898138970136642456e-02
2.179811708629131317e-02
1.641801744699478149e-02
1.666733250021934509e-02
2.976179495453834534e-02
1.964287832379341125e-02
1.707739196717739105e-02
1.411119103431701660e-02
1.339681260287761688e-02
8.973428979516029358e-03
1.042311545461416245e-02
1.313651632517576218e-02
1.095249317586421967e-02
1.748276501893997192e-02
1.457638572901487350e-02
2.175625227391719818e-02
2.134153246879577637e-02
1.421017851680517197e-02
1.215089485049247742e-02
9.422842413187026978e-03
2.497757039964199066e-02
1.260703708976507187e-02
2.626684866845607758e-02
1.412971690297126770e-02
1.619702205061912537e-02
1.481901016086339951e-02
2.506452612578868866e-02
2.535563707351684570e-02
1.052274368703365326e-02
2.198439091444015503e-02
2.747282385826110840e-02
1.317243278026580811e-02
1.412583887577056885e-02
1.851551607251167297e-02
1.311258785426616669e-02
1.450128853321075439e-02
2.376125380396842957e-02
1.999284885823726654e-02
2.025285735726356506e-02
1.355792861431837082e-02
2.082928083837032318e-02
1.401305943727493286e-02
2.257005870342254639e-02
1.057487912476062775e-02
1.839841529726982117e-02
1.133511215448379517e-02
2.371927723288536072e-02
2.105208113789558411e-02
1.001891773194074631e-02
1.225447934120893478e-02
1.266405265778303146e-02
1.981020905077457428e-02
1.278931088745594025e-02
1.071770861744880676e-02
2.212065085768699646e-02
1.481250487267971039e-02
1.435066014528274536e-02
1.375747844576835632e-02
1.284297835081815720e-02
8.690509945154190063e-03
2.362750284373760223e-02
1.577080972492694855e-02
2.126848325133323669e-02
2.085049264132976532e-02
1.138943061232566833e-02
1.904836855828762054e-02
1.983067393302917480e-02
2.073807641863822937e-02
1.309211459010839462e-02
1.418755017220973969e-02
1.729891449213027954e-02
1.492587756365537643e-02
1.339035015553236008e-02
1.283078175038099289e-02
1.059708185493946075e-02
1.624177210032939911e-02
3.210512921214103699e-02
1.297435536980628967e-02
1.908782869577407837e-02
1.264074258506298065e-02
2.913489192724227905e-02
1.259270310401916504e-02
3.255980089306831360e-02
1.322809141129255295e-02
1.363094523549079895e-02
2.754944562911987305e-02
1.562820002436637878e-02
1.710741035640239716e-02
2.016322687268257141e-02
1.961662061512470245e-02
1.879550144076347351e-02
2.167141437530517578e-02
1.043892279267311096e-02
2.576784044504165649e-02
3.641523420810699463e-02
1.712900772690773010e-02
2.735292166471481323e-02
1.562373898923397064e-02
1.267580222338438034e-02
1.342944055795669556e-02
2.172003686428070068e-02
1.569047197699546814e-02
1.470924913883209229e-02
1.683940179646015167e-02
2.474706247448921204e-02
1.658745482563972473e-02
2.295677363872528076e-02
2.360340580344200134e-02
9.649666026234626770e-03
1.247592829167842865e-02
2.162953838706016541e-02
8.374620229005813599e-03
1.594486460089683533e-02
1.680461503565311432e-02
5.779128521680831909e-03
1.306493580341339111e-02
2.039866149425506592e-02
1.153871975839138031e-02
9.903028607368469238e-03
2.368070743978023529e-02
1.213689427822828293e-02
1.304185390472412109e-02
2.605925500392913818e-02
8.729579858481884003e-03
1.556606777012348175e-02
1.088598929345607758e-02
1.950229331851005554e-02
1.269758306443691254e-02
1.525141578167676926e-02
6.745706312358379364e-03
1.003393717110157013e-02
1.137146726250648499e-02
1.901787891983985901e-02
1.353194378316402435e-02
4.315859824419021606e-02
1.157403923571109772e-02
1.493254490196704865e-02
2.286364696919918060e-02
2.939744107425212860e-02
1.093853265047073364e-02
1.332623325288295746e-02
1.962807029485702515e-02
1.938306726515293121e-02
2.076345682144165039e-02
8.441043086349964142e-03
1.534863375127315521e-02
4.909993615001440048e-03
2.174781262874603271e-02
1.057440042495727539e-02
1.305369194597005844e-02
1.866668462753295898e-02
3.814890608191490173e-02
2.450723759829998016e-02
9.723553434014320374e-03
9.180350229144096375e-03
1.361940987408161163e-02
2.875498309731483459e-02
1.392982900142669678e-02
9.290700778365135193e-03
2.753889374434947968e-02
2.940278314054012299e-02
1.153137534856796265e-02
2.504110708832740784e-02
1.868321560323238373e-02
1.724882796406745911e-02
3.295613452792167664e-02
2.579392306506633759e-02
2.202521264553070068e-02
1.504566799849271774e-02
1.547904871404170990e-02
2.429671958088874817e-02
1.828027330338954926e-02
2.713388018310070038e-02
1.321261655539274216e-02
1.304741948843002319e-02
6.386342458426952362e-03
1.355814468115568161e-02
2.048015967011451721e-02
8.648989722132682800e-03
1.696658693253993988e-02
1.602522656321525574e-02
2.083140984177589417e-02
1.518069859594106674e-02
8.145589381456375122e-03
2.375801466405391693e-02
2.471867762506008148e-02
1.686297170817852020e-02
1.961347274482250214e-02
2.042346820235252380e-02
1.799993775784969330e-02
2.069487050175666809e-02
1.311586610972881317e-02
1.444561034440994263e-02
1.396409608423709869e-02
1.950575038790702820e-02
2.545970678329467773e-02
2.630025707185268402e-02
1.694339513778686523e-02
1.648703776299953461e-02
3.763283044099807739e-02
1.311644446104764938e-02
1.104633137583732605e-02
1.504155062139034271e-02
1.309300493448972702e-02
1.149321533739566803e-02
2.707214653491973877e-02
1.290510408580303192e-02
1.071104686707258224e-02
2.609540335834026337e-02
1.522900164127349854e-02
1.346513628959655762e-02
1.130187045782804489e-02
1.869047060608863831e-02
2.978195808827877045e-02
1.579071208834648132e-02
1.386806741356849670e-02
1.042676344513893127e-02
1.567419432103633881e-02
1.608608663082122803e-02
1.681562140583992004e-02
1.846489310264587402e-02
1.301462762057781219e-02
1.270641572773456573e-02
1.803284883499145508e-02
1.305723190307617188e-02
2.555704116821289062e-02
1.510937418788671494e-02
9.996322914958000183e-03
2.210724167525768280e-02
1.299178600311279297e-02
1.333074551075696945e-02
1.056283246725797653e-02
1.950791478157043457e-02
1.302902214229106903e-02
2.204663120210170746e-02
2.274031005799770355e-02
2.287634462118148804e-02
3.229141980409622192e-02
1.021266262978315353e-02
1.827983558177947998e-02
2.196693047881126404e-02
1.829328760504722595e-02
2.017483115196228027e-02
1.773611269891262054e-02
3.153429925441741943e-02
1.466070767492055893e-02
2.964431606233119965e-02
1.727431267499923706e-02
1.959547400474548340e-02
1.312283240258693695e-02
1.960811950266361237e-02
9.982008486986160278e-03
2.946818619966506958e-02
1.125659048557281494e-02
1.277538388967514038e-02
1.601344905793666840e-02
1.065969280898571014e-02
2.041609026491641998e-02
9.621283039450645447e-03
1.565515995025634766e-02
1.381964515894651413e-02
1.460023503750562668e-02
2.566727064549922943e-02
1.566331647336483002e-02
2.363194152712821960e-02
2.159735187888145447e-02
1.454122271388769150e-02
1.552812661975622177e-02
1.099288742989301682e-02
8.980917744338512421e-03
1.053578406572341919e-02
2.728573605418205261e-02
9.131782688200473785e-03
9.785538539290428162e-03
1.830200850963592529e-02
3.179023787379264832e-02
1.658833771944046021e-02
9.880013763904571533e-03
8.278901688754558563e-03
1.495829038321971893e-02
1.998668909072875977e-02
2.012389153242111206e-02
2.352381125092506409e-02
1.807084679603576660e-02
1.008133590221405029e-02
1.539180800318717957e-02
1.967865042388439178e-02
1.368024852126836777e-02
1.071685831993818283e-02
2.557766996324062347e-02
1.952109672129154205e-02
2.257674746215343475e-02
1.757338643074035645e-02
9.846848435699939728e-03
1.250841282308101654e-02
1.597004011273384094e-02
9.096136316657066345e-03
2.533588930964469910e-02
3.658597171306610107e-02
1.079341303557157516e-02
2.252497896552085876e-02
1.418532244861125946e-02
1.945750229060649872e-02
9.937796741724014282e-03
1.028744131326675415e-02
1.840084418654441833e-02
1.248187478631734848e-02
1.697160676121711731e-02
2.342708967626094818e-02
1.577586308121681213e-02
1.105051301419734955e-02
1.831680163741111755e-02
1.180226914584636688e-02
5.693181417882442474e-03
1.241514831781387329e-02
1.632335036993026733e-02
2.171365730464458466e-02
1.283059082925319672e-02
1.138200797140598297e-02
1.345079205930233002e-02
1.896925643086433411e-02
1.818352937698364258e-02
1.680175028741359711e-02
1.112289540469646454e-02
1.772076636552810669e-02
1.924786530435085297e-02
1.339435391128063202e-02
1.362800411880016327e-02
1.970949396491050720e-02
1.699578389525413513e-02
1.503518037497997284e-02
9.431487880647182465e-03
1.011567562818527222e-02
1.093345321714878082e-02
8.552514016628265381e-03
1.859846338629722595e-02
1.837328821420669556e-02
1.710074953734874725e-02
1.025968603789806366e-02
4.306755587458610535e-02
1.465037092566490173e-02
1.105065923184156418e-02
3.054781258106231689e-02
2.187485992908477783e-02
2.229109965264797211e-02
2.707584016025066376e-02
9.985703043639659882e-03
1.643046736717224121e-02
5.819946061819791794e-03
1.261049695312976837e-02
2.897250652313232422e-02
2.381739020347595215e-02
2.618701756000518799e-02
1.961149647831916809e-02
1.166808232665061951e-02
3.100238740444183350e-02
8.978398516774177551e-03
1.775029674172401428e-02
1.354472339153289795e-02
3.524399176239967346e-02
1.345088146626949310e-02
1.559132616966962814e-02
1.654584892094135284e-02
1.739263534545898438e-02
2.662160061299800873e-02
2.289967797696590424e-02
1.207603886723518372e-02
1.891615614295005798e-02
1.397391781210899353e-02
2.644692361354827881e-02
1.069480925798416138e-02
1.635076850652694702e-02
1.500294171273708344e-02
1.796724088490009308e-02
1.740104332566261292e-02
1.349282823503017426e-02
2.094135433435440063e-02
1.751280203461647034e-02
1.472120918333530426e-02
1.746182888746261597e-02
1.646130904555320740e-02
1.824624650180339813e-02
1.445076987147331238e-02
1.678598672151565552e-02
1.578585058450698853e-02
2.097469195723533630e-02
1.616311818361282349e-02
9.595174342393875122e-03
1.414964161813259125e-02
1.305357646197080612e-02
8.900241926312446594e-03
1.881718263030052185e-02
3.179203718900680542e-02
3.732073307037353516e-02
1.803407445549964905e-02
9.547915309667587280e-03
1.916593685746192932e-02
1.862542703747749329e-02
1.105591468513011932e-02
1.112054847180843353e-02
2.856798842549324036e-02
1.489636488258838654e-02
8.042495697736740112e-03
1.337050553411245346e-02
1.758804731070995331e-02
1.479326188564300537e-02
1.234509609639644623e-02
2.634245716035366058e-02
2.578131109476089478e-02
1.187540404498577118e-02
1.734938845038414001e-02
2.604425512254238129e-02
2.643202804028987885e-02
1.256168913096189499e-02
1.226124726235866547e-02
1.496787182986736298e-02
9.236013516783714294e-03
1.017445698380470276e-02
1.299050822854042053e-02
2.053472399711608887e-02
2.204674482345581055e-02
4.000082612037658691e-02
2.308866940438747406e-02
1.493990048766136169e-02
2.224222943186759949e-02
1.918875798583030701e-02
1.591274701058864594e-02
1.345964055508375168e-02
1.572262682020664215e-02
1.032705418765544891e-02
1.532663963735103607e-02
9.810708463191986084e-03
1.218664646148681641e-02
6.697015371173620224e-03
1.837025396525859833e-02
1.184790022671222687e-02
1.395415514707565308e-02
1.470145490020513535e-02
2.286073565483093262e-02
1.012765895575284958e-02
4.177821800112724304e-02
1.705932430922985077e-02
1.416447386145591736e-02
2.327807247638702393e-02
2.241778373718261719e-02
9.005314670503139496e-03
2.060945518314838409e-02
1.433800719678401947e-02
2.216286212205886841e-02
1.751906424760818481e-02
1.483262330293655396e-02
2.021802961826324463e-02
1.680229604244232178e-02
5.599219352006912231e-03
1.718514412641525269e-02
1.108526438474655151e-02
2.086679451167583466e-02
1.703369617462158203e-02
2.341695129871368408e-02
1.230109017342329025e-02
8.642755448818206787e-03
1.486880145967006683e-02
9.093354456126689911e-03
1.354208402335643768e-02
1.570326834917068481e-02
2.753966674208641052e-02
1.640313491225242615e-02
2.988637983798980713e-02
5.731392651796340942e-03
1.813761517405509949e-02
1.703919842839241028e-02
1.945795863866806030e-02
1.606265269219875336e-02
2.094794437289237976e-02
1.645357534289360046e-02
8.588580414652824402e-03
2.696567773818969727e-02
1.944857463240623474e-02
1.487587206065654755e-02
1.979557238519191742e-02
2.441988885402679443e-02
2.081928402185440063e-02
7.904871366918087006e-03
1.342968177050352097e-02
1.032992172986268997e-02
2.024923078715801239e-02
2.828590199351310730e-02
2.099760621786117554e-02
1.515989284962415695e-02
8.586648851633071899e-03
2.291230671107769012e-02
2.363382838666439056e-02
1.702633313834667206e-02
2.023284137248992920e-02
8.510001003742218018e-03
2.423007413744926453e-02
3.072991967201232910e-02
2.709524892270565033e-02
8.359848521649837494e-03
2.288964018225669861e-02
2.958023548126220703e-02
8.393728174269199371e-03
1.959885656833648682e-02
1.423374004662036896e-02
7.688629440963268280e-03
1.812795549631118774e-02
2.997389808297157288e-02
1.400751993060112000e-02
1.005218364298343658e-02
2.064367383718490601e-02
1.576640084385871887e-02
1.054587494581937790e-02
1.906806975603103638e-02
2.239912003278732300e-02
1.060696225613355637e-02
1.904885470867156982e-02
1.273775380104780197e-02
1.665406674146652222e-02
1.318332832306623459e-02
1.340971142053604126e-02
1.647111400961875916e-02
2.538928017020225525e-02
1.245223358273506165e-02
1.373563613742589951e-02
1.838407479226589203e-02
8.947657421231269836e-03
1.340839080512523651e-02
2.153819054365158081e-02
1.942585967481136322e-02
1.343376748263835907e-02
1.372225396335124969e-02
1.820590719580650330e-02
2.334236167371273041e-02
1.483867224305868149e-02
1.383900083601474762e-02
2.313283644616603851e-02
1.959205046296119690e-02
2.023284137248992920e-02
2.262212894856929779e-02
1.012120209634304047e-02
1.202343218028545380e-02
1.682583801448345184e-02
8.830535225570201874e-03
1.825155690312385559e-02
1.793871633708477020e-02
2.043847739696502686e-02
1.107373740524053574e-02
2.049627155065536499e-02
1.592012867331504822e-02
1.775502413511276245e-02
1.146298833191394806e-02
1.418454479426145554e-02
1.797273755073547363e-02
1.889188587665557861e-02
1.901591941714286804e-02
2.321215346455574036e-02
1.794705539941787720e-02
2.421206980943679810e-02
1.834972389042377472e-02
9.296333417296409607e-03
1.818777620792388916e-02
1.332908030599355698e-02
1.051313988864421844e-02
1.294453442096710205e-02
1.159674208611249924e-02
9.318742901086807251e-03
1.789861731231212616e-02
1.354532502591609955e-02
1.117925625294446945e-02
1.388994418084621429e-02
2.941807173192501068e-02
8.307522162795066833e-03
1.004441175609827042e-02
1.988263800740242004e-02
2.005028724670410156e-02
2.170571312308311462e-02
1.512445788830518723e-02
1.935541257262229919e-02
2.651572786271572113e-02
1.086517423391342163e-02
1.409409753978252411e-02
2.392138540744781494e-02
2.187574654817581177e-02
2.589497528970241547e-02
1.607223600149154663e-02
2.487999200820922852e-02
1.087404973804950714e-02
2.498858794569969177e-02
1.101832278072834015e-02
1.495316904038190842e-02
2.438704483211040497e-02
2.230077981948852539e-02
1.499469205737113953e-02
1.539650559425354004e-02
2.471496164798736572e-02
1.643487624824047089e-02
1.044581085443496704e-02
1.074147224426269531e-02
1.131645776331424713e-02
8.369371294975280762e-03
2.169018052518367767e-02
9.933535009622573853e-03
2.023140154778957367e-02
7.884516380727291107e-03
7.293339353054761887e-03
8.605250157415866852e-03
2.143319509923458099e-02
2.130631171166896820e-02
2.143759094178676605e-02
1.390582229942083359e-02
8.145005442202091217e-03
9.751873090863227844e-03
7.014534436166286469e-03
1.318685244768857956e-02
1.564902253448963165e-02
1.244163047522306442e-02
7.673622574657201767e-03
1.567786559462547302e-02
1.425342261791229248e-02
2.266883663833141327e-02
1.826288923621177673e-02
2.610721066594123840e-02
1.230612955987453461e-02
9.592367336153984070e-03
1.621408388018608093e-02
1.741777919232845306e-02
9.373174980282783508e-03
1.422328315675258636e-02
2.001801691949367523e-02
8.635433390736579895e-03
1.772761903703212738e-02
6.408955901861190796e-03
1.662998460233211517e-02
1.670001074671745300e-02
1.425150968134403229e-02
1.590688154101371765e-02
1.288859825581312180e-02
1.382455788552761078e-02
1.471648644655942917e-02
1.564204506576061249e-02
1.375186070799827576e-02
1.741263084113597870e-02
1.793826185166835785e-02
9.006473235785961151e-03
1.412360649555921555e-02
1.355274301022291183e-02
2.236135303974151611e-02
2.351037412881851196e-02
1.702675782144069672e-02
1.634728163480758667e-02
1.388221979141235352e-02
6.255064159631729126e-03
1.311571430414915085e-02
1.451856177300214767e-02
2.144553884863853455e-02
1.492303423583507538e-02
1.430644094944000244e-02
2.366097085177898407e-02
2.501930296421051025e-02
2.598714455962181091e-02
1.466020196676254272e-02
1.151267252862453461e-02
3.251669555902481079e-02
9.870709851384162903e-03
3.069662675261497498e-02
1.351923123002052307e-02
1.205344311892986298e-02
1.292512193322181702e-02
3.940949589014053345e-02
1.426581479609012604e-02
1.654510945081710815e-02
2.606776915490627289e-02
2.311032079160213470e-02
1.550206542015075684e-02
1.440860331058502197e-02
1.496103964745998383e-02
1.380919571965932846e-02
1.338636782020330429e-02
8.309784345328807831e-03
2.536761760711669922e-02
1.377607695758342743e-02
1.042374130338430405e-02
2.544122003018856049e-02
1.317183207720518112e-02
2.022592350840568542e-02
1.238337717950344086e-02
1.352955400943756104e-02
1.440321095287799835e-02
2.260097488760948181e-02
3.153405711054801941e-02
1.885228604078292847e-02
1.460398174822330475e-02
2.984039112925529480e-02
1.828450895845890045e-02
7.165330462157726288e-03
1.678622141480445862e-02
1.878928206861019135e-02
1.666837744414806366e-02
2.592460624873638153e-02
1.148819550871849060e-02
8.799146860837936401e-03
2.899125777184963226e-02
1.348131895065307617e-02
2.386940829455852509e-02
1.696863584220409393e-02
1.387987844645977020e-02
1.944099366664886475e-02
1.666170731186866760e-02
1.212560199201107025e-02
3.399844467639923096e-02
1.882779970765113831e-02
2.015723660588264465e-02
2.290806733071804047e-02
2.193059027194976807e-02
1.912099495530128479e-02
8.324782364070415497e-03
9.644540026783943176e-03
1.768284663558006287e-02
8.385799825191497803e-03
1.294174976646900177e-02
1.550520490854978561e-02
1.166079565882682800e-02
2.811568044126033783e-02
1.629082858562469482e-02
1.066103577613830566e-02
1.842558011412620544e-02
2.058523520827293396e-02
8.753391914069652557e-03
2.142624929547309875e-02
1.401762198656797409e-02
1.471554487943649292e-02
1.462679635733366013e-02
1.243473775684833527e-02
1.472281198948621750e-02
1.765989884734153748e-02
1.796803623437881470e-02
1.368087530136108398e-02
1.867630146443843842e-02
3.906834498047828674e-02
1.883778348565101624e-02
2.222964167594909668e-02
1.519056316465139389e-02
3.184080123901367188e-02
1.316742878407239914e-02
3.657331317663192749e-02
1.512908097356557846e-02
1.444053184241056442e-02
1.780503802001476288e-02
1.930128596723079681e-02
1.264108624309301376e-02
9.842988103628158569e-03
2.815021201968193054e-02
1.261433493345975876e-02
1.127369143068790436e-02
2.235554903745651245e-02
1.009020674973726273e-02
1.887592487037181854e-02
3.094533458352088928e-02
1.830344274640083313e-02
1.385812740772962570e-02
1.885109767317771912e-02
2.513762935996055603e-02
1.287025492638349533e-02
9.535192511975765228e-03
1.915422640740871429e-02
1.282732747495174408e-02
1.011669449508190155e-02
1.274075265973806381e-02
1.542405597865581512e-02
8.384581655263900757e-03
1.991044729948043823e-02
1.285891979932785034e-02
1.884002238512039185e-02
2.173451706767082214e-02
1.163961179554462433e-02
2.219712361693382263e-02
2.144112810492515564e-02
2.004177682101726532e-02
2.453010343015193939e-02
8.877355605363845825e-03
1.346083171665668488e-02
1.288710813969373703e-02
1.538733206689357758e-02
1.900518499314785004e-02
2.433220669627189636e-02
2.057919278740882874e-02
1.434095390141010284e-02
1.371680386364459991e-02
1.543657667934894562e-02
2.102477476000785828e-02
3.214149922132492065e-02
2.150797098875045776e-02
1.939097419381141663e-02
1.173256710171699524e-02
1.660129055380821228e-02
1.949510723352432251e-02
2.946482598781585693e-02
2.414554171264171600e-02
1.276141777634620667e-02
2.218496054410934448e-02
2.238086983561515808e-02
2.656501159071922302e-02
2.627764642238616943e-02
2.612271159887313843e-02
1.042799651622772217e-02
2.134774625301361084e-02
1.807750202715396881e-02
1.176434289664030075e-02
3.962520882487297058e-02
1.773433759808540344e-02
1.987375319004058838e-02
2.080395631492137909e-02
1.782701909542083740e-02
2.015609666705131531e-02
1.034346874803304672e-02
8.149843662977218628e-03
1.435544155538082123e-02
1.860573515295982361e-02
1.355343963950872421e-02
6.985000334680080414e-03
2.284845337271690369e-02
2.890884503722190857e-02
1.301742158830165863e-02
1.215733494609594345e-02
1.950266025960445404e-02
2.190577797591686249e-02
1.945484988391399384e-02
1.094107516109943390e-02
9.065478108823299408e-03
1.439160667359828949e-02
1.342116482555866241e-02
2.452187240123748779e-02
2.396665327250957489e-02
1.116028614342212677e-02
2.258966676890850067e-02
2.249692380428314209e-02
1.856163516640663147e-02
2.560168504714965820e-02
1.670543104410171509e-02
1.128266658633947372e-02
1.922141388058662415e-02
1.119318604469299316e-02
1.971164345741271973e-02
2.139578759670257568e-02
1.162375323474407196e-02
2.321303635835647583e-02
1.530035212635993958e-02
6.660619284957647324e-03
8.351263590157032013e-03
1.532394345849752426e-02
2.210382372140884399e-02
1.849481463432312012e-02
1.525097526609897614e-02
1.435072720050811768e-02
2.341081760823726654e-02
1.521938666701316833e-02
2.488100528717041016e-02
7.534605450928211212e-03
1.099233981221914291e-02
1.763593778014183044e-02
3.218803927302360535e-02
1.617899164557456970e-02
1.972312107682228088e-02
1.621619239449501038e-02
8.969733491539955139e-03
9.352741762995719910e-03
1.431928388774394989e-02
1.279292814433574677e-02
2.148826979100704193e-02
2.120951190590858459e-02
1.469663158059120178e-02
8.596189320087432861e-03
2.427545748651027679e-02
1.235298253595829010e-02
1.061541773378849030e-02
2.044066973030567169e-02
2.726681530475616455e-02
1.809740439057350159e-02
2.176083996891975403e-02
1.434625685214996338e-02
1.188285183161497116e-02
1.987386122345924377e-02
1.692302525043487549e-02
2.422434650361537933e-02
1.222558319568634033e-02
1.218996196985244751e-02
1.597796753048896790e-02
1.619147323071956635e-02
1.393538992851972580e-02
9.418144822120666504e-03
1.167268957942724228e-02
1.164295524358749390e-02
2.737689577043056488e-02
1.480210572481155396e-02
1.538072712719440460e-02
1.244863681495189667e-02
1.978865265846252441e-02
1.595164090394973755e-02
1.564409583806991577e-02
9.593485854566097260e-03
1.656218990683555603e-02
1.135363709181547165e-02
9.473135694861412048e-03
2.461782842874526978e-02
2.590100467205047607e-02
1.762301102280616760e-02
1.480155065655708313e-02
1.911880262196063995e-02
2.801678143441677094e-02
1.391530595719814301e-02
1.505359821021556854e-02
1.338963024318218231e-02
2.630238048732280731e-02
2.200500667095184326e-02
1.067919936031103134e-02
1.865858957171440125e-02
2.613193541765213013e-02
1.737724244594573975e-02
1.513644307851791382e-02
2.543997392058372498e-02
1.261609420180320740e-02
3.323156014084815979e-02
1.332917343825101852e-02
3.770104795694351196e-02
1.330708246678113937e-02
2.396292984485626221e-02
1.458931993693113327e-02
1.373013481497764587e-02
1.981220953166484833e-02
1.186847221106290817e-02
2.000597119331359863e-02
1.250448636710643768e-02
1.764748618006706238e-02
1.183486171066761017e-02
1.019447855651378632e-02
1.839831285178661346e-02
1.057568192481994629e-02
1.786055788397789001e-02
1.660656929016113281e-02
1.618890091776847839e-02
1.322376914322376251e-02
1.471248548477888107e-02
1.598658226430416107e-02
1.900149881839752197e-02
3.068098239600658417e-02
1.413664966821670532e-02
1.275145448744297028e-02
1.404026430100202560e-02
1.474680006504058838e-02
2.684545516967773438e-02
1.382428221404552460e-02
1.489410363137722015e-02
2.055701799690723419e-02
6.867249961942434311e-03
1.779150962829589844e-02
1.952178031206130981e-02
1.868744194507598877e-02
1.562652364373207092e-02
2.768788486719131470e-02
1.435132324695587158e-02
1.226826664060354233e-02
1.242690347135066986e-02
1.435936521738767624e-02
1.751662977039813995e-02
1.431890856474637985e-02
2.109460532665252686e-02
1.834476366639137268e-02
1.519850827753543854e-02
9.056834504008293152e-03
1.098822057247161865e-02
1.709211617708206177e-02
1.818770170211791992e-02
3.431535884737968445e-02
2.259643375873565674e-02
1.304968260228633881e-02
9.676738642156124115e-03
1.724134758114814758e-02
1.121220272034406662e-02
1.543044112622737885e-02
1.502312533557415009e-02
2.711497247219085693e-02
1.742116175591945648e-02
2.798938751220703125e-02
2.462173625826835632e-02
1.430304720997810364e-02
1.447973027825355530e-02
2.099254727363586426e-02
1.574185304343700409e-02
1.022530905902385712e-02
1.121599506586790085e-02
2.409588173031806946e-02
1.187786832451820374e-02
1.175218448042869568e-02
1.476630847901105881e-02
1.643941923975944519e-02
1.721625775098800659e-02
1.556266378611326218e-02
3.240646421909332275e-02
1.996973529458045959e-02
1.892604678869247437e-02
1.199817657470703125e-02
1.964349113404750824e-02
2.636309526860713959e-02
2.010239660739898682e-02
1.128362119197845459e-02
2.023965679109096527e-02
3.422523289918899536e-02
2.682368457317352295e-02
9.727619588375091553e-03
1.043332181870937347e-02
1.079297065734863281e-02
1.507918816059827805e-02
1.687439158558845520e-02
1.291213091462850571e-02
1.335728075355291367e-02
2.197211049497127533e-02
1.085533946752548218e-02
2.664397470653057098e-02
2.486636862158775330e-02
9.428228251636028290e-03
1.535215135663747787e-02
1.131084095686674118e-02
2.185161970555782318e-02
1.760916970670223236e-02
1.372810825705528259e-02
1.151361688971519470e-02
1.373989880084991455e-02
1.566330716013908386e-02
1.763536781072616577e-02
2.360102534294128418e-02
1.929093711078166962e-02
2.161502838134765625e-02
9.531620889902114868e-03
2.252447232604026794e-02
2.834860607981681824e-02
1.264563761651515961e-02
1.712173782289028168e-02
9.451600722968578339e-03
9.171457961201667786e-03
2.089209854602813721e-02
9.605836123228073120e-03
8.160617202520370483e-03
1.246429141610860825e-02
1.424892991781234741e-02
9.863572195172309875e-03
1.774198375642299652e-02
8.223314769566059113e-03
1.788111031055450439e-02
1.834837719798088074e-02
1.684553734958171844e-02
4.305083304643630981e-03
2.302989922463893890e-02
1.164680719375610352e-02
1.110557280480861664e-02
2.380992099642753601e-02
1.546416617929935455e-02
3.706734627485275269e-02
2.844685316085815430e-02
2.366865426301956177e-02
9.687946178019046783e-03
1.459661405533552170e-02
2.226018905639648438e-02
1.105590164661407471e-02
1.193643733859062195e-02
8.529212325811386108e-03
9.956020861864089966e-03
1.240625977516174316e-02
1.825562678277492523e-02
1.323595456779003143e-02
3.200978785753250122e-02
1.784874126315116882e-02
9.047765284776687622e-03
1.100719999521970749e-02
2.609512768685817719e-02
2.213159203529357910e-02
1.038980484008789062e-02
9.093840606510639191e-03
2.023469842970371246e-02
1.270779967308044434e-02
1.880258321762084961e-02
2.013005316257476807e-02
2.000933140516281128e-02
2.191853523254394531e-02
2.037952467799186707e-02
1.864889450371265411e-02
1.037107128649950027e-02
2.477520704269409180e-02
1.263809483498334885e-02
1.249203830957412720e-02
7.885108701884746552e-03
1.688103005290031433e-02
1.548634842038154602e-02
1.968432217836380005e-02
1.471870951354503632e-02
1.324277650564908981e-02
1.716384850442409515e-02
1.300584338605403900e-02
1.900563947856426239e-02
2.138355374336242676e-02
1.127268932759761810e-02
2.072064764797687531e-02
2.433395944535732269e-02
1.782015524804592133e-02
2.845501527190208435e-02
2.249180339276790619e-02
1.838102005422115326e-02
1.380772702395915985e-02
2.293151989579200745e-02
2.157289907336235046e-02
1.237692218273878098e-02
1.346196047961711884e-02
1.871440932154655457e-02
2.487064898014068604e-02
1.416733860969543457e-02
4.898208193480968475e-03
2.412992715835571289e-02
9.268352761864662170e-03
2.029959857463836670e-02
1.436244510114192963e-02
2.232901751995086670e-02
1.141438446938991547e-02
2.506082504987716675e-02
2.062651142477989197e-02
3.058536350727081299e-02
1.512328535318374634e-02
1.084650587290525436e-02
1.566726900637149811e-02
1.628077402710914612e-02
2.039077877998352051e-02
1.575620472431182861e-02
1.470078527927398682e-02
2.123396657407283783e-02
1.972854882478713989e-02
1.105137448757886887e-02
8.312784135341644287e-03
1.671010255813598633e-02
2.184215746819972992e-02
1.501628570258617401e-02
1.444120984524488449e-02
1.462027709931135178e-02
1.391666196286678314e-02
1.399761252105236053e-02
1.405804511159658432e-02
3.348983079195022583e-02
2.218414470553398132e-02
1.533178985118865967e-02
1.508186943829059601e-02
2.292261086404323578e-02
2.452584169805049896e-02
1.853304356336593628e-02
1.104243379086256027e-02
1.479364465922117233e-02
7.538582198321819305e-03
1.967631280422210693e-02
1.007928606122732162e-02
1.443218253552913666e-02
1.181995123624801636e-02
1.204401161521673203e-02
1.573553495109081268e-02
1.511269807815551758e-02
1.624703034758567810e-02
1.429445203393697739e-02
2.282831445336341858e-02
1.872810348868370056e-02
9.567562490701675415e-03
1.359964162111282349e-02
8.908251300454139709e-03
2.438681386411190033e-02
1.886947825551033020e-02
2.327789366245269775e-02
1.412615180015563965e-02
1.304835453629493713e-02
2.122729830443859100e-02
2.144041657447814941e-02
3.156128153204917908e-02
6.252933293581008911e-03
2.098715864121913910e-02
1.701298728585243225e-02
2.025600150227546692e-02
1.241908874362707138e-02
4.450830072164535522e-02
1.425460912287235260e-02
9.181339293718338013e-03
9.830811992287635803e-03
1.038796454668045044e-02
1.305469404906034470e-02
1.751906611025333405e-02
1.687615178525447845e-02
2.119280956685543060e-02
3.184191137552261353e-02
1.356325671076774597e-02
1.848451048135757446e-02
1.698584854602813721e-02
7.148663979023694992e-03
1.418284699320793152e-02
1.419020630419254303e-02
2.423188649117946625e-02
2.121886610984802246e-02
1.883480697870254517e-02
1.910242065787315369e-02
1.094754599034786224e-02
1.538024656474590302e-02
1.528072636574506760e-02
1.119509246200323105e-02
8.981639519333839417e-03
1.560849975794553757e-02
1.626461185514926910e-02
1.832623779773712158e-02
1.565659791231155396e-02
2.403754554688930511e-02
2.847385965287685394e-02
1.605407893657684326e-02
1.932472735643386841e-02
9.972340427339076996e-03
1.391388662159442902e-02
5.358070135116577148e-03
1.823761686682701111e-02
2.388287149369716644e-02
7.303623016923666000e-03
1.239806041121482849e-02
1.715129241347312927e-02
1.247417181730270386e-02
1.600524410605430603e-02
1.371426694095134735e-02
1.440439932048320770e-02
8.623986504971981049e-03
1.765239983797073364e-02
2.482582256197929382e-02
7.034457288682460785e-03
2.912315540015697479e-02
9.725594893097877502e-03
2.590374648571014404e-02
9.823160246014595032e-03
1.737655699253082275e-02
7.593385875225067139e-03
2.153417281806468964e-02
1.695383340120315552e-02
1.278093084692955017e-02
1.350334566086530685e-02
1.131037436425685883e-02
2.366506308317184448e-02
1.058697327971458435e-02
9.324286133050918579e-03
7.754174061119556427e-03
8.795945905148983002e-03
1.839556358754634857e-02
2.552814781665802002e-02
1.440690737217664719e-02
2.742501161992549896e-02
1.518194936215877533e-02
1.559106819331645966e-02
1.512458454817533493e-02
1.391226984560489655e-02
1.815060153603553772e-02
2.487080916762351990e-02
1.289396733045578003e-02
8.344691246747970581e-03
1.767292246222496033e-02
1.231790613383054733e-02
1.619840785861015320e-02
1.697500608861446381e-02
2.521367743611335754e-02
1.092737913131713867e-02
2.215828746557235718e-02
1.168356370180845261e-02
1.718236878514289856e-02
1.555269863456487656e-02
1.686347834765911102e-02
2.032539807260036469e-02
1.962062716484069824e-02
2.048477903008460999e-02
2.256407402455806732e-02
9.067422710359096527e-03
8.546113967895507812e-03
1.220690459012985229e-02
9.806735441088676453e-03
1.203302200883626938e-02
1.457193773239850998e-02
1.606456190347671509e-02
1.265295874327421188e-02
1.646909490227699280e-02
1.786573231220245361e-02
2.093387767672538757e-02
1.361941173672676086e-02
3.270984813570976257e-02
8.629219606518745422e-03
1.238936930894851685e-02
1.797334477305412292e-02
1.377465017139911652e-02
1.141613721847534180e-02
1.321779750287532806e-02
1.523155532777309418e-02
2.185428142547607422e-02
1.536727696657180786e-02
2.377831749618053436e-02
2.675108239054679871e-02
1.358932163566350937e-02
6.406347267329692841e-03
1.720599457621574402e-02
1.950082741677761078e-02
2.316132746636867523e-02
1.493491884320974350e-02
2.175060287117958069e-02
1.901068165898323059e-02
1.394236646592617035e-02
1.315021701157093048e-02
6.724460981786251068e-03
1.856436394155025482e-02
1.037451624870300293e-02
1.219586096704006195e-02
1.811246387660503387e-02
1.064552925527095795e-02
2.247739396989345551e-02
1.441414188593626022e-02
2.369790896773338318e-02
1.879200153052806854e-02
1.234615873545408249e-02
1.034607179462909698e-02
1.798781380057334900e-02
9.345490485429763794e-03
3.263078257441520691e-02
8.360758423805236816e-03
1.463811285793781281e-02
8.865341544151306152e-03
2.753674983978271484e-02
2.708901837468147278e-02
6.085429340600967407e-03
2.125993371009826660e-02
1.949609629809856415e-02
1.616928540170192719e-02
1.145661529153585434e-02
1.429007854312658310e-02
1.239541918039321899e-02
2.258202433586120605e-02
1.763692125678062439e-02
9.191198274493217468e-03
2.338067442178726196e-02
1.156004052609205246e-02
1.467555575072765350e-02
2.171052619814872742e-02
1.324450783431529999e-02
1.006466522812843323e-02
1.984419859945774078e-02
1.604220457375049591e-02
1.276555098593235016e-02
7.904948666691780090e-03
1.428623311221599579e-02
1.327666454017162323e-02
1.396894082427024841e-02
1.748628169298171997e-02
1.242043636739253998e-02
1.982342824339866638e-02
2.365370467305183411e-02
1.591554097831249237e-02
1.204001344740390778e-02
1.775997877120971680e-02
5.564334802329540253e-03
1.505906321108341217e-02
2.421786263585090637e-02
1.305131241679191589e-02
1.688743941485881805e-02
1.729052513837814331e-02
1.166777592152357101e-02
1.338831894099712372e-02
1.405947655439376831e-02
1.654644496738910675e-02
1.146832667291164398e-02
1.163861341774463654e-02
1.578938588500022888e-02
1.434175577014684677e-02
1.613476872444152832e-02
1.139803975820541382e-02
5.827836692333221436e-03
1.948791183531284332e-02
8.266741409897804260e-03
1.258236076682806015e-02
1.070561911910772324e-02
1.062283944338560104e-02
2.157588675618171692e-02
1.900055073201656342e-02
1.394171267747879028e-02
1.763368770480155945e-02
1.319386344403028488e-02
3.420941159129142761e-02
1.087527256458997726e-02
1.055130641907453537e-02
3.129569068551063538e-02
3.376086056232452393e-02
1.708152703940868378e-02
1.618095301091670990e-02
1.455464493483304977e-02
1.125243306159973145e-02
2.541508525609970093e-02
1.429923251271247864e-02
1.584609784185886383e-02
9.278589859604835510e-03
5.523183383047580719e-03
1.218087598681449890e-02
1.691598258912563324e-02
1.338050514459609985e-02
1.344271562993526459e-02
9.550796821713447571e-03
1.959342136979103088e-02
1.055619493126869202e-02
1.017609145492315292e-02
1.987354643642902374e-02
1.185106765478849411e-02
2.647915482521057129e-02
1.707386225461959839e-02
2.204834297299385071e-02
2.187117189168930054e-02
1.244949083775281906e-02
3.379123657941818237e-02
1.497311145067214966e-02
8.671283721923828125e-03
1.359211932867765427e-02
1.459265686571598053e-02
1.127012446522712708e-02
1.768603920936584473e-02
3.966570645570755005e-02
1.389595121145248413e-02
1.189287751913070679e-02
2.338358759880065918e-02
1.705816760659217834e-02
3.053875826299190521e-02
1.672761514782905579e-02
1.884331181645393372e-02
1.933156326413154602e-02
1.902918145060539246e-02
9.306956082582473755e-03
1.277916412800550461e-02
1.235103886574506760e-02
2.214400842785835266e-02
3.131942451000213623e-02
1.165740005671977997e-02
6.983066909015178680e-03
1.895306631922721863e-02
1.488656457513570786e-02
2.461719140410423279e-02
7.115806452929973602e-03
2.433771453797817230e-02
7.114843931049108505e-03
8.411586284637451172e-03
1.114892028272151947e-02
1.100325398147106171e-02
3.006507456302642822e-02
7.162808440625667572e-03
9.155901148915290833e-03
9.498264640569686890e-03
2.089373581111431122e-02
1.672359369695186615e-02
1.525372266769409180e-02
2.148010954260826111e-02
6.053785793483257294e-03
8.217096328735351562e-03
1.275962963700294495e-02
2.177084796130657196e-02
8.218432776629924774e-03
2.273756824433803558e-02
1.492465287446975708e-02
1.260983105748891830e-02
1.688328385353088379e-02
6.982711609452962875e-03
2.232004702091217041e-02
1.128983497619628906e-02
1.341508608311414719e-02
2.296115085482597351e-02
1.908661052584648132e-02
2.166716568171977997e-02
1.510561630129814148e-02
2.331672981381416321e-02
1.880196481943130493e-02
2.148506604135036469e-02
1.004884205758571625e-02
1.647480949759483337e-02
2.035628631711006165e-02
1.042806264013051987e-02
1.022570859640836716e-02
1.809247210621833801e-02
3.064686432480812073e-02
1.540641672909259796e-02
2.530296705663204193e-02
1.633949205279350281e-02
1.979211345314979553e-02
1.726539433002471924e-02
7.253732532262802124e-03
2.601604722440242767e-02
3.600513935089111328e-02
2.258235588669776917e-02
1.478283386677503586e-02
9.230422787368297577e-03
1.062403060495853424e-02
1.679465733468532562e-02
9.788698516786098480e-03
3.419812023639678955e-02
2.220038697123527527e-02
1.312801521271467209e-02
1.398749556392431259e-02
2.370248362421989441e-02
1.042690686881542206e-02
1.413010712713003159e-02
1.639923267066478729e-02
1.947773247957229614e-02
9.745356626808643341e-03
1.424230914562940598e-02
9.647987782955169678e-03
6.728916428983211517e-03
1.173941791057586670e-02
1.316632609814405441e-02
1.334823202341794968e-02
1.145480852574110031e-02
1.037998031824827194e-02
9.805640205740928650e-03
1.746666058897972107e-02
1.800748892128467560e-02
1.020021829754114151e-02
7.634590379893779755e-03
2.061319537460803986e-02
3.372745215892791748e-02
2.240607514977455139e-02
5.356064997613430023e-03
2.914902567863464355e-02
2.630696818232536316e-02
1.220698840916156769e-02
2.621112391352653503e-02
1.677632890641689301e-02
1.746368221938610077e-02
1.829967275261878967e-02
3.094523400068283081e-02
9.473010897636413574e-03
2.222114428877830505e-02
9.339060634374618530e-03
1.793936640024185181e-02
1.375360041856765747e-02
2.510188147425651550e-02
2.881263755261898041e-02
1.275566127151250839e-02
1.430509798228740692e-02
8.040742948651313782e-03
1.112539507448673248e-02
1.803367584943771362e-02
2.105068229138851166e-02
1.327672787010669708e-02
7.955987006425857544e-03
2.064078301191329956e-02
1.028905808925628662e-02
1.318390667438507080e-02
9.241334162652492523e-03
8.087625727057456970e-03
2.394035458564758301e-02
1.595354638993740082e-02
2.044172398746013641e-02
1.016705110669136047e-02
2.131226286292076111e-02
1.242406852543354034e-02
1.452230941504240036e-02
1.959296315908432007e-02
1.828957721590995789e-02
1.874272525310516357e-02
2.159282565116882324e-02
2.024144306778907776e-02
1.387200504541397095e-02
1.457257755100727081e-02
1.729094609618186951e-02
8.824029006063938141e-03
1.992986537516117096e-02
1.340065151453018188e-02
1.610226929187774658e-02
9.560855105519294739e-03
1.036277692764997482e-02
1.264639012515544891e-02
2.863301895558834076e-02
3.645361587405204773e-02
9.936548769474029541e-03
1.663600467145442963e-02
1.287410780787467957e-02
1.556039229035377502e-02
9.819510392844676971e-03
7.838536053895950317e-03
1.396518200635910034e-02
1.327747665345668793e-02
1.287702377885580063e-02
1.031398586928844452e-02
2.456310018897056580e-02
1.819020695984363556e-02
9.601775556802749634e-03
1.378558576107025146e-02
2.239210531115531921e-02
1.311222463846206665e-02
2.012550458312034607e-02
1.122863218188285828e-02
1.353763695806264877e-02
1.512582600116729736e-02
9.905259124934673309e-03
1.597391441464424133e-02
4.948625806719064713e-03
1.412390451878309250e-02
1.622852683067321777e-02
9.598126634955406189e-03
2.062495052814483643e-02
1.687389053404331207e-02
2.479532919824123383e-02
8.640235289931297302e-03
1.009966339915990829e-02
1.331605017185211182e-02
1.462587527930736542e-02
2.102550491690635681e-02
1.090581715106964111e-02
1.820677332580089569e-02
2.089355885982513428e-02
2.516297064721584320e-02
1.272277906537055969e-02
1.729545369744300842e-02
1.080318074673414230e-02
5.107510834932327271e-03
1.051798369735479355e-02
1.171237509697675705e-02
1.072849892079830170e-02
2.568431757390499115e-02
1.835234090685844421e-02
9.049869142472743988e-03
2.024047076702117920e-02
1.506523322314023972e-02
1.301729492843151093e-02
2.683741413056850433e-02
1.134328078478574753e-02
8.465501479804515839e-03
9.023049846291542053e-03
1.561246812343597412e-02
1.522650755941867828e-02
1.310558430850505829e-02
2.212060801684856415e-02
1.264598779380321503e-02
1.200652401894330978e-02
1.154722552746534348e-02
1.173575408756732941e-02
1.058588735759258270e-02
1.976457983255386353e-02
1.899486593902111053e-02
2.288988605141639709e-02
1.233742665499448776e-02
2.116867899894714355e-02
2.942043542861938477e-02
1.035936456173658371e-02
1.211473159492015839e-02
6.296313833445310593e-03
1.764093711972236633e-02
1.805006153881549835e-02
2.070216462016105652e-02
1.219771057367324829e-02
1.606913655996322632e-02
1.108988188207149506e-02
1.565469801425933838e-02
8.124367333948612213e-03
1.737485639750957489e-02
9.707268327474594116e-03
2.013346925377845764e-02
3.197491914033889771e-02
1.495354156941175461e-02
1.919656619429588318e-02
1.232873927801847458e-02
1.505397073924541473e-02
2.007643133401870728e-02
2.093706093728542328e-02
1.384408213198184967e-02
8.700536563992500305e-03
1.720536500215530396e-02
1.231224741786718369e-02
1.096542552113533020e-02
1.726233400404453278e-02
9.372382424771785736e-03
1.618570089340209961e-02
1.498335879296064377e-02
1.324354391545057297e-02
1.761445403099060059e-02
8.205070160329341888e-03
3.728638961911201477e-02
1.713721826672554016e-02
1.382511295378208160e-02
2.613406255841255188e-02
7.995128631591796875e-03
1.619759202003479004e-02
2.315710112452507019e-02
2.198375575244426727e-02
1.978217251598834991e-02
1.877028122544288635e-02
2.697343192994594574e-02
1.881602592766284943e-02
1.369929593056440353e-02
1.081292331218719482e-02
1.251944433897733688e-02
3.748708963394165039e-02
1.617335900664329529e-02
1.228309236466884613e-02
6.378462538123130798e-03
9.320593439042568207e-03
1.591898873448371887e-02
1.615167409181594849e-02
6.805123761296272278e-03
2.446633577346801758e-02
2.433970384299755096e-02
1.339919026941061020e-02
2.461429685354232788e-02
1.552582811564207077e-02
5.047459620982408524e-03
8.447380736470222473e-03
1.768875122070312500e-02
1.682509481906890869e-02
1.528189610689878464e-02
1.876674592494964600e-02
2.546055428683757782e-02
1.740525290369987488e-02
6.610901560634374619e-03
2.888001501560211182e-02
1.027100440114736557e-02
1.363553479313850403e-02
1.994353532791137695e-02
7.034346461296081543e-03
1.479824632406234741e-02
2.418522350490093231e-02
1.360486447811126709e-02
1.276102196425199509e-02
1.758982986211776733e-02
1.025006826967000961e-02
1.974231936037540436e-02
9.378477931022644043e-03
1.607550308108329773e-02
1.035017054527997971e-02
2.241092920303344727e-02
1.420136541128158569e-02
1.219163369387388229e-02
1.092202961444854736e-02
1.816392131149768829e-02
1.735721901059150696e-02
1.388807594776153564e-02
1.817907020449638367e-02
3.147428482770919800e-02
2.055776864290237427e-02
9.936409071087837219e-03
2.484367787837982178e-02
2.650875970721244812e-02
1.414072327315807343e-02
2.406830713152885437e-02
1.281182747334241867e-02
1.524817571043968201e-02
2.968662045896053314e-02
1.491390075534582138e-02
1.325475424528121948e-02
1.315051317214965820e-02
1.055735256522893906e-02
1.736670732498168945e-02
1.432974822819232941e-02
2.103099599480628967e-02
1.641794852912425995e-02
1.592613756656646729e-02
7.639437448233366013e-03
6.146283820271492004e-03
1.415481418371200562e-02
1.400870643556118011e-02
1.612407155334949493e-02
1.235078461468219757e-02
1.095548085868358612e-02
1.283069141209125519e-02
1.396930869668722153e-02
2.349687740206718445e-02
2.185512706637382507e-02
1.802069135010242462e-02
1.372078713029623032e-02
2.117172256112098694e-02
1.811121776700019836e-02
1.498568058013916016e-02
1.137920282781124115e-02
1.721717789769172668e-02
1.145762950181961060e-02
1.836972683668136597e-02
2.399031445384025574e-02
1.563360355794429779e-02
2.055378071963787079e-02
1.127412077039480209e-02
1.458511408418416977e-02
2.553775906562805176e-02
1.346200611442327499e-02
1.036859117448329926e-02
1.782226562500000000e-02
1.014517247676849365e-02
1.659500971436500549e-02
1.893839426338672638e-02
2.267788350582122803e-02
1.817339286208152771e-02
1.172698289155960083e-02
4.824702627956867218e-03
3.149925917387008667e-02
1.150621753185987473e-02
1.195660047233104706e-02
1.467844378203153610e-02
1.770835556089878082e-02
1.414010487496852875e-02
1.187445875257253647e-02
1.058334764093160629e-02
1.775924675166606903e-02
1.257514767348766327e-02
1.343166083097457886e-02
8.766992948949337006e-03
1.182444579899311066e-02
1.803192123770713806e-02
1.828299276530742645e-02
1.898612454533576965e-02
1.776159182190895081e-02
1.622892171144485474e-02
1.468421146273612976e-02
1.871455088257789612e-02
1.758466474711894989e-02
1.574438810348510742e-02
1.726899854838848114e-02
1.926774531602859497e-02
3.267252072691917419e-02
1.535155437886714935e-02
9.260252118110656738e-03
7.148166652768850327e-03
2.113923802971839905e-02
1.944749057292938232e-02
1.819668896496295929e-02
1.217666268348693848e-02
1.359304320067167282e-02
2.119310759007930756e-02
1.091535203158855438e-02
1.616097800433635712e-02
2.044715546071529388e-02
1.985209994018077850e-02
1.729910820722579956e-02
2.933631837368011475e-02
2.418654784560203552e-02
1.178115140646696091e-02
2.021675556898117065e-02
1.803928613662719727e-02
1.152173802256584167e-02
1.573163643479347229e-02
1.408782880753278732e-02
1.534919999539852142e-02
1.335883885622024536e-02
1.066072937101125717e-02
9.368928149342536926e-03
2.140423282980918884e-02
1.895118504762649536e-02
1.436447910964488983e-02
1.369797438383102417e-02
1.745360344648361206e-02
1.291464548557996750e-02
1.898477599024772644e-02
2.118930593132972717e-02
1.215030532330274582e-02
1.484329532831907272e-02
1.873982697725296021e-02
9.799033403396606445e-03
1.024742424488067627e-02
2.269272506237030029e-02
2.284341119229793549e-02
1.406722795218229294e-02
1.373485755175352097e-02
1.254937984049320221e-02
1.793429255485534668e-02
1.896232180297374725e-02
9.997366927564144135e-03
1.832849159836769104e-02
1.057507470250129700e-02
1.052456721663475037e-02
2.259866520762443542e-02
2.538123726844787598e-02
8.999305777251720428e-03
1.683424040675163269e-02
9.784477762877941132e-03
1.214866898953914642e-02
1.554622035473585129e-02
9.978070855140686035e-03
2.213582023978233337e-02
2.227269113063812256e-02
3.511100262403488159e-02
1.486957445740699768e-02
1.654312387108802795e-02
2.178188972175121307e-02
1.167377084493637085e-02
1.949200965464115143e-02
1.509118732064962387e-02
1.335244812071323395e-02
1.306516211479902267e-02
1.636611297726631165e-02
2.450073324143886566e-02
8.289624005556106567e-03
1.791924051940441132e-02
5.953323096036911011e-03
8.675953373312950134e-03
1.761611923575401306e-02
1.687453687191009521e-02
1.904371380805969238e-02
2.818592451512813568e-02
1.552448701113462448e-02
3.525556251406669617e-02
9.884424507617950439e-03
2.183011732995510101e-02
1.690503954887390137e-02
1.566712185740470886e-02
1.578631438314914703e-02
2.408589981496334076e-02
1.100428216159343719e-02
1.899101212620735168e-02
1.290641538798809052e-02
7.275800220668315887e-03
2.540867030620574951e-02
8.099643513560295105e-03
1.175142638385295868e-02
1.937590166926383972e-02
1.394454203546047211e-02
2.489177510142326355e-02
1.364675164222717285e-02
1.896954327821731567e-02
1.608203351497650146e-02
1.330692600458860397e-02
2.872546017169952393e-02
1.800521463155746460e-02
1.295910030603408813e-02
2.094561420381069183e-02
1.158855669200420380e-02
1.312890090048313141e-02
3.602299466729164124e-02
1.232592947781085968e-02
6.928722374141216278e-03
2.031596377491950989e-02
2.332204580307006836e-02
1.783023215830326080e-02
2.076470106840133667e-02
2.760369330644607544e-02
1.651390455663204193e-02
1.000648643821477890e-02
1.289233565330505371e-02
1.950382441282272339e-02
2.690354548394680023e-02
1.174204330891370773e-02
1.223064213991165161e-02
1.095361262559890747e-02
2.951667457818984985e-02
1.644584722816944122e-02
1.426469814032316208e-02
1.243639551103115082e-02
1.887620054185390472e-02
1.280345767736434937e-02
1.049409341067075729e-02
1.132975891232490540e-02
9.817584417760372162e-03
2.088418230414390564e-02
1.382337324321269989e-02
2.617751061916351318e-02
1.635911129415035248e-02
1.684953086078166962e-02
2.147912979125976562e-02
1.704145409166812897e-02
2.044657990336418152e-02
6.578986998647451401e-03
2.322931587696075439e-02
1.585078239440917969e-02
2.569789811968803406e-02
1.266965828835964203e-02
1.211889646947383881e-02
1.863836497068405151e-02
1.492326240986585617e-02
1.349529158324003220e-02
1.395950466394424438e-02
2.446886897087097168e-02
2.052274346351623535e-02
1.626938208937644958e-02
6.514532491564750671e-03
3.505222126841545105e-02
1.315269805490970612e-02
2.870961651206016541e-02
1.046518981456756592e-02
1.876152865588665009e-02
1.100362744182348251e-02
8.657952770590782166e-03
1.245044171810150146e-02
6.366742309182882309e-03
8.725283667445182800e-03
9.323166683316230774e-03
2.534412592649459839e-02
1.048064976930618286e-02
2.405577898025512695e-02
1.660010591149330139e-02
1.279029436409473419e-02
1.835187152028083801e-02
2.668566256761550903e-02
1.525380741804838181e-02
1.764985732734203339e-02
9.322537109255790710e-03
1.660657674074172974e-02
6.887201219797134399e-03
9.267643094062805176e-03
1.956598646938800812e-02
1.853065565228462219e-02
1.246008090674877167e-02
2.155591547489166260e-02
1.208985224366188049e-02
1.487517636269330978e-02
1.053720247000455856e-02
3.355756029486656189e-02
1.776170730590820312e-02
1.444549113512039185e-02
1.465655025094747543e-02
2.154085598886013031e-02
1.874473690986633301e-02
1.329092867672443390e-02
2.762619778513908386e-02
1.493232883512973785e-02
4.064470157027244568e-02
7.762597408145666122e-03
7.498312741518020630e-03
1.535483263432979584e-02
2.082405053079128265e-02
1.745968684554100037e-02
7.813317701220512390e-03
1.305544655770063400e-02
2.406821399927139282e-02
3.434547409415245056e-02
2.188409678637981415e-02
8.973008953034877777e-03
1.394768338650465012e-02
1.951895281672477722e-02
1.789264380931854248e-02
1.303223799914121628e-02
1.585895381867885590e-02
2.017481997609138489e-02
1.328238844871520996e-02
8.582849055528640747e-03
2.216777019202709198e-02
2.233115397393703461e-02
2.372873574495315552e-02
1.698051393032073975e-02
1.625135540962219238e-02
1.141449995338916779e-02
1.536510139703750610e-02
1.021623238921165466e-02
1.636687293648719788e-02
1.851905696094036102e-02
2.941552549600601196e-02
2.409000508487224579e-02
1.717792451381683350e-02
1.417817547917366028e-02
1.198205258697271347e-02
9.657058864831924438e-03
7.096152752637863159e-03
1.422377210110425949e-02
1.789313368499279022e-02
1.100737880915403366e-02
1.620561257004737854e-02
3.571666032075881958e-02
1.293948292732238770e-02
1.522061415016651154e-02
1.739452034235000610e-02
1.966587081551551819e-02
1.287468057125806808e-02
2.506592683494091034e-02
2.168184518814086914e-02
1.545520871877670288e-02
1.421397086232900620e-02
2.155233919620513916e-02
8.691716939210891724e-03
1.203453354537487030e-02
3.117837756872177124e-02
1.499992515891790390e-02
2.275340259075164795e-02
1.257894188165664673e-02
1.326790265738964081e-02
1.399319153279066086e-02
3.018074296414852142e-02
1.928218454122543335e-02
1.182968541979789734e-02
9.111035615205764771e-03
1.146396063268184662e-02
9.860756807029247284e-03
1.806154102087020874e-02
1.151650957763195038e-02
9.795069694519042969e-03
9.917505085468292236e-03
2.233643084764480591e-02
9.017892181873321533e-03
3.214801475405693054e-02
2.531543374061584473e-02
1.902605593204498291e-02
2.369817718863487244e-02
6.341434083878993988e-03
1.517645269632339478e-02
2.321956679224967957e-02
9.337007068097591400e-03
1.896973699331283569e-02
7.290526293218135834e-03
1.277376525104045868e-02
9.245536290109157562e-03
9.366336278617382050e-03
1.391595602035522461e-02
2.179962024092674255e-02
1.920201070606708527e-02
2.870482765138149261e-02
1.773330941796302795e-02
1.725036464631557465e-02
9.084708988666534424e-03
1.303565781563520432e-02
8.375647477805614471e-03
1.508655771613121033e-02
1.966541260480880737e-02
1.395846158266067505e-02
1.473925821483135223e-02
1.699034497141838074e-02
1.176442764699459076e-02
1.927451416850090027e-02
1.067873369902372360e-02
1.240841485559940338e-02
1.122531574219465256e-02
1.389100961387157440e-02
1.638689637184143066e-02
1.377223245799541473e-02
1.370773371309041977e-02
2.189013361930847168e-02
1.211228780448436737e-02
1.089653186500072479e-02
1.252747140824794769e-02
2.083799242973327637e-02
8.266730234026908875e-03
1.666394248604774475e-02
5.336114205420017242e-03
1.176053192466497421e-02
8.809886872768402100e-03
1.708814501762390137e-02
3.423090279102325439e-02
1.349494140595197678e-02
1.962002366781234741e-02
1.164799369871616364e-02
1.554514281451702118e-02
1.567458175122737885e-02
1.619907282292842865e-02
1.965226046741008759e-02
1.478470489382743835e-02
1.545156538486480713e-02
2.479736134409904480e-02
7.666155230253934860e-03
2.749513834714889526e-02
1.440734695643186569e-02
3.012331947684288025e-02
1.516024302691221237e-02
1.207592617720365524e-02
2.089338563382625580e-02
1.610575988888740540e-02
4.949462600052356720e-03
1.163420081138610840e-02
1.080450974404811859e-02
1.381619088351726532e-02
1.288064476102590561e-02
1.062921993434429169e-02
2.164616249501705170e-02
1.692767441272735596e-02
1.310648769140243530e-02
1.500993501394987106e-02
1.044239383190870285e-02
8.339657448232173920e-03
1.453932747244834900e-02
1.682725176215171814e-02
1.159094460308551788e-02
1.749243214726448059e-02
9.499954059720039368e-03
9.983232244849205017e-03
1.140810828655958176e-02
2.516545355319976807e-02
1.028853841125965118e-02
1.850809156894683838e-02
6.185614969581365585e-03
1.342081837356090546e-02
1.761975698173046112e-02
9.295336902141571045e-03
2.052996307611465454e-02
1.366143953055143356e-02
1.155823003500699997e-02
1.850703731179237366e-02
1.065488066524267197e-02
7.933046668767929077e-03
1.458478998392820358e-02
2.369488403201103210e-02
1.590904965996742249e-02
2.118249982595443726e-02
8.465099148452281952e-03
2.331927046179771423e-02
1.227537542581558228e-02
1.585550419986248016e-02
9.738129563629627228e-03
6.469357293099164963e-03
1.159180514514446259e-02
9.598988108336925507e-03
1.642010174691677094e-02
1.796262711286544800e-02
4.809437319636344910e-03
1.880716904997825623e-02
2.345390245318412781e-02
2.264431491494178772e-02
8.515512570738792419e-03
1.134779211133718491e-02
1.383742224425077438e-02
2.175951004028320312e-02
1.689045503735542297e-02
1.361022703349590302e-02
1.026268862187862396e-02
2.238066121935844421e-02
7.890902459621429443e-03
3.889288753271102905e-02
1.286967378109693527e-02
1.399845164269208908e-02
1.204247307032346725e-02
1.670832000672817230e-02
1.868468150496482849e-02
2.206100150942802429e-02
2.285564318299293518e-02
2.027034759521484375e-02
1.626863144338130951e-02
1.827832311391830444e-02
1.655277423560619354e-02
1.275606732815504074e-02
1.590479351580142975e-02
1.706449501216411591e-02
1.130160689353942871e-02
1.599522680044174194e-02
1.833181828260421753e-02
1.366688311100006104e-02
9.032147005200386047e-03
1.460871286690235138e-02
2.212809026241302490e-02
1.083126198500394821e-02
1.166605204343795776e-02
2.209718339145183563e-02
1.426221430301666260e-02
1.719841174781322479e-02
1.741412654519081116e-02
1.160229276865720749e-02
1.933769136667251587e-02
1.746223308145999908e-02
1.687280833721160889e-02
2.275584265589714050e-02
1.134694553911685944e-02
3.110124729573726654e-02
1.490963809192180634e-02
1.894952729344367981e-02
9.505057707428932190e-03
6.041925400495529175e-03
2.447621524333953857e-02
6.150902714580297470e-03
1.663574203848838806e-02
1.870145089924335480e-02
1.986028067767620087e-02
1.197727024555206299e-02
1.312741450965404510e-02
1.422507502138614655e-02
1.956547051668167114e-02
1.654474064707756042e-02
2.261143922805786133e-02
2.406768500804901123e-02
2.869738638401031494e-02
4.853968322277069092e-02
2.196283638477325439e-02
2.005729079246520996e-02
1.621483638882637024e-02
1.990035921335220337e-02
1.034447457641363144e-02
2.603326737880706787e-02
9.633536450564861298e-03
3.208709880709648132e-02
1.210983004420995712e-02
1.793438568711280823e-02
6.269720848649740219e-03
2.028627321124076843e-02
1.684088259935379028e-02
1.720524020493030548e-02
7.213521283119916916e-03
1.668978109955787659e-02
2.211631834506988525e-02
1.500797271728515625e-02
1.293139345943927765e-02
1.501572038978338242e-02
1.188312005251646042e-02
1.322635170072317123e-02
1.808149553835391998e-02
1.544834207743406296e-02
1.094734482467174530e-02
1.314967684447765350e-02
1.704158261418342590e-02
1.154707279056310654e-02
1.597902178764343262e-02
1.163799315690994263e-02
1.801793090999126434e-02
1.312801800668239594e-02
1.655966788530349731e-02
1.557454280555248260e-02
1.498443260788917542e-02
1.948547177016735077e-02
1.270048506557941437e-02
1.363575272262096405e-02
1.433206163346767426e-02
9.073084220290184021e-03
1.061697583645582199e-02
1.599483005702495575e-02
1.330651622265577316e-02
7.808623369783163071e-03
2.451044693589210510e-02
9.721356444060802460e-03
1.804630830883979797e-02
8.990234695374965668e-03
2.032781206071376801e-02
1.032106205821037292e-02
9.167827665805816650e-03
1.142987888306379318e-02
1.923232339322566986e-02
6.829289719462394714e-03
1.421297900378704071e-02
2.109785191714763641e-02
6.302771624177694321e-03
1.383108925074338913e-02
1.740310341119766235e-02
1.449963729828596115e-02
1.029183529317378998e-02
3.204799443483352661e-02
1.163482479751110077e-02
2.243942394852638245e-02
7.742065005004405975e-03
1.114859990775585175e-02
9.870958514511585236e-03
1.165568362921476364e-02
1.310562994331121445e-02
1.540969591587781906e-02
2.234543859958648682e-02
1.535093598067760468e-02
1.670403033494949341e-02
1.374448090791702271e-02
1.552149280905723572e-02
1.932463049888610840e-02
7.689869962632656097e-03
5.686778575181961060e-03
7.888676598668098450e-03
2.755979076027870178e-02
1.093285437673330307e-02
1.999050937592983246e-02
6.862455978989601135e-03
1.164831034839153290e-02
1.368914544582366943e-02
2.219065837562084198e-02
1.628524065017700195e-02
1.211224030703306198e-02
1.975474134087562561e-02
8.738407865166664124e-03
7.019632961601018906e-03
1.651313155889511108e-02
9.574993513524532318e-03
2.154470048844814301e-02
2.269965782761573792e-02
7.318411022424697876e-03
1.420579105615615845e-02
2.153706364333629608e-02
2.003657445311546326e-02
1.549102365970611572e-02
1.324103306978940964e-02
5.086589604616165161e-03
1.734279654920101166e-02
1.969641074538230896e-02
1.005919091403484344e-02
3.446540981531143188e-02
7.137159816920757294e-03
1.539343129843473434e-02
1.593901030719280243e-02
1.846577785909175873e-02
9.064349345862865448e-03
1.774526201188564301e-02
8.103832602500915527e-03
1.354537811130285263e-02
1.646065339446067810e-02
1.722406409680843353e-02
2.229761704802513123e-02
1.973426342010498047e-02
2.922318875789642334e-02
8.955130353569984436e-03
5.432700272649526596e-03
1.706675626337528229e-02
2.026017382740974426e-02
1.656768284738063812e-02
2.757785283029079437e-02
1.164636760950088501e-02
1.098313741385936737e-02
1.838336698710918427e-02
2.544855698943138123e-02
6.910336669534444809e-03
3.128376230597496033e-02
1.581552252173423767e-02
1.447956822812557220e-02
9.761499240994453430e-03
2.566451951861381531e-02
1.160746999084949493e-02
9.737522341310977936e-03
8.165223523974418640e-03
1.903487183153629303e-02
8.861411362886428833e-03
2.142728865146636963e-02
1.967808976769447327e-02
1.885764673352241516e-02
7.422036956995725632e-03
8.287589997053146362e-03
2.409736812114715576e-02
2.572668157517910004e-02
8.779186755418777466e-03
2.221788465976715088e-02
1.599008403718471527e-02
1.324233692139387131e-02
1.493214350193738937e-02
1.339478790760040283e-02
1.262096595019102097e-02
2.338211052119731903e-02
1.257685944437980652e-02
1.180925220251083374e-02
1.621478423476219177e-02
9.305730462074279785e-03
8.000848814845085144e-03
1.029583625495433807e-02
9.230528026819229126e-03
1.948475092649459839e-02
5.898619070649147034e-03
1.020836085081100464e-02
1.489929016679525375e-02
6.990277674049139023e-03
4.894533660262823105e-03
8.976912125945091248e-03
1.690295152366161346e-02
2.264813706278800964e-02
1.319357939064502716e-02
2.909594401717185974e-02
1.843980327248573303e-02
1.992054469883441925e-02
9.154217317700386047e-03
1.937622949481010437e-02
1.534059550613164902e-02
2.792195044457912445e-02
1.539628859609365463e-02
2.189174294471740723e-02
2.387353405356407166e-02
2.430935576558113098e-02
1.737531833350658417e-02
1.187339238822460175e-02
1.445740647614002228e-02
9.481575340032577515e-03
2.943423949182033539e-02
1.792196929454803467e-02
1.116827130317687988e-02
1.081585790961980820e-02
1.992874406278133392e-02
1.507811620831489563e-02
1.479064486920833588e-02
1.879707723855972290e-02
2.256685122847557068e-02
1.933299563825130463e-02
1.579053699970245361e-02
7.441618945449590683e-03
1.730420812964439392e-02
1.341484114527702332e-02
1.573326438665390015e-02
2.522395178675651550e-02
2.673695236444473267e-02
9.895345196127891541e-03
1.202545873820781708e-02
2.545841597020626068e-02
2.321333251893520355e-02
1.194653194397687912e-02
1.978793367743492126e-02
9.839009493589401245e-03
1.822806335985660553e-02
8.781927637755870819e-03
6.239060312509536743e-03
8.296912536025047302e-03
1.807816326618194580e-02
1.504436414688825607e-02
1.541536953300237656e-02
2.653614804148674011e-02
2.187632024288177490e-02
1.169857662171125412e-02
1.002313103526830673e-02
2.128180488944053650e-02
1.263159327208995819e-02
1.506873499602079391e-02
1.151843555271625519e-02
8.550900965929031372e-03
1.278827618807554245e-02
1.322865765541791916e-02
7.317077368497848511e-03
9.796844795346260071e-03
2.180612646043300629e-02
2.406161651015281677e-02
1.274099014699459076e-02
2.093899250030517578e-02
2.191058360040187836e-02
2.171726152300834656e-02
1.459123473614454269e-02
1.637476682662963867e-02
1.016607321798801422e-02
2.130524441599845886e-02
9.723971597850322723e-03
2.662965655326843262e-02
9.389700368046760559e-03
1.579637080430984497e-02
2.597588673233985901e-02
1.220772415399551392e-02
1.363913621753454208e-02
2.275016531348228455e-02
1.272250991314649582e-02
6.262488197535276413e-03
1.551662199199199677e-02
7.724626921117305756e-03
1.326127909123897552e-02
1.742275618016719818e-02
2.887791767716407776e-02
1.134998258203268051e-02
5.254314746707677841e-03
5.610486492514610291e-03
1.316068600863218307e-02
9.423113428056240082e-03
1.537651382386684418e-02
1.548425666987895966e-02
1.475454773753881454e-02
1.416913419961929321e-02
8.779915049672126770e-03
2.867783606052398682e-02
1.190151553601026535e-02
2.539595775306224823e-02
5.612385924905538559e-03
2.257968112826347351e-02
8.677555248141288757e-03
7.854163646697998047e-03
1.744546741247177124e-02
1.379299908876419067e-02
1.427130401134490967e-02
1.140494644641876221e-02
9.461596608161926270e-03
1.286079175770282745e-02
2.403963729739189148e-02
1.045363023877143860e-02
1.356765069067478180e-02
1.588888652622699738e-02
7.784879766404628754e-03
1.668475195765495300e-02
6.107618566602468491e-03
1.170622836798429489e-02
1.972315087914466858e-02
1.894484832882881165e-02
1.248830929398536682e-02
1.637679710984230042e-02
1.471639610826969147e-02
1.156192272901535034e-02
1.369889266788959503e-02
2.436085045337677002e-02
1.839223876595497131e-02
2.683790586888790131e-02
8.232138119637966156e-03
1.248152460902929306e-02
2.596267126500606537e-02
1.332413218915462494e-02
1.148446463048458099e-02
1.265424489974975586e-02
1.466823183000087738e-02
2.276937663555145264e-02
6.783834658563137054e-03
1.610248908400535583e-02
2.887129783630371094e-02
2.839095145463943481e-02
1.861159503459930420e-02
9.048406034708023071e-03
2.750941365957260132e-02
1.213511079549789429e-02
1.841810904443264008e-02
3.003634139895439148e-02
6.514522247016429901e-03
1.733401231467723846e-02
1.162928342819213867e-02
2.335341274738311768e-02
8.697463199496269226e-03
1.106674037873744965e-02
8.220287039875984192e-03
1.443144120275974274e-02
9.574374184012413025e-03
1.857631281018257141e-02
8.696809411048889160e-03
2.222242206335067749e-02
1.749136298894882202e-02
1.282056421041488647e-02
1.058004796504974365e-02
1.490941643714904785e-02
8.301402442157268524e-03
1.731846481561660767e-02
1.398945599794387817e-02
1.421401556581258774e-02
8.084313943982124329e-03
2.120599150657653809e-02
1.031587366014719009e-02
7.727762684226036072e-03
1.536589022725820541e-02
1.972576603293418884e-02
1.677222177386283875e-02
9.207329712808132172e-03
1.152983121573925018e-02
1.385580748319625854e-02
1.245715841650962830e-02
1.398102007806301117e-02
1.158963516354560852e-02
1.168007589876651764e-02
1.662280596792697906e-02
3.161061927676200867e-02
4.576296545565128326e-03
1.165812462568283081e-02
2.870832942426204681e-02
1.044023036956787109e-02
1.241055410355329514e-02
1.172887813299894333e-02
1.486694067716598511e-02
1.422022283077239990e-02
2.093615755438804626e-02
1.397287379950284958e-02
1.507095806300640106e-02
1.579026505351066589e-02
1.097721140831708908e-02
2.711334638297557831e-02
3.127947077155113220e-02
1.989650167524814606e-02
3.074413165450096130e-02
1.460855826735496521e-02
1.218443922698497772e-02
1.282988302409648895e-02
2.164105698466300964e-02
1.901132985949516296e-02
1.152780652046203613e-02
5.410940852016210556e-03
1.617118529975414276e-02
1.880751363933086395e-02
1.639202050864696503e-02
9.753200225532054901e-03
1.002070680260658264e-02
3.362601250410079956e-02
2.590532600879669189e-02
1.564458012580871582e-02
1.164333336055278778e-02
6.783462129533290863e-03
1.873003691434860229e-02
2.074460498988628387e-02
1.955848559737205505e-02
1.847486943006515503e-02
1.641939207911491394e-02
1.299765147268772125e-02
2.060826122760772705e-02
2.812159061431884766e-02
8.485255762934684753e-03
1.373485010117292404e-02
1.102017611265182495e-02
1.070752739906311035e-02
1.014451868832111359e-02
7.067562546581029892e-03
4.080531653016805649e-03
2.113611251115798950e-02
1.383831631392240524e-02
1.855960860848426819e-02
1.444416493177413940e-02
1.327102817595005035e-02
1.582453958690166473e-02
1.780080422759056091e-02
1.552732102572917938e-02
8.841849863529205322e-03
1.759207993745803833e-02
1.824198849499225616e-02
1.626923680305480957e-02
2.030088938772678375e-02
8.206533268094062805e-03
1.010333374142646790e-02
1.947233825922012329e-02
2.262832038104534149e-02
1.291420217603445053e-02
2.417685650289058685e-02
1.041355542838573456e-02
1.875673048198223114e-02
1.670757308602333069e-02
1.094649732112884521e-02
2.237094566226005554e-02
2.328883856534957886e-02
1.766455918550491333e-02
1.373559609055519104e-02
1.275739818811416626e-02
1.277637667953968048e-02
1.412730291485786438e-02
9.188904426991939545e-03
1.108321361243724823e-02
3.387861698865890503e-02
1.166669558733701706e-02
1.764640957117080688e-02
1.517635956406593323e-02
1.737444289028644562e-02
1.245022192597389221e-02
2.960401773452758789e-02
1.095243822783231735e-02
1.289520412683486938e-02
1.530613657087087631e-02
2.497139573097229004e-02
8.388708345592021942e-03
9.020484983921051025e-03
2.148951590061187744e-02
9.187454357743263245e-03
9.510342031717300415e-03
2.394377253949642181e-02
1.366283651441335678e-02
1.469780039042234421e-02
1.299081277102231979e-02
1.594742015004158020e-02
1.623554155230522156e-02
3.152946382761001587e-02
1.747537776827812195e-02
2.071430534124374390e-02
7.053540553897619247e-03
7.488177623599767685e-03
3.115258179605007172e-02
1.012725662440061569e-02
8.182235062122344971e-03
1.866930723190307617e-02
9.996272623538970947e-03
9.268230758607387543e-03
1.152351126074790955e-02
1.828266307711601257e-02
1.866918802261352539e-02
1.332375220954418182e-02
1.999993994832038879e-02
1.448032818734645844e-02
1.257137022912502289e-02
1.732204109430313110e-02
1.033384911715984344e-02
1.574012637138366699e-02
1.651601493358612061e-02
2.209988050162792206e-02
1.293505169451236725e-02
1.803686097264289856e-02
1.451318711042404175e-02
1.525834761559963226e-02
1.588586717844009399e-02
1.719120331108570099e-02
1.634775474667549133e-02
1.636228337883949280e-02
1.793033257126808167e-02
1.785257831215858459e-02
1.895515993237495422e-02
1.479558926075696945e-02
9.896015748381614685e-03
1.718751713633537292e-02
1.852887123823165894e-02
5.813944153487682343e-03
1.351669710129499435e-02
8.844379335641860962e-03
1.192986965179443359e-02
1.010138820856809616e-02
2.148830890655517578e-02
1.718570850789546967e-02
1.186124421656131744e-02
1.657076552510261536e-02
4.384244792163372040e-03
1.751133427023887634e-02
1.320522557944059372e-02
1.212617196142673492e-02
2.667177096009254456e-02
7.686406373977661133e-03
1.544815301895141602e-02
1.335329376161098480e-02
1.803006790578365326e-02
1.298473309725522995e-02
2.096062526106834412e-02
1.586722768843173981e-02
1.138413883745670319e-02
1.502092462033033371e-02
9.590456262230873108e-03
1.603372767567634583e-02
1.275140792131423950e-02
1.833494007587432861e-02
1.470578648149967194e-02
1.039585284888744354e-02
1.074253767728805542e-02
1.689152978360652924e-02
1.437699049711227417e-02
9.916400536894798279e-03
1.500853709876537323e-02
9.165677241981029510e-03
9.789473377168178558e-03
1.539022289216518402e-02
1.879993639886379242e-02
1.140395551919937134e-02
1.652221754193305969e-02
2.266116440296173096e-02
2.745750173926353455e-02
1.084899064153432846e-02
1.583687402307987213e-02
1.130863185971975327e-02
9.877624921500682831e-03
1.775736734271049500e-02
1.110722124576568604e-02
1.945963129401206970e-02
7.786667905747890472e-03
1.617926172912120819e-02
1.144056022167205811e-02
2.148015424609184265e-02
2.162628993391990662e-02
1.655864343047142029e-02
1.584536395967006683e-02
2.653717994689941406e-02
2.090223878622055054e-02
1.373120956122875214e-02
2.055646292865276337e-02
1.795748621225357056e-02
1.218052953481674194e-02
1.563261076807975769e-02
1.459051296114921570e-02
1.630538143217563629e-02
1.525224745273590088e-02
2.095027640461921692e-02
2.518091350793838501e-02
1.071274653077125549e-02
1.858228072524070740e-02
1.259888522326946259e-02
7.379499264061450958e-03
1.563566550612449646e-02
1.754202693700790405e-02
1.022996846586465836e-02
7.969012483954429626e-03
1.131503470242023468e-02
1.246313564479351044e-02
1.984742656350135803e-02
9.920191019773483276e-03
1.118974667042493820e-02
2.146722376346588135e-02
1.738920621573925018e-02
1.681640371680259705e-02
9.703660383820533752e-03
2.472205460071563721e-02
1.032105274498462677e-02
1.838576421141624451e-02
1.248958706855773926e-02
1.522326376289129257e-02
1.813086122274398804e-02
3.317841142416000366e-02
1.252978853881359100e-02
1.491701509803533554e-02
1.758172735571861267e-02
1.355799287557601929e-02
1.695041358470916748e-02
1.432914193719625473e-02
1.989345252513885498e-02
1.982802897691726685e-02
1.018723845481872559e-02
1.448511146008968353e-02
1.584586873650550842e-02
1.231952197849750519e-02
2.092226967215538025e-02
1.597659289836883545e-02
2.938451990485191345e-02
3.272480517625808716e-02
1.404729019850492477e-02
9.685321711003780365e-03
6.986066699028015137e-03
2.360179275274276733e-02
2.668952755630016327e-02
1.390824280679225922e-02
1.547279953956604004e-02
2.379146218299865723e-02
8.656829595565795898e-03
1.902399770915508270e-02
1.277144998311996460e-02
1.817604713141918182e-02
1.420993637293577194e-02
1.295083388686180115e-02
1.659367978572845459e-02
1.081090606749057770e-02
1.685096882283687592e-02
1.298239827156066895e-02
1.215276867151260376e-02
8.573835715651512146e-03
1.447574608027935028e-02
1.874583214521408081e-02
2.158363722264766693e-02
1.741386204957962036e-02
2.599516324698925018e-02
7.995508611202239990e-03
2.427350729703903198e-02
1.496968977153301239e-02
2.636058256030082703e-02
2.059850469231605530e-02
1.641977950930595398e-02
1.181782782077789307e-02
1.709537580609321594e-02
6.970549002289772034e-03
1.378765702247619629e-02
1.730856671929359436e-02
8.507287129759788513e-03
8.638003841042518616e-03
3.308054059743881226e-02
1.788714528083801270e-02
1.552186813205480576e-02
1.554150041192770004e-02
1.021966710686683655e-02
1.737476140260696411e-02
1.119845267385244370e-02
8.676393888890743256e-03
1.521214842796325684e-02
2.248506247997283936e-02
1.553372852504253387e-02
1.039010751992464066e-02
9.541040286421775818e-03
1.411965768784284592e-02
1.096792519092559814e-02
1.410883478820323944e-02
1.208819448947906494e-02
1.666789129376411438e-02
1.285708136856555939e-02
1.168642379343509674e-02
1.859484612941741943e-02
1.808108203113079071e-02
1.643937081098556519e-02
1.751486584544181824e-02
2.596415206789970398e-02
8.966203778982162476e-03
5.579338874667882919e-03
9.131621569395065308e-03
2.644246630370616913e-02
1.502281427383422852e-02
1.230108179152011871e-02
2.365401387214660645e-02
2.259323000907897949e-02
1.396628748625516891e-02
1.097091287374496460e-02
1.279252022504806519e-02
3.580346703529357910e-02
1.562124304473400116e-02
1.846864819526672363e-02
1.392471604049205780e-02
2.220895886421203613e-02
7.297272793948650360e-03
2.072146162390708923e-02
1.393396779894828796e-02
1.747716031968593597e-02
1.733281463384628296e-02
9.728009812533855438e-03
1.312015764415264130e-02
1.659020781517028809e-02
1.340684853494167328e-02
1.478135958313941956e-02
1.355483662337064743e-02
1.244374644011259079e-02
1.489275135099887848e-02
1.684236899018287659e-02
1.010454352945089340e-02
1.094587426632642746e-02
1.795153692364692688e-02
2.763396129012107849e-02
1.724221184849739075e-02
1.389483921229839325e-02
1.535000931471586227e-02
1.270173676311969757e-02
1.583252660930156708e-02
1.061234157532453537e-02
1.941498927772045135e-02
1.328364387154579163e-02
1.451915036886930466e-02
3.251054883003234863e-02
1.792720332741737366e-02
1.701291278004646301e-02
1.600176468491554260e-02
1.689866930246353149e-02
1.307367812842130661e-02
1.213829498738050461e-02
1.407481264322996140e-02
2.199420891702175140e-02
9.758094325661659241e-03
1.960972324013710022e-02
2.239177934825420380e-02
1.282830350100994110e-02
2.067594230175018311e-02
1.387353800237178802e-02
7.678372319787740707e-03
7.123677991330623627e-03
4.808427300304174423e-03
1.589279063045978546e-02
2.883565239608287811e-02
1.085551828145980835e-02
1.985789090394973755e-02
1.105404179543256760e-02
1.004221849143505096e-02
1.280864328145980835e-02
2.183900028467178345e-02
2.119025401771068573e-02
1.340156607329845428e-02
1.022979151457548141e-02
1.406870596110820770e-02
1.907438412308692932e-02
9.412167593836784363e-03
2.041535452008247375e-02
2.505910396575927734e-02
1.641512289643287659e-02
5.016578827053308487e-03
1.922059431672096252e-02
2.548509836196899414e-02
7.235269993543624878e-03
2.386075258255004883e-02
1.716363057494163513e-02
6.812401115894317627e-03
1.918575912714004517e-02
1.084061898291110992e-02
3.214051574468612671e-02
1.457615010440349579e-02
1.577448099851608276e-02
2.074670605361461639e-02
1.409130077809095383e-02
1.620107144117355347e-02
8.389314636588096619e-03
1.136675756424665451e-02
1.912203058600425720e-02
1.961753889918327332e-02
1.497431099414825439e-02
1.126573979854583740e-02
2.188664674758911133e-02
8.911944925785064697e-03
2.455353736877441406e-02
1.207101345062255859e-02
1.890334114432334900e-02
2.145686745643615723e-02
1.039109937846660614e-02
1.944635808467864990e-02
1.354654692113399506e-02
1.668358407914638519e-02
2.592112123966217041e-02
1.953779533505439758e-02
1.175532676279544830e-02
2.618591114878654480e-02
6.495255045592784882e-03
1.074147969484329224e-02
1.407393347471952438e-02
1.336627081036567688e-02
1.877528801560401917e-02
2.343065105378627777e-02
1.824957691133022308e-02
1.325224619358778000e-02
1.388525776565074921e-02
2.350075915455818176e-02
1.446576695889234543e-02
1.179680880159139633e-02
1.854560524225234985e-02
9.832611307501792908e-03
1.335547119379043579e-02
1.099879480898380280e-02
1.692702621221542358e-02
2.551757171750068665e-02
2.300461381673812866e-02
1.846503280103206635e-02
9.076157584786415100e-03
2.438270114362239838e-02
1.104121934622526169e-02
7.596844341605901718e-03
1.668178662657737732e-02
1.743927225470542908e-02
1.553663052618503571e-02
1.371099799871444702e-02
1.180551201105117798e-02
2.459691092371940613e-02
1.054155360907316208e-02
1.273864787071943283e-02
1.251075789332389832e-02
2.029189281165599823e-02
1.087059639394283295e-02
2.600799128413200378e-02
1.904194615781307220e-02
2.445152960717678070e-02
1.837969385087490082e-02
1.602623425424098969e-02
5.923644639551639557e-03
1.182011701166629791e-02
1.314069330692291260e-02
1.131098903715610504e-02
6.567973177880048752e-03
2.153936028480529785e-02
1.818441599607467651e-02
1.550711505115032196e-02
1.135928183794021606e-02
1.167832314968109131e-02
9.681494906544685364e-03
1.458876393735408783e-02
7.791239768266677856e-03
1.006912160664796829e-02
1.554352696985006332e-02
1.445956807583570480e-02
1.759081892669200897e-02
1.130671426653862000e-02
1.038319803774356842e-02
1.832758262753486633e-02
1.668682321906089783e-02
1.838471926748752594e-02
3.070530854165554047e-02
1.524920761585235596e-02
1.715089380741119385e-02
8.031348697841167450e-03
9.544529952108860016e-03
1.116276346147060394e-02
1.567503437399864197e-02
7.933782413601875305e-03
1.257213763892650604e-02
6.236990913748741150e-03
1.155090145766735077e-02
9.103772230446338654e-03
1.509763579815626144e-02
2.510078251361846924e-02
2.517744898796081543e-02
3.226763010025024414e-02
1.225668471306562424e-02
2.264478057622909546e-02
8.379289880394935608e-03
1.951245963573455811e-02
7.507081143558025360e-03
2.348327636718750000e-02
8.747832849621772766e-03
1.661124452948570251e-02
2.098195254802703857e-02
2.189814113080501556e-02
1.207182556390762329e-02
1.925239711999893188e-02
1.322761178016662598e-02
1.943961717188358307e-02
1.826149225234985352e-02
1.230071112513542175e-02
1.651952415704727173e-02
1.715510711073875427e-02
2.446542307734489441e-02
1.629841327667236328e-02
2.250926010310649872e-02
1.553114783018827438e-02
1.284123025834560394e-02
1.645562797784805298e-02
1.187093555927276611e-02
1.413547620177268982e-02
1.165892928838729858e-02
2.343375235795974731e-02
1.219098828732967377e-02
1.442625187337398529e-02
2.527784928679466248e-02
2.208352088928222656e-02
8.874799124896526337e-03
1.137218624353408813e-02
1.128513645380735397e-02
7.514507975429296494e-03
1.549726631492376328e-02
1.268776319921016693e-02
2.514373883605003357e-02
1.488260459154844284e-02
1.626531779766082764e-02
1.119848340749740601e-02
1.030221395194530487e-02
1.360332034528255463e-02
1.715703122317790985e-02
1.902558282017707825e-02
1.630517654120922089e-02
1.064367033541202545e-02
2.541555278003215790e-02
1.865082420408725739e-02
1.743881963193416595e-02
2.000208757817745209e-02
1.497213542461395264e-02
1.451005041599273682e-02
1.455215364694595337e-02
5.276761949062347412e-03
1.024801097810268402e-02
1.029070280492305756e-02
1.260559260845184326e-02
9.072040207684040070e-03
1.041933149099349976e-02
1.629451662302017212e-02
8.672661148011684418e-03
1.239879429340362549e-02
1.683849282562732697e-02
1.654280722141265869e-02
1.579408906400203705e-02
1.046781614422798157e-02
1.666573807597160339e-02
8.950562216341495514e-03
1.937332749366760254e-02
7.574696093797683716e-03
1.421864330768585205e-02
9.825047105550765991e-03
1.003368385136127472e-02
1.463304460048675537e-02
9.443374350666999817e-03
8.947285823523998260e-03
1.718080602586269379e-02
1.141695212572813034e-02
2.249686792492866516e-02
1.106782909482717514e-02
1.502816192805767059e-02
1.350032538175582886e-02
1.264581084251403809e-02
1.428948622196912766e-02
1.593895256519317627e-02
1.082827430218458176e-02
1.321800239384174347e-02
7.411008235067129135e-03
1.152067445218563080e-02
2.986211329698562622e-02
2.787583880126476288e-02
1.774486340582370758e-02
2.732747420668601990e-02
2.399680763483047485e-02
1.696935668587684631e-02
1.297863014042377472e-02
1.034520287066698074e-02
1.351255923509597778e-02
1.127573102712631226e-02
9.350582025945186615e-03
7.028421387076377869e-03
1.512746792286634445e-02
1.120147388428449631e-02
1.579575054347515106e-02
1.558734290301799774e-02
1.291672419756650925e-02
1.127408631145954132e-02
1.609386876225471497e-02
2.486655116081237793e-02
1.765632256865501404e-02
1.333675906062126160e-02
3.166657686233520508e-02
1.743685640394687653e-02
1.639278605580329895e-02
1.554552279412746429e-02
2.625499665737152100e-02
1.858879625797271729e-02
1.008869055658578873e-02
1.682461798191070557e-02
1.584241352975368500e-02
1.530529744923114777e-02
1.682264730334281921e-02
1.602774113416671753e-02
1.187874004244804382e-02
1.613702438771724701e-02
1.018333621323108673e-02
1.616141200065612793e-02
2.180506847798824310e-02
1.459900196641683578e-02
1.294709742069244385e-02
1.206078007817268372e-02
1.232294738292694092e-02
1.234553661197423935e-02
2.437431737780570984e-02
1.023793220520019531e-02
6.422848906368017197e-03
1.543607097119092941e-02
2.315262332558631897e-02
7.163672707974910736e-03
2.201380394399166107e-02
1.722659356892108917e-02
1.603078097105026245e-02
2.997201308608055115e-02
1.491215080022811890e-02
1.103769987821578979e-02
9.878398850560188293e-03
7.843988016247749329e-03
1.243804581463336945e-02
9.476716630160808563e-03
1.448760461062192917e-02
8.099829778075218201e-03
1.300263311713933945e-02
2.476646564900875092e-02
1.410018559545278549e-02
1.085674762725830078e-02
1.516355760395526886e-02
1.068174652755260468e-02
1.026653870940208435e-02
1.949610933661460876e-02
1.010106690227985382e-02
1.066203229129314423e-02
1.784415729343891144e-02
1.434455066919326782e-02
1.206021569669246674e-02
1.102947071194648743e-02
1.736814901232719421e-02
1.441320776939392090e-02
1.636005751788616180e-02
1.419493369758129120e-02
1.396092772483825684e-02
1.146974042057991028e-02
1.760648563504219055e-02
1.344579830765724182e-02
2.364273741841316223e-02
1.142888702452182770e-02
1.491731964051723480e-02
1.741794310510158539e-02
8.993721567094326019e-03
1.653295196592807770e-02
1.118288002908229828e-02
2.364649996161460876e-02
1.126220077276229858e-02
2.291370555758476257e-02
1.688042283058166504e-02
2.191632054746150970e-02
1.069923304021358490e-02
1.583813317120075226e-02
1.607848517596721649e-02
1.465162448585033417e-02
1.757594756782054901e-02
2.135454490780830383e-02
1.377284713089466095e-02
2.515183947980403900e-02
1.750550791621208191e-02
1.626380905508995056e-02
1.226561889052391052e-02
1.238611713051795959e-02
1.423948071897029877e-02
1.643596589565277100e-02
1.557482033967971802e-02
1.367603149265050888e-02
1.466179452836513519e-02
1.884311065077781677e-02
1.362616103142499924e-02
1.144625060260295868e-02
2.426467649638652802e-02
2.161378227174282074e-02
2.219530194997787476e-02
7.106225937604904175e-03
1.855498552322387695e-02
1.008007582277059555e-02
2.522223256528377533e-02
6.578521803021430969e-03
1.066869031637907028e-02
1.206742413341999054e-02
1.057405024766921997e-02
1.682040467858314514e-02
1.765133626759052277e-02
1.667206361889839172e-02
1.681877113878726959e-02
1.609794422984123230e-02
1.402552984654903412e-02
1.358337700366973877e-02
1.594567485153675079e-02
1.015921682119369507e-02
2.157023549079895020e-02
7.973253726959228516e-03
9.648136794567108154e-03
8.962014690041542053e-03
1.615726947784423828e-02
1.040732767432928085e-02
1.113455276936292648e-02
1.416886039078235626e-02
1.734178885817527771e-02
1.551020424813032150e-02
1.621774956583976746e-02
1.039101835340261459e-02
9.735064581036567688e-03
1.941101439297199249e-02
1.858194544911384583e-02
1.610811799764633179e-02
1.059076003730297089e-02
1.524497848004102707e-02
1.334687881171703339e-02
1.345384493470191956e-02
1.419996656477451324e-02
1.608822308480739594e-02
1.704886369407176971e-02
1.276450883597135544e-02
1.230668090283870697e-02
1.401015184819698334e-02
1.511909347027540207e-02
1.778641343116760254e-02
5.573829635977745056e-03
1.202691532671451569e-02
1.342215947806835175e-02
1.169218681752681732e-02
1.551459264010190964e-02
1.775582693517208099e-02
1.724085770547389984e-02
1.018655486404895782e-02
1.828350871801376343e-02
2.642739377915859222e-02
1.311215199530124664e-02
1.597311347723007202e-02
2.211385779082775116e-02
9.384906850755214691e-03
1.205002516508102417e-02
2.639546617865562439e-02
9.601661935448646545e-03
1.229584217071533203e-02
2.000323683023452759e-02
2.182088606059551239e-02
2.057275362312793732e-02
1.820446923375129700e-02
2.050497941672801971e-02
1.590956747531890869e-02
1.502800267189741135e-02
1.763757131993770599e-02
2.154735475778579712e-02
3.088600561022758484e-02
1.835062354803085327e-02
2.317979559302330017e-02
2.293103560805320740e-02
1.512345112860202789e-02
1.838616095483303070e-02
1.478639990091323853e-02
2.030725963413715363e-02
1.416545268148183823e-02
1.058620773255825043e-02
1.084124203771352768e-02
1.626596972346305847e-02
1.704491302371025085e-02
9.807620197534561157e-03
8.621918037533760071e-03
1.546562742441892624e-02
1.779605634510517120e-02
1.913408562541007996e-02
1.538683380931615829e-02
1.343926321715116501e-02
1.041608117520809174e-02
1.154407113790512085e-02
1.067796628922224045e-02
1.480359863489866257e-02
3.127416223287582397e-02
1.574550755321979523e-02
1.462361123412847519e-02
1.510671060532331467e-02
2.564445510506629944e-02
1.374157425016164780e-02
2.278194390237331390e-02
1.930258236825466156e-02
9.909047745168209076e-03
2.329441532492637634e-02
1.714869774878025055e-02
1.728490367531776428e-02
1.328357495367527008e-02
2.134742401540279388e-02
1.835685782134532928e-02
1.234246790409088135e-02
1.254834048449993134e-02
2.352403104305267334e-02
8.498346433043479919e-03
1.029044017195701599e-02
6.968446075916290283e-03
8.369527757167816162e-03
6.663834676146507263e-03
1.334821712225675583e-02
2.364747226238250732e-02
1.185754965990781784e-02
1.520673744380474091e-02
1.622142270207405090e-02
1.407847087830305099e-02
7.116717752069234848e-03
1.885074190795421600e-02
1.479820068925619125e-02
8.918748237192630768e-03
2.386141568422317505e-02
1.461436785757541656e-02
2.216185256838798523e-02
1.518886070698499680e-02
8.325623348355293274e-03
1.211946457624435425e-02
1.216641068458557129e-02
5.391420796513557434e-03
1.592039130628108978e-02
1.131900772452354431e-02
1.211344450712203979e-02
1.724504493176937103e-02
7.371982093900442123e-03
1.450975425541400909e-02
1.426189392805099487e-02
7.730273529887199402e-03
1.151212584227323532e-02
1.999520137906074524e-02
1.666854321956634521e-02
1.421025674790143967e-02
9.843303821980953217e-03
5.154936108738183975e-03
1.692223176360130310e-02
1.217224821448326111e-02
1.213936321437358856e-02
1.930022239685058594e-02
1.131607871502637863e-02
1.186680048704147339e-02
1.407609414309263229e-02
9.078700095415115356e-03
7.854036055505275726e-03
2.354289591312408447e-02
8.732125163078308105e-03
1.323382556438446045e-02
1.417123526334762573e-02
8.785516023635864258e-03
8.142931386828422546e-03
9.880336932837963104e-03
2.053980156779289246e-02
1.794391870498657227e-02
8.176890201866626740e-03
9.538758546113967896e-03
1.619588956236839294e-02
2.250736951828002930e-02
1.505951397120952606e-02
1.037996169179677963e-02
1.181010901927947998e-02
1.729214005172252655e-02
1.817564480006694794e-02
1.116413250565528870e-02
1.479250472038984299e-02
1.778669655323028564e-02
2.097941935062408447e-02
1.602993160486221313e-02
8.698940277099609375e-03
1.890488713979721069e-02
1.412676274776458740e-02
1.377266179770231247e-02
2.153795957565307617e-02
1.168511062860488892e-02
1.753428950905799866e-02
1.156380306929349899e-02
1.944689266383647919e-02
8.647586219012737274e-03
8.291622623801231384e-03
1.661188155412673950e-02
2.498053014278411865e-02
1.784547418355941772e-02
1.083800941705703735e-02
1.790129207074642181e-02
2.790061756968498230e-02
1.237013749778270721e-02
8.530007675290107727e-03
6.701260339468717575e-03
1.132564246654510498e-02
1.081983558833599091e-02
2.534027025103569031e-02
2.364932000637054443e-02
1.474867202341556549e-02
1.291901618242263794e-02
1.618291251361370087e-02
1.217987947165966034e-02
2.319753170013427734e-02
2.237744629383087158e-02
1.676604151725769043e-02
1.155932527035474777e-02
2.819911949336528778e-02
1.042907126247882843e-02
1.294158026576042175e-02
9.336860850453376770e-03
8.259814232587814331e-03
1.857902854681015015e-02
9.353911504149436951e-03
1.588815078139305115e-02
1.329596154391765594e-02
3.228903561830520630e-02
1.791513338685035706e-02
2.480325102806091309e-02
1.380213629454374313e-02
1.381239108741283417e-02
1.139380224049091339e-02
1.336790621280670166e-02
1.869260892271995544e-02
7.830759510397911072e-03
1.668998599052429199e-02
2.422607503831386566e-02
9.212388657033443451e-03
1.676169037818908691e-02
1.405439805239439011e-02
2.799287065863609314e-02
1.550528965890407562e-02
1.262140274047851562e-02
1.272917352616786957e-02
1.859303377568721771e-02
1.030922494828701019e-02
1.699265092611312866e-02
2.258861623704433441e-02
1.566841267049312592e-02
1.452108286321163177e-02
1.541036553680896759e-02
2.295355871319770813e-02
1.656182110309600830e-02
2.026802487671375275e-02
1.451980881392955780e-02
1.395930536091327667e-02
1.686999760568141937e-02
1.427179388701915741e-02
1.391759328544139862e-02
1.426923461258411407e-02
2.257336303591728210e-02
1.210858207195997238e-02
1.673216558992862701e-02
9.084681980311870575e-03
1.506043039262294769e-02
7.664809934794902802e-03
1.883632689714431763e-02
1.368709467351436615e-02
2.187215536832809448e-02
6.516910623759031296e-03
1.607391983270645142e-02
1.043625175952911377e-02
1.155803352594375610e-02
1.942297443747520447e-02
1.276214700192213058e-02
2.444732934236526489e-02
1.266777794808149338e-02
1.346733793616294861e-02
1.605547964572906494e-02
2.187440916895866394e-02
1.339616905897855759e-02
1.490956358611583710e-02
4.929195158183574677e-03
2.346130833029747009e-02
2.175310812890529633e-02
1.347017101943492889e-02
1.613333448767662048e-02
1.511038653552532196e-02
1.532182842493057251e-02
6.678318139165639877e-03
2.164914086461067200e-02
1.666817069053649902e-02
6.213379558175802231e-03
1.900323107838630676e-02
1.073732785880565643e-02
1.375142484903335571e-02
1.434415858238935471e-02
1.522427238523960114e-02
1.369480602443218231e-02
1.723799295723438263e-02
1.266732346266508102e-02
1.085128635168075562e-02
2.784590981900691986e-02
1.960258930921554565e-02
1.463902276009321213e-02
1.443579327315092087e-02
1.062008365988731384e-02
1.159756910055875778e-02
7.760280277580022812e-03
9.789720177650451660e-03
1.329492591321468353e-02
1.438797079026699066e-02
1.051166467368602753e-02
6.665179040282964706e-03
1.534080691635608673e-02
1.980706676840782166e-02
7.351316511631011963e-03
1.512932777404785156e-02
2.145024202764034271e-02
1.368464343249797821e-02
5.479708313941955566e-03
1.524791400879621506e-02
1.096905302256345749e-02
1.204518508166074753e-02
1.035941112786531448e-02
1.176238991320133209e-02
1.326911151409149170e-02
2.217645570635795593e-02
1.438046991825103760e-02
9.002080187201499939e-03
2.604436688125133514e-02
1.017792429774999619e-02
1.345594041049480438e-02
2.295218780636787415e-02
2.674198150634765625e-02
1.619101315736770630e-02
1.445840857923030853e-02
6.470172666013240814e-03
1.041814312338829041e-02
6.921892054378986359e-03
1.052844058722257614e-02
1.380794774740934372e-02
2.283806167542934418e-02
1.691570878028869629e-02
7.091733627021312714e-03
2.942278981208801270e-02
2.311677485704421997e-02
1.714251935482025146e-02
1.381805818527936935e-02
1.049727760255336761e-02
1.178435515612363815e-02
1.189685147255659103e-02
1.123486645519733429e-02
1.323676854372024536e-02
9.302897378802299500e-03
2.446485683321952820e-02
1.161382999271154404e-02
7.162695284932851791e-03
1.218449883162975311e-02
1.055722124874591827e-02
1.630708947777748108e-02
1.837625540792942047e-02
4.153863992542028427e-03
2.487365528941154480e-02
1.884429901838302612e-02
1.013119891285896301e-02
1.623143814504146576e-02
1.496179960668087006e-02
1.000942848622798920e-02
1.976641081273555756e-02
7.344597019255161285e-03
2.450977824628353119e-02
2.293127030134201050e-02
2.019134536385536194e-02
1.183493714779615402e-02
2.084064111113548279e-02
1.348505355417728424e-02
1.068898569792509079e-02
2.190253511071205139e-02
1.538633555173873901e-02
7.399245165288448334e-03
1.541173271834850311e-02
1.968638226389884949e-02
1.611844822764396667e-02
2.011485025286674500e-02
1.307055167853832245e-02
2.353418432176113129e-02
1.587620005011558533e-02
1.888209395110607147e-02
1.592584699392318726e-02
1.859417185187339783e-02
2.344189584255218506e-02
1.258426904678344727e-02
2.322704903781414032e-02
7.797914557158946991e-03
1.585991494357585907e-02
1.387382112443447113e-02
6.810632999986410141e-03
9.474441409111022949e-03
1.514701824635267258e-02
7.501217536628246307e-03
1.191613264381885529e-02
1.958578266203403473e-02
1.329739578068256378e-02
1.108125131577253342e-02
1.453998219221830368e-02
1.072715874761343002e-02
8.949999697506427765e-03
1.081082783639431000e-02
1.671855524182319641e-02
1.968769729137420654e-02
2.335657179355621338e-02
2.408689074218273163e-02
8.519363589584827423e-03
9.789006784558296204e-03
1.203836034983396530e-02
8.869444020092487335e-03
1.920479536056518555e-02
1.038594916462898254e-02
9.974429383873939514e-03
2.273932658135890961e-02
8.839024230837821960e-03
1.403831224888563156e-02
2.009285055100917816e-02
1.786986738443374634e-02
1.107850298285484314e-02
1.250874996185302734e-02
1.214959751814603806e-02
2.948795817792415619e-02
7.004387676715850830e-03
1.445526443421840668e-02
3.436223417520523071e-02
1.837805286049842834e-02
2.562617883086204529e-02
2.161768637597560883e-02
8.413215167820453644e-03
3.102707117795944214e-02
2.679572626948356628e-02
1.101709436625242233e-02
1.524481177330017090e-02
8.521903306245803833e-03
1.669149473309516907e-02
1.763486117124557495e-02
1.803663372993469238e-02
2.595811337232589722e-02
1.276032440364360809e-02
2.165552973747253418e-02
1.142080407589673996e-02
1.177345216274261475e-02
7.441399153321981430e-03
1.458639185875654221e-02
3.614580258727073669e-03
1.397314295172691345e-02
1.096714567393064499e-02
2.131332829594612122e-02
1.985286548733711243e-02
3.500770777463912964e-02
1.607921905815601349e-02
2.844169363379478455e-02
8.538890630006790161e-03
1.522292196750640869e-02
1.750606298446655273e-02
2.470543049275875092e-02
2.070776931941509247e-02
1.275710016489028931e-02
1.828820630908012390e-02
1.126490533351898193e-02
1.660372689366340637e-02
1.381647121161222458e-02
2.701756730675697327e-02
8.381514810025691986e-03
1.501067355275154114e-02
1.819922216236591339e-02
1.321843080222606659e-02
1.735015213489532471e-02
1.168094947934150696e-02
1.377933658659458160e-02
1.481198053807020187e-02
6.905827671289443970e-03
2.179971896111965179e-02
1.207511685788631439e-02
3.147525247186422348e-03
1.833835244178771973e-02
1.399614941328763962e-02
8.498646318912506104e-03
1.589071005582809448e-02
1.020745933055877686e-02
1.862470805644989014e-02
1.290674041956663132e-02
7.632656022906303406e-03
1.102974079549312592e-02
1.781243458390235901e-02
1.240694336593151093e-02
7.852964103221893311e-03
2.826414257287979126e-02
1.141113415360450745e-02
1.161762513220310211e-02
2.001580968499183655e-02
1.333217695355415344e-02
1.805188506841659546e-02
6.783260963857173920e-03
1.092507690191268921e-02
1.242960523813962936e-02
1.155580393970012665e-02
1.575580984354019165e-02
1.508241798728704453e-02
9.870339184999465942e-03
1.245650462806224823e-02
1.413881778717041016e-02
1.123745553195476532e-02
1.081418618559837341e-02
8.863639086484909058e-03
8.111223578453063965e-03
1.023446395993232727e-02
7.233954034745693207e-03
8.687817491590976715e-03
1.785287633538246155e-02
2.071669884026050568e-02
1.013099029660224915e-02
1.804475113749504089e-02
1.337736286222934723e-02
9.862065315246582031e-03
1.300220470875501633e-02
1.207451336085796356e-02
2.838294021785259247e-02
1.793944835662841797e-02
1.450283266603946686e-02
1.183732133358716965e-02
2.597743831574916840e-02
7.715101819485425949e-03
1.419265847653150558e-02
2.907357178628444672e-02
1.809092611074447632e-02
1.242849510163068771e-02
6.756613962352275848e-03
1.261772215366363525e-02
1.889093033969402313e-02
1.525638531893491745e-02
1.578064076602458954e-02
1.197286695241928101e-02
1.269519235938787460e-02
1.942939870059490204e-02
1.307644229382276535e-02
1.904931291937828064e-02
7.357687689363956451e-03
2.296759746968746185e-02
1.992003992199897766e-02
1.354624889791011810e-02
1.529895700514316559e-02
2.274752222001552582e-02
2.749570831656455994e-02
7.603693753480911255e-03
1.696505770087242126e-02
1.358230039477348328e-02
1.388695649802684784e-02
1.104964315891265869e-02
1.270092464983463287e-02
1.898376271128654480e-02
9.313462302088737488e-03
1.113644987344741821e-02
2.023980394005775452e-02
7.081005256623029709e-03
1.459239423274993896e-02
1.436308305710554123e-02
